bsn;nummeraanduiding;brp_toegewezen
000009830;0622200000007170;ja
000009842;0622200000029039;ja
000009866;0622200000022782;ja
000009878;0622200000002638;ja
000009891;0622200000005370;ja
000009908;0622200000002916;ja
000009921;0622200000049266;ja
000009933;0622200000002897;ja
000009945;0622200000002902;ja
000009969;0622200000010507;ja
000009970;0622200000002895;ja
000009994;0622200000007300;ja
010082426;0622200000020003;ja
010245741;0622200000005563;ja
010755561;0622200000005563;ja
900194030;0622200000022961;ja
900194042;0622200000022962;ja
900194054;0622200000022961;ja
999000093;0622200000010067;ja
999000184;0622200000010069;ja
999000561;0622200000010063;ja
999000664;0622200000010063;ja
999000676;0622200000010067;ja
999000718;0622200000010061;ja
999000743;0622200000010065;ja
999000792;0622200000010061;ja
999000809;0622200000043246;ja
999000810;0622200000043246;ja
999000871;0622200000010060;ja
999000901;0622200000010050;ja
999000901;0622200000010058;ja
999000901;0622200000041802;ja
999000962;0622200000010056;ja
999001000;0622200000042609;ja
999001061;0622200000042609;ja
999001073;0622200000009925;ja
999001103;0622200000009924;ja
999001127;0622200000002719;ja
999001176;0622200000002720;ja
999001231;0622200000002720;ja
999001255;0622200000002722;ja
999001292;0622200000002727;ja
999001334;0622200000002727;ja
999001425;0622200000002728;ja
999001450;0622200000002728;ja
999001474;0622200000002611;ja
999001498;0622200000029175;ja
999001541;0622200000029175;ja
999001619;0622200000029048;ja
999001656;0622200000029046;ja
999001723;0622200000029044;ja
999001759;0622200000029044;ja
999001784;0622200000008170;ja
999001784;0622200000029040;ja
999001784;0622200000029042;ja
999001802;0622200000029038;ja
999001863;0622200000029038;ja
999001887;0622200000009921;ja
999001899;0622200000009917;ja
999001899;0622200000049024;ja
999001905;0622200000002721;ja
999001905;0622200000039436;ja
999001917;0622200000002723;ja
999002119;0622200000002724;ja
999002168;0622200000002725;ja
999002181;0622200000002725;ja
999002193;0622200000002726;ja
999002193;0622200000029034;ja
999002223;0622200000029027;ja
999002235;0622200000029022;ja
999002247;0622200000029022;ja
999002272;0622200000009245;ja
999002296;0622200000009244;ja
999002399;0622200000009242;ja
999002454;0622200000009242;ja
999002466;0622200000009240;ja
999002491;0622200000009240;ja
999002521;0622200000009238;ja
999002533;0622200000009236;ja
999002545;0622200000015539;ja
999002557;0622200000015539;ja
999002569;0622200000009227;ja
999002624;0622200000009227;ja
999002648;0622200000009229;ja
999002673;0622200000009231;ja
999002685;0622200000009233;ja
999002703;0622200000009926;ja
999002739;0622200000009923;ja
999002752;0622200000009923;ja
999002831;0622200000009920;ja
999002910;0622200000009920;ja
999002922;0622200000009918;ja
999002958;0622200000003997;ja
999002958;0622200000009907;ja
999002958;0622200000009909;ja
999002958;0622200000020458;ja
999003057;0622200000009905;ja
999003112;0622200000009905;ja
999003136;0622200000009904;ja
999003161;0622200000009900;ja
999003161;0622200000009902;ja
999003227;0622200000009897;ja
999003252;0622200000009897;ja
999003264;0622200000009892;ja
999003306;0622200000009889;ja
999003331;0622200000009888;ja
999003343;0622200000009888;ja
999003355;0622200000009761;ja
999003410;0622200000009758;ja
999003422;0622200000009756;ja
999003501;0622200000009756;ja
999003537;0622200000012877;ja
999003549;0622200000012877;ja
999003574;0622200000012876;ja
999003598;0622200000012876;ja
999003604;0622200000012875;ja
999003781;0622200000015515;ja
999003793;0622200000015516;ja
999003835;0622200000015517;ja
999003835;0622200000028702;ja
999003835;0622200000028704;ja
999003835;0622200000028706;ja
999003902;0622200000015518;ja
999003914;0622200000015518;ja
999003938;0622200000015519;ja
999003975;0622200000015521;ja
999003987;0622200000015521;ja
999003999;0622200000043232;ja
999004001;0622200000043232;ja
999004025;0622200000044494;ja
999004025;0622200000044495;ja
999004086;0622200000044494;ja
999004086;0622200000044495;ja
999004098;0622200000015527;ja
999004104;0622200000015527;ja
999004116;0622200000015529;ja
999004128;0622200000015529;ja
999004141;0622200000015530;ja
999004153;0622200000015530;ja
999004165;0622200000015531;ja
999004177;0622200000015531;ja
999004189;0622200000015532;ja
999004190;0622200000015532;ja
999004207;0622200000015533;ja
999004219;0622200000015534;ja
999004220;0622200000015535;ja
999004232;0622200000015536;ja
999004232;0622200000015537;ja
999004244;0622200000015536;ja
999004244;0622200000015537;ja
999004256;0622200000015537;ja
999004268;0622200000015537;ja
999004281;0622200000015538;ja
999004311;0622200000009239;ja
999004335;0622200000009241;ja
999004347;0622200000009243;ja
999004359;0622200000009246;ja
999004360;0622200000009246;ja
999004372;0622200000009248;ja
999004384;0622200000009248;ja
999004396;0622200000009256;ja
999004396;0622200000042773;ja
999004402;0622200000009256;ja
999004402;0622200000042773;ja
999004414;0622200000029015;ja
999004426;0622200000009893;ja
999004438;0622200000009894;ja
999004451;0622200000009895;ja
999004463;0622200000009896;ja
999004475;0622200000009898;ja
999004487;0622200000009899;ja
999004499;0622200000009901;ja
999004505;0622200000009903;ja
999004517;0622200000009906;ja
999004529;0622200000009908;ja
999004530;0622200000009908;ja
999004542;0622200000009911;ja
999004578;0622200000009912;ja
999004591;0622200000009913;ja
999004608;0622200000009913;ja
999004621;0622200000009915;ja
999004633;0622200000009254;ja
999004645;0622200000009254;ja
999004657;0622200000009252;ja
999004669;0622200000009250;ja
999004670;0622200000009249;ja
999004682;0622200000009890;ja
999004694;0622200000009890;ja
999004700;0622200000039446;ja
999004712;0622200000039446;ja
999004724;0622200000009887;ja
999004736;0622200000009886;ja
999004748;0622200000007418;ja
999004748;0622200000009885;ja
999004761;0622200000009762;ja
999004773;0622200000009762;ja
999004785;0622200000009760;ja
999004797;0622200000028707;ja
999004797;0622200000028837;ja
999004803;0622200000028848;ja
999004815;0622200000028848;ja
999004827;0622200000028850;ja
999004827;0622200000028851;ja
999004839;0622200000006451;ja
999004839;0622200000016422;ja
999004839;0622200000016423;ja
999004839;0622200000016424;ja
999004839;0622200000016898;ja
999004839;0622200000028062;ja
999004839;0622200000028064;ja
999004839;0622200000028855;ja
999004839;0622200000028856;ja
999004839;0622200000034826;ja
999004839;0622200000034827;ja
999004839;0622200000034831;ja
999004839;0622200000044579;ja
999004840;0622200000006451;ja
999004840;0622200000016422;ja
999004840;0622200000016423;ja
999004840;0622200000016424;ja
999004840;0622200000016898;ja
999004840;0622200000022850;ja
999004840;0622200000028062;ja
999004840;0622200000028064;ja
999004840;0622200000028855;ja
999004840;0622200000028856;ja
999004840;0622200000034826;ja
999004840;0622200000034827;ja
999004840;0622200000034831;ja
999004840;0622200000044579;ja
999004852;0622200000006451;ja
999004852;0622200000016422;ja
999004852;0622200000016423;ja
999004852;0622200000016424;ja
999004852;0622200000016898;ja
999004852;0622200000026861;ja
999004852;0622200000028062;ja
999004852;0622200000028064;ja
999004852;0622200000028855;ja
999004852;0622200000028856;ja
999004852;0622200000034826;ja
999004852;0622200000034827;ja
999004852;0622200000034831;ja
999004852;0622200000044579;ja
999004864;0622200000006451;ja
999004864;0622200000010246;ja
999004864;0622200000015528;ja
999004864;0622200000016422;ja
999004864;0622200000016423;ja
999004864;0622200000016424;ja
999004864;0622200000016898;ja
999004864;0622200000024768;ja
999004864;0622200000026178;ja
999004864;0622200000028062;ja
999004864;0622200000028064;ja
999004864;0622200000028855;ja
999004864;0622200000028856;ja
999004864;0622200000032564;ja
999004864;0622200000034826;ja
999004864;0622200000034827;ja
999004864;0622200000034831;ja
999004864;0622200000039163;ja
999004864;0622200000044579;ja
999004876;0622200000006451;ja
999004876;0622200000016422;ja
999004876;0622200000016423;ja
999004876;0622200000016424;ja
999004876;0622200000016898;ja
999004876;0622200000024768;ja
999004876;0622200000026178;ja
999004876;0622200000028062;ja
999004876;0622200000028064;ja
999004876;0622200000028855;ja
999004876;0622200000028856;ja
999004876;0622200000034826;ja
999004876;0622200000034827;ja
999004876;0622200000034831;ja
999004876;0622200000044579;ja
999004876;0622200000045121;ja
999004888;0622200000006451;ja
999004888;0622200000016422;ja
999004888;0622200000016423;ja
999004888;0622200000016424;ja
999004888;0622200000016898;ja
999004888;0622200000028062;ja
999004888;0622200000028064;ja
999004888;0622200000028855;ja
999004888;0622200000028856;ja
999004888;0622200000034826;ja
999004888;0622200000034827;ja
999004888;0622200000034831;ja
999004888;0622200000044579;ja
999004906;0622200000028844;ja
999004918;0622200000028702;ja
999004918;0622200000028704;ja
999004918;0622200000028706;ja
999004931;0622200000028702;ja
999004931;0622200000028704;ja
999004931;0622200000028706;ja
999004943;0622200000012280;ja
999004943;0622200000017791;ja
999004943;0622200000036266;ja
999004943;0622200000039324;ja
999004955;0622200000036266;ja
999004955;0622200000039324;ja
999004967;0622200000038642;ja
999004967;0622200000042839;ja
999004979;0622200000038642;ja
999004979;0622200000042839;ja
999004980;0622200000038642;ja
999004980;0622200000042839;ja
999004992;0622200000038642;ja
999004992;0622200000042839;ja
999005005;0622200000036267;ja
999005017;0622200000036267;ja
999005029;0622200000011672;ja
999005030;0622200000011672;ja
999005042;0622200000011826;ja
999005054;0622200000011826;ja
999005066;0622200000010373;ja
999005066;0622200000010499;ja
999005078;0622200000026440;ja
999005091;0622200000026440;ja
999005108;0622200000026311;ja
999005121;0622200000036610;ja
999005133;0622200000025986;ja
999005133;0622200000026118;ja
999005145;0622200000025986;ja
999005145;0622200000026118;ja
999005157;0622200000032136;ja
999005157;0622200000038855;ja
999005157;0622200000038973;ja
999005157;0622200000043104;ja
999005169;0622200000031235;ja
999005169;0622200000031242;ja
999005169;0622200000034503;ja
999005169;0622200000034504;ja
999005169;0622200000038820;ja
999005169;0622200000038976;ja
999005169;0622200000038977;ja
999005170;0622200000021320;ja
999005170;0622200000039588;ja
999005182;0622200000021320;ja
999005182;0622200000039588;ja
999005194;0622200000038855;ja
999005200;0622200000021317;ja
999005212;0622200000021317;ja
999005248;0622200000012400;ja
999005248;0622200000017790;ja
999005248;0622200000017793;ja
999005248;0622200000044969;ja
999005248;0622200000046278;ja
999005248;0622200000046279;ja
999005261;0622200000012400;ja
999005261;0622200000017790;ja
999005261;0622200000017793;ja
999005261;0622200000044969;ja
999005261;0622200000046278;ja
999005261;0622200000046279;ja
999005273;0622200000019737;ja
999005273;0622200000019738;ja
999005273;0622200000019740;ja
999005273;0622200000028392;ja
999005273;0622200000029013;ja
999005273;0622200000040413;ja
999005285;0622200000028392;ja
999005285;0622200000029013;ja
999005285;0622200000040413;ja
999005303;0622200000005070;ja
999005315;0622200000005072;ja
999005327;0622200000005072;ja
999005339;0622200000005075;ja
999005339;0622200000005077;ja
999005340;0622200000015686;ja
999005352;0622200000005361;ja
999005352;0622200000015686;ja
999005352;0622200000025886;ja
999005364;0622200000037543;ja
999005364;0622200000040270;ja
999005364;0622200000040271;ja
999005364;0622200000040272;ja
999005364;0622200000040273;ja
999005364;0622200000042184;ja
999005364;0622200000042185;ja
999005364;0622200000042186;ja
999005364;0622200000045828;ja
999005388;0622200000032055;ja
999005406;0622200000032055;ja
999005418;0622200000032056;ja
999005431;0622200000032058;ja
999005443;0622200000032058;ja
999005455;0622200000032059;ja
999005467;0622200000032059;ja
999005479;0622200000032060;ja
999005480;0622200000032060;ja
999005492;0622200000032061;ja
999005509;0622200000032062;ja
999005510;0622200000032063;ja
999005522;0622200000032064;ja
999005534;0622200000032065;ja
999005546;0622200000032065;ja
999005558;0622200000032065;ja
999005571;0622200000032066;ja
999005583;0622200000032066;ja
999005595;0622200000032067;ja
999005601;0622200000032068;ja
999005613;0622200000032069;ja
999005625;0622200000032069;ja
999005637;0622200000032070;ja
999005649;0622200000032193;ja
999005650;0622200000032194;ja
999005662;0622200000032195;ja
999005674;0622200000043233;ja
999005716;0622200000032196;ja
999005728;0622200000028861;ja
999005741;0622200000028861;ja
999005753;0622200000025987;ja
999005765;0622200000022808;ja
999005777;0622200000022933;ja
999005789;0622200000022933;ja
999005790;0622200000022935;ja
999005807;0622200000022935;ja
999005819;0622200000022936;ja
999005820;0622200000022936;ja
999005832;0622200000022937;ja
999005844;0622200000022937;ja
999005856;0622200000022938;ja
999005868;0622200000022940;ja
999005881;0622200000022940;ja
999005893;0622200000022941;ja
999005911;0622200000022942;ja
999005923;0622200000022943;ja
999005935;0622200000022944;ja
999005947;0622200000024539;ja
999005959;0622200000024539;ja
999005960;0622200000024540;ja
999005972;0622200000024540;ja
999005984;0622200000024541;ja
999005996;0622200000024669;ja
999006009;0622200000024669;ja
999006010;0622200000024670;ja
999006022;0622200000024670;ja
999006034;0622200000024671;ja
999006046;0622200000024671;ja
999006058;0622200000024672;ja
999006071;0622200000024672;ja
999006083;0622200000024673;ja
999006095;0622200000024673;ja
999006101;0622200000024674;ja
999006113;0622200000024674;ja
999006125;0622200000024675;ja
999006137;0622200000024675;ja
999006149;0622200000024676;ja
999006150;0622200000024676;ja
999006162;0622200000024677;ja
999006174;0622200000024677;ja
999006186;0622200000024533;ja
999006198;0622200000024533;ja
999006204;0622200000024534;ja
999006216;0622200000024534;ja
999006228;0622200000024535;ja
999006241;0622200000024535;ja
999006253;0622200000024536;ja
999006265;0622200000024536;ja
999006277;0622200000024537;ja
999006289;0622200000024537;ja
999006290;0622200000024538;ja
999006307;0622200000024538;ja
999006319;0622200000024683;ja
999006319;0622200000038280;ja
999006320;0622200000024683;ja
999006320;0622200000038280;ja
999006332;0622200000024682;ja
999006332;0622200000038281;ja
999006344;0622200000024682;ja
999006344;0622200000038281;ja
999006356;0622200000019997;ja
999006356;0622200000024681;ja
999006368;0622200000019997;ja
999006368;0622200000024681;ja
999006381;0622200000024680;ja
999006393;0622200000024680;ja
999006411;0622200000024679;ja
999006423;0622200000024679;ja
999006435;0622200000024678;ja
999006447;0622200000024678;ja
999006459;0622200000019873;ja
999006459;0622200000032772;ja
999006460;0622200000019873;ja
999006502;0622200000009234;ja
999006617;0622200000035743;ja
999006630;0622200000035735;ja
999006642;0622200000035728;ja
999006654;0622200000035740;ja
999006654;0622200000035746;ja
999006666;0622200000035740;ja
999006666;0622200000035746;ja
999006691;0622200000009118;ja
999006691;0622200000011402;ja
999006691;0622200000035734;ja
999006721;0622200000035732;ja
999006721;0622200000035878;ja
999006733;0622200000035730;ja
999006733;0622200000035877;ja
999006757;0622200000035726;ja
999006757;0622200000036229;ja
999006757;0622200000043659;ja
999006757;0622200000046843;ja
999006769;0622200000003734;ja
999006769;0622200000019197;ja
999006770;0622200000042192;ja
999006782;0622200000042192;ja
999006800;0622200000006975;ja
999006812;0622200000010364;ja
999006824;0622200000010366;ja
999006836;0622200000005600;ja
999006836;0622200000010356;ja
999006836;0622200000026180;ja
999006836;0622200000032275;ja
999006836;0622200000032277;ja
999006836;0622200000032278;ja
999006848;0622200000038949;ja
999006861;0622200000038949;ja
999006873;0622200000046683;ja
999006885;0622200000046683;ja
999006897;0622200000041862;ja
999006903;0622200000010357;ja
999006915;0622200000010357;ja
999006927;0622200000010511;ja
999006939;0622200000010511;ja
999006940;0622200000010513;ja
999006952;0622200000010513;ja
999006964;0622200000037041;ja
999006976;0622200000037041;ja
999006988;0622200000037042;ja
999007002;0622200000037043;ja
999007014;0622200000037043;ja
999007026;0622200000037044;ja
999007038;0622200000037044;ja
999007051;0622200000037045;ja
999007063;0622200000037046;ja
999007075;0622200000037046;ja
999007087;0622200000037047;ja
999007099;0622200000037047;ja
999007105;0622200000037048;ja
999007117;0622200000037048;ja
999007129;0622200000037049;ja
999007130;0622200000037049;ja
999007142;0622200000037050;ja
999007154;0622200000037050;ja
999007166;0622200000037051;ja
999007178;0622200000037051;ja
999007191;0622200000037052;ja
999007208;0622200000037053;ja
999007221;0622200000037053;ja
999007233;0622200000037054;ja
999007245;0622200000037054;ja
999007257;0622200000035744;ja
999007269;0622200000035744;ja
999007270;0622200000035745;ja
999007282;0622200000035745;ja
999007294;0622200000035875;ja
999007300;0622200000035876;ja
999007312;0622200000035876;ja
999007324;0622200000035878;ja
999007336;0622200000035879;ja
999007348;0622200000035879;ja
999007361;0622200000035880;ja
999007373;0622200000035880;ja
999007385;0622200000036227;ja
999007397;0622200000036227;ja
999007403;0622200000036228;ja
999007415;0622200000036228;ja
999007427;0622200000037039;ja
999007439;0622200000037039;ja
999007440;0622200000036745;ja
999007452;0622200000010359;ja
999007464;0622200000026442;ja
999007476;0622200000026442;ja
999007488;0622200000026443;ja
999007506;0622200000026443;ja
999007506;0622200000038357;ja
999007518;0622200000026443;ja
999007531;0622200000026443;ja
999007555;0622200000005354;ja
999007567;0622200000041801;ja
999007579;0622200000041801;ja
999007580;0622200000028692;ja
999007592;0622200000028692;ja
999007609;0622200000038958;ja
999007610;0622200000038958;ja
999007622;0622200000028695;ja
999007634;0622200000028694;ja
999007658;0622200000028699;ja
999007683;0622200000025828;ja
999007695;0622200000025829;ja
999007701;0622200000025829;ja
999007725;0622200000026320;ja
999007737;0622200000010358;ja
999007749;0622200000010362;ja
999007750;0622200000011815;ja
999007750;0622200000011816;ja
999007750;0622200000012217;ja
999007762;0622200000002612;ja
999007774;0622200000002612;ja
999007786;0622200000005384;ja
999007798;0622200000005382;ja
999007804;0622200000025824;ja
999007816;0622200000025823;ja
999007816;0622200000025824;ja
999007828;0622200000010355;ja
999007841;0622200000042704;ja
999007853;0622200000042704;ja
999007889;0622200000005590;ja
999007890;0622200000039359;ja
999007907;0622200000039359;ja
999007919;0622200000039360;ja
999007920;0622200000039361;ja
999007932;0622200000008179;ja
999007932;0622200000039361;ja
999007944;0622200000039362;ja
999007968;0622200000039364;ja
999007981;0622200000039364;ja
999008006;0622200000039364;ja
999008018;0622200000039364;ja
999008031;0622200000039365;ja
999008031;0622200000039512;ja
999008043;0622200000025959;ja
999008067;0622200000039366;ja
999008079;0622200000039437;ja
999008092;0622200000011817;ja
999008109;0622200000011817;ja
999008110;0622200000038691;ja
999008122;0622200000038691;ja
999008134;0622200000038692;ja
999008146;0622200000038692;ja
999008158;0622200000038693;ja
999008171;0622200000038694;ja
999008201;0622200000038696;ja
999008213;0622200000038696;ja
999008225;0622200000038827;ja
999008237;0622200000038827;ja
999008249;0622200000038828;ja
999008250;0622200000038828;ja
999008262;0622200000038829;ja
999008274;0622200000038829;ja
999008286;0622200000038830;ja
999008298;0622200000038830;ja
999008304;0622200000038831;ja
999008316;0622200000038832;ja
999008328;0622200000038832;ja
999008341;0622200000038833;ja
999008353;0622200000038833;ja
999008365;0622200000038834;ja
999008377;0622200000038835;ja
999008389;0622200000038836;ja
999008390;0622200000038836;ja
999008407;0622200000038837;ja
999008419;0622200000038838;ja
999008420;0622200000038838;ja
999008432;0622200000038839;ja
999008444;0622200000038840;ja
999008456;0622200000038840;ja
999008468;0622200000038841;ja
999008481;0622200000038842;ja
999008493;0622200000038843;ja
999008511;0622200000038844;ja
999008523;0622200000015520;ja
999008535;0622200000015520;ja
999008547;0622200000002645;ja
999008559;0622200000002645;ja
999008560;0622200000016432;ja
999008572;0622200000016432;ja
999008584;0622200000028864;ja
999008596;0622200000011676;ja
999008602;0622200000011802;ja
999008614;0622200000011802;ja
999008626;0622200000011802;ja
999008638;0622200000011804;ja
999008651;0622200000011804;ja
999008663;0622200000027080;ja
999008663;0622200000028849;ja
999008675;0622200000041804;ja
999008675;0622200000041860;ja
999008687;0622200000041804;ja
999008687;0622200000041860;ja
999008699;0622200000016297;ja
999008705;0622200000005582;ja
999008717;0622200000005584;ja
999008729;0622200000005584;ja
999008730;0622200000039438;ja
999008742;0622200000039328;ja
999008754;0622200000039328;ja
999008766;0622200000010361;ja
999008778;0622200000005388;ja
999008791;0622200000005386;ja
999008808;0622200000005601;ja
999008808;0622200000024569;ja
999008821;0622200000005602;ja
999008845;0622200000038239;ja
999008857;0622200000005603;ja
999008869;0622200000011809;ja
999008870;0622200000011812;ja
999008882;0622200000011812;ja
999008894;0622200000040063;ja
999008900;0622200000005598;ja
999008912;0622200000005599;ja
999008924;0622200000005078;ja
999008936;0622200000005078;ja
999008961;0622200000037702;ja
999008973;0622200000029005;ja
999008985;0622200000029004;ja
999008997;0622200000038685;ja
999009011;0622200000038685;ja
999009023;0622200000038686;ja
999009047;0622200000038687;ja
999009059;0622200000038687;ja
999009060;0622200000038688;ja
999009072;0622200000038688;ja
999009084;0622200000038689;ja
999009096;0622200000038689;ja
999009114;0622200000038690;ja
999009126;0622200000029035;ja
999009138;0622200000029035;ja
999009151;0622200000036590;ja
999009163;0622200000038240;ja
999009175;0622200000038241;ja
999009187;0622200000038241;ja
999009199;0622200000036590;ja
999009199;0622200000038242;ja
999009205;0622200000013906;ja
999009205;0622200000028874;ja
999009217;0622200000028873;ja
999009229;0622200000028873;ja
999009230;0622200000009260;ja
999009230;0622200000018512;ja
999009242;0622200000009260;ja
999009242;0622200000018512;ja
999009254;0622200000009262;ja
999009266;0622200000009262;ja
999009278;0622200000005403;ja
999009291;0622200000005403;ja
999009308;0622200000005401;ja
999009321;0622200000005401;ja
999009333;0622200000016478;ja
999009333;0622200000042309;ja
999009333;0622200000042723;ja
999009357;0622200000039423;ja
999009369;0622200000039424;ja
999009370;0622200000039424;ja
999009382;0622200000039425;ja
999009394;0622200000039425;ja
999009400;0622200000039426;ja
999009412;0622200000039426;ja
999009424;0622200000039427;ja
999009436;0622200000039428;ja
999009448;0622200000039428;ja
999009461;0622200000039429;ja
999009473;0622200000039429;ja
999009485;0622200000039430;ja
999009497;0622200000039430;ja
999009503;0622200000002614;ja
999009503;0622200000029512;ja
999009503;0622200000042269;ja
999009515;0622200000002614;ja
999009515;0622200000029512;ja
999009515;0622200000042269;ja
999009527;0622200000016431;ja
999009539;0622200000016429;ja
999009540;0622200000029010;ja
999009552;0622200000029009;ja
999009564;0622200000028853;ja
999009564;0622200000030704;ja
999009576;0622200000029031;ja
999009588;0622200000029031;ja
999009606;0622200000029029;ja
999009618;0622200000016713;ja
999009618;0622200000029029;ja
999009643;0622200000025964;ja
999009643;0622200000025965;ja
999009655;0622200000025964;ja
999009655;0622200000025965;ja
999009667;0622200000038646;ja
999009679;0622200000038646;ja
999009680;0622200000044308;ja
999009709;0622200000038471;ja
999009710;0622200000038471;ja
999009722;0622200000038470;ja
999009734;0622200000006967;ja
999009746;0622200000006967;ja
999009758;0622200000006967;ja
999009771;0622200000009264;ja
999009783;0622200000009264;ja
999009795;0622200000038230;ja
999009801;0622200000038230;ja
999009813;0622200000038231;ja
999009825;0622200000038231;ja
999009837;0622200000038233;ja
999009849;0622200000038233;ja
999009850;0622200000029020;ja
999009862;0622200000009257;ja
999009862;0622200000009258;ja
999009862;0622200000009259;ja
999009874;0622200000025818;ja
999009886;0622200000011915;ja
999009886;0622200000013102;ja
999009886;0622200000036216;ja
999009886;0622200000038894;ja
999009886;0622200000041154;ja
999009886;0622200000044614;ja
999009886;0622200000044615;ja
999009886;0622200000046291;ja
999009886;0622200000046292;ja
999009886;0622200000046293;ja
999009886;0622200000047706;ja
999009886;0622200000049047;ja
999009886;0622200000049048;ja
999009898;0622200000011915;ja
999009898;0622200000013102;ja
999009898;0622200000036216;ja
999009898;0622200000038894;ja
999009898;0622200000041154;ja
999009898;0622200000044614;ja
999009898;0622200000044615;ja
999009898;0622200000046291;ja
999009898;0622200000046292;ja
999009898;0622200000046293;ja
999009898;0622200000047706;ja
999009898;0622200000049047;ja
999009898;0622200000049048;ja
999009904;0622200000011915;ja
999009904;0622200000013102;ja
999009904;0622200000036216;ja
999009904;0622200000038894;ja
999009904;0622200000041154;ja
999009904;0622200000044614;ja
999009904;0622200000044615;ja
999009904;0622200000046291;ja
999009904;0622200000046292;ja
999009904;0622200000046293;ja
999009904;0622200000047706;ja
999009904;0622200000049047;ja
999009904;0622200000049048;ja
999009928;0622200000038474;ja
999009941;0622200000038474;ja
999009953;0622200000040269;ja
999009965;0622200000040269;ja
999009977;0622200000027811;ja
999009977;0622200000028852;ja
999009977;0622200000034490;ja
999009977;0622200000045158;ja
999009989;0622200000028854;ja
999009990;0622200000010370;ja
999010001;0622200000011830;ja
999010013;0622200000047695;ja
999010025;0622200000040894;ja
999010037;0622200000029017;ja
999010049;0622200000029018;ja
999010050;0622200000006446;ja
999010050;0622200000024399;ja
999010062;0622200000006446;ja
999010062;0622200000024399;ja
999010074;0622200000005349;ja
999010074;0622200000024400;ja
999010086;0622200000005607;ja
999010086;0622200000005608;ja
999010098;0622200000005610;ja
999010104;0622200000005605;ja
999010104;0622200000026314;ja
999010116;0622200000005606;ja
999010128;0622200000005103;ja
999010128;0622200000005106;ja
999010128;0622200000010522;ja
999010128;0622200000040245;ja
999010141;0622200000040246;ja
999010153;0622200000016617;ja
999010153;0622200000016618;ja
999010153;0622200000037544;ja
999010153;0622200000040247;ja
999010165;0622200000016617;ja
999010165;0622200000016618;ja
999010165;0622200000037544;ja
999010165;0622200000040247;ja
999010177;0622200000040249;ja
999010189;0622200000040259;ja
999010190;0622200000040260;ja
999010190;0622200000040261;ja
999010207;0622200000035289;ja
999010207;0622200000049056;ja
999010219;0622200000035289;ja
999010219;0622200000049056;ja
999010232;0622200000040250;ja
999010244;0622200000033101;ja
999010244;0622200000040251;ja
999010256;0622200000006824;ja
999010256;0622200000014287;ja
999010256;0622200000014288;ja
999010256;0622200000020991;ja
999010256;0622200000033591;ja
999010256;0622200000038524;ja
999010256;0622200000038809;ja
999010256;0622200000038810;ja
999010256;0622200000038811;ja
999010256;0622200000038812;ja
999010256;0622200000038813;ja
999010256;0622200000038814;ja
999010256;0622200000038815;ja
999010256;0622200000038816;ja
999010256;0622200000038817;ja
999010256;0622200000041113;ja
999010256;0622200000046319;ja
999010268;0622200000038524;ja
999010268;0622200000038809;ja
999010268;0622200000038810;ja
999010268;0622200000038811;ja
999010268;0622200000038812;ja
999010268;0622200000038813;ja
999010268;0622200000038814;ja
999010268;0622200000038815;ja
999010268;0622200000038816;ja
999010268;0622200000038817;ja
999010268;0622200000046319;ja
999010281;0622200000041113;ja
999010293;0622200000041058;ja
999010311;0622200000041058;ja
999010323;0622200000041059;ja
999010335;0622200000041059;ja
999010347;0622200000041061;ja
999010359;0622200000041060;ja
999010360;0622200000026315;ja
999010372;0622200000026317;ja
999010384;0622200000026317;ja
999010396;0622200000026319;ja
999010402;0622200000026319;ja
999010414;0622200000026441;ja
999010438;0622200000041158;ja
999010463;0622200000008038;ja
999010463;0622200000041160;ja
999010463;0622200000049016;ja
999010475;0622200000008038;ja
999010475;0622200000041160;ja
999010475;0622200000049016;ja
999010487;0622200000041161;ja
999010499;0622200000041201;ja
999010529;0622200000025976;ja
999010530;0622200000025976;ja
999010542;0622200000025977;ja
999010554;0622200000025977;ja
999010566;0622200000023138;ja
999010578;0622200000023140;ja
999010591;0622200000023140;ja
999010608;0622200000009914;ja
999010621;0622200000009914;ja
999010633;0622200000009916;ja
999010645;0622200000009916;ja
999010657;0622200000015736;ja
999010657;0622200000022264;ja
999010657;0622200000022271;ja
999010657;0622200000026144;ja
999010657;0622200000029750;ja
999010657;0622200000039303;ja
999010657;0622200000042753;ja
999010669;0622200000015736;ja
999010669;0622200000022264;ja
999010669;0622200000022271;ja
999010669;0622200000026144;ja
999010669;0622200000029750;ja
999010669;0622200000039303;ja
999010669;0622200000042753;ja
999010670;0622200000025975;ja
999010682;0622200000038477;ja
999010694;0622200000040252;ja
999010700;0622200000038277;ja
999010712;0622200000023130;ja
999010724;0622200000023130;ja
999010736;0622200000033186;ja
999010748;0622200000006978;ja
999010761;0622200000040870;ja
999010773;0622200000007001;ja
999010785;0622200000007001;ja
999010785;0622200000042174;ja
999010797;0622200000036752;ja
999010803;0622200000036752;ja
999010815;0622200000007161;ja
999010827;0622200000022803;ja
999010827;0622200000022804;ja
999010839;0622200000040266;ja
999010840;0622200000041806;ja
999010852;0622200000041806;ja
999010864;0622200000041805;ja
999010876;0622200000003984;ja
999010876;0622200000041805;ja
999010888;0622200000040393;ja
999010906;0622200000040394;ja
999010918;0622200000040394;ja
999010943;0622200000023105;ja
999010955;0622200000023105;ja
999010967;0622200000007139;ja
999010992;0622200000042171;ja
999011005;0622200000019207;ja
999011005;0622200000019209;ja
999011017;0622200000039415;ja
999011029;0622200000042270;ja
999011030;0622200000042267;ja
999011042;0622200000042267;ja
999011054;0622200000042268;ja
999011078;0622200000042289;ja
999011108;0622200000011671;ja
999011121;0622200000006986;ja
999011133;0622200000006983;ja
999011145;0622200000034090;ja
999011145;0622200000042099;ja
999011157;0622200000034090;ja
999011157;0622200000042099;ja
999011169;0622200000029033;ja
999011182;0622200000038198;ja
999011194;0622200000038645;ja
999011200;0622200000038645;ja
999011212;0622200000005594;ja
999011303;0622200000042708;ja
999011303;0622200000043657;ja
999011315;0622200000042709;ja
999011315;0622200000043658;ja
999011340;0622200000019190;ja
999011352;0622200000019190;ja
999011364;0622200000019190;ja
999011388;0622200000036766;ja
999011388;0622200000036769;ja
999011406;0622200000043077;ja
999011418;0622200000043077;ja
999011431;0622200000043078;ja
999011443;0622200000009235;ja
999011455;0622200000009235;ja
999011467;0622200000009237;ja
999011479;0622200000010048;ja
999011480;0622200000010049;ja
999011534;0622200000013969;ja
999011534;0622200000013970;ja
999011534;0622200000023114;ja
999011534;0622200000023115;ja
999011534;0622200000023791;ja
999011534;0622200000028979;ja
999011534;0622200000038285;ja
999011546;0622200000029012;ja
999011571;0622200000011976;ja
999011583;0622200000006449;ja
999011583;0622200000022899;ja
999011595;0622200000006450;ja
999011595;0622200000022107;ja
999011601;0622200000019063;ja
999011613;0622200000020019;ja
999011613;0622200000027421;ja
999011625;0622200000020019;ja
999011625;0622200000027421;ja
999011637;0622200000044594;ja
999011649;0622200000044592;ja
999011650;0622200000044592;ja
999011662;0622200000044593;ja
999011674;0622200000039269;ja
999011686;0622200000040244;ja
999011698;0622200000030940;ja
999011698;0622200000037544;ja
999011704;0622200000044309;ja
999011704;0622200000044310;ja
999011704;0622200000044311;ja
999011704;0622200000044312;ja
999011704;0622200000044313;ja
999011704;0622200000044314;ja
999011704;0622200000044315;ja
999011704;0622200000044974;ja
999011716;0622200000025798;ja
999011716;0622200000025799;ja
999011728;0622200000028869;ja
999011741;0622200000045426;ja
999011753;0622200000045427;ja
999011765;0622200000045431;ja
999011777;0622200000045429;ja
999011789;0622200000045429;ja
999011790;0622200000045428;ja
999011807;0622200000045430;ja
999011819;0622200000045430;ja
999011820;0622200000045434;ja
999011832;0622200000045433;ja
999011844;0622200000041305;ja
999011844;0622200000045432;ja
999011856;0622200000045436;ja
999011868;0622200000045436;ja
999011881;0622200000045435;ja
999011893;0622200000045435;ja
999011911;0622200000045438;ja
999011923;0622200000045438;ja
999011935;0622200000045437;ja
999011947;0622200000045437;ja
999011959;0622200000045494;ja
999011960;0622200000045494;ja
999011972;0622200000012882;ja
999011972;0622200000012883;ja
999011984;0622200000028877;ja
999011996;0622200000028877;ja
999012009;0622200000046346;ja
999012010;0622200000046346;ja
999012022;0622200000046347;ja
999012034;0622200000025962;ja
999012058;0622200000011669;ja
999012071;0622200000005395;ja
999012083;0622200000005395;ja
999012095;0622200000005393;ja
999012101;0622200000005393;ja
999012113;0622200000046295;ja
999012125;0622200000005586;ja
999012137;0622200000011801;ja
999012149;0622200000011801;ja
999012150;0622200000011803;ja
999012162;0622200000029006;ja
999012174;0622200000029006;ja
999012186;0622200000029007;ja
999012198;0622200000020000;ja
999012204;0622200000020000;ja
999012216;0622200000045147;ja
999012228;0622200000045148;ja
999012241;0622200000045148;ja
999012253;0622200000023104;ja
999012265;0622200000023104;ja
999012277;0622200000047695;ja
999012289;0622200000047697;ja
999012290;0622200000047696;ja
999012307;0622200000049057;ja
999012319;0622200000049057;ja
999012320;0622200000047817;ja
999012332;0622200000047816;ja
999012344;0622200000045372;ja
999012356;0622200000045371;ja
999012368;0622200000045371;ja
999012381;0622200000025974;ja
999012381;0622200000048359;ja
999012393;0622200000048360;ja
999012411;0622200000048360;ja
999012423;0622200000037930;ja
999012435;0622200000019352;ja
999012447;0622200000036750;ja
999012447;0622200000048814;ja
999012459;0622200000048815;ja
999012460;0622200000048815;ja
999012472;0622200000048816;ja
999012484;0622200000048816;ja
999012496;0622200000048817;ja
999012502;0622200000048817;ja
999012514;0622200000022565;ja
999012514;0622200000028845;ja
999012514;0622200000028846;ja
999012526;0622200000022565;ja
999012526;0622200000028845;ja
999012526;0622200000028846;ja
999012538;0622200000023139;ja
999012538;0622200000047826;ja
999012551;0622200000023139;ja
999012551;0622200000047826;ja
999012563;0622200000047827;ja
999012575;0622200000047827;ja
999012587;0622200000032685;ja
999012599;0622200000024617;ja
999012599;0622200000032682;ja
999012605;0622200000024617;ja
999012605;0622200000032682;ja
999012617;0622200000024618;ja
999012629;0622200000024618;ja
999012630;0622200000024620;ja
999012642;0622200000024750;ja
999012654;0622200000024754;ja
999012666;0622200000024754;ja
999012678;0622200000007325;ja
999012691;0622200000009711;ja
999012691;0622200000009715;ja
999012708;0622200000009711;ja
999012708;0622200000009715;ja
999012721;0622200000029872;ja
999012733;0622200000029872;ja
999012745;0622200000029870;ja
999012757;0622200000029870;ja
999012769;0622200000029868;ja
999012770;0622200000029866;ja
999012782;0622200000029866;ja
999012794;0622200000027416;ja
999012800;0622200000027416;ja
999012812;0622200000027418;ja
999012824;0622200000027414;ja
999012836;0622200000027414;ja
999012848;0622200000027412;ja
999012861;0622200000027412;ja
999012873;0622200000009543;ja
999012873;0622200000009545;ja
999012873;0622200000017862;ja
999012885;0622200000009543;ja
999012885;0622200000009545;ja
999012885;0622200000017862;ja
999012897;0622200000009543;ja
999012897;0622200000009545;ja
999012903;0622200000009543;ja
999012903;0622200000009545;ja
999012915;0622200000027431;ja
999012927;0622200000027431;ja
999012939;0622200000027427;ja
999012939;0622200000027429;ja
999012939;0622200000035384;ja
999012940;0622200000012482;ja
999012940;0622200000012495;ja
999012940;0622200000027427;ja
999012940;0622200000027429;ja
999012940;0622200000035384;ja
999012952;0622200000027424;ja
999012964;0622200000027424;ja
999013361;0622200000011602;ja
999013361;0622200000039296;ja
999013373;0622200000011605;ja
999013385;0622200000011605;ja
999013397;0622200000011607;ja
999013403;0622200000011607;ja
999013415;0622200000033116;ja
999013427;0622200000033116;ja
999013452;0622200000033141;ja
999013464;0622200000033141;ja
999013476;0622200000033139;ja
999013488;0622200000033139;ja
999013506;0622200000032498;ja
999013518;0622200000032505;ja
999013531;0622200000032505;ja
999013543;0622200000032506;ja
999013555;0622200000032507;ja
999013567;0622200000032509;ja
999013579;0622200000032511;ja
999013580;0622200000032511;ja
999013592;0622200000032513;ja
999013609;0622200000032513;ja
999013610;0622200000032515;ja
999013622;0622200000032515;ja
999013634;0622200000032516;ja
999013646;0622200000032517;ja
999013658;0622200000032519;ja
999013671;0622200000032519;ja
999013683;0622200000033262;ja
999013695;0622200000033262;ja
999013701;0622200000026467;ja
999013713;0622200000026467;ja
999013725;0622200000026466;ja
999013725;0622200000049035;ja
999013737;0622200000026466;ja
999013737;0622200000049035;ja
999013749;0622200000032496;ja
999013749;0622200000033267;ja
999013750;0622200000032496;ja
999013750;0622200000033267;ja
999013762;0622200000033265;ja
999013774;0622200000033265;ja
999013786;0622200000033263;ja
999013798;0622200000033142;ja
999013804;0622200000033142;ja
999013816;0622200000041811;ja
999013828;0622200000041811;ja
999013841;0622200000026450;ja
999013853;0622200000026451;ja
999013865;0622200000026452;ja
999013877;0622200000026452;ja
999013889;0622200000026453;ja
999013890;0622200000026453;ja
999013907;0622200000026454;ja
999013919;0622200000026454;ja
999013920;0622200000026465;ja
999013932;0622200000026465;ja
999013944;0622200000038612;ja
999013956;0622200000038612;ja
999013968;0622200000029920;ja
999013981;0622200000029920;ja
999013993;0622200000029923;ja
999014006;0622200000029923;ja
999014018;0622200000029926;ja
999014031;0622200000029926;ja
999014043;0622200000038985;ja
999014055;0622200000038985;ja
999014067;0622200000029932;ja
999014079;0622200000029932;ja
999014080;0622200000033278;ja
999014092;0622200000033278;ja
999014109;0622200000038227;ja
999014110;0622200000038227;ja
999014122;0622200000038227;ja
999014134;0622200000033275;ja
999014146;0622200000033280;ja
999014158;0622200000033271;ja
999014171;0622200000033271;ja
999014183;0622200000033269;ja
999014195;0622200000032504;ja
999014201;0622200000032504;ja
999014213;0622200000014436;ja
999014225;0622200000014436;ja
999014237;0622200000014436;ja
999014249;0622200000032514;ja
999014250;0622200000032514;ja
999014262;0622200000032518;ja
999014274;0622200000032521;ja
999014286;0622200000032521;ja
999014298;0622200000032523;ja
999014304;0622200000032523;ja
999014316;0622200000029946;ja
999014328;0622200000029951;ja
999014341;0622200000029951;ja
999014353;0622200000030084;ja
999014365;0622200000030084;ja
999014377;0622200000014294;ja
999014389;0622200000014297;ja
999014390;0622200000014297;ja
999014407;0622200000014298;ja
999014419;0622200000014298;ja
999014420;0622200000014440;ja
999014432;0622200000014442;ja
999014444;0622200000032522;ja
999014456;0622200000032522;ja
999014468;0622200000029924;ja
999014481;0622200000029924;ja
999014511;0622200000029927;ja
999014523;0622200000004643;ja
999014535;0622200000004641;ja
999014547;0622200000004641;ja
999014559;0622200000005913;ja
999014559;0622200000005915;ja
999014559;0622200000036909;ja
999014559;0622200000036911;ja
999014559;0622200000046124;ja
999014559;0622200000046741;ja
999014559;0622200000046742;ja
999014560;0622200000046124;ja
999014560;0622200000046741;ja
999014560;0622200000046742;ja
999014584;0622200000004638;ja
999014584;0622200000004639;ja
999014596;0622200000004632;ja
999014602;0622200000030103;ja
999014614;0622200000030248;ja
999014626;0622200000030250;ja
999014626;0622200000030252;ja
999014626;0622200000030254;ja
999014651;0622200000032501;ja
999014651;0622200000032520;ja
999014663;0622200000026457;ja
999014675;0622200000030098;ja
999014687;0622200000030098;ja
999014699;0622200000030104;ja
999014705;0622200000030104;ja
999014717;0622200000038986;ja
999014729;0622200000042790;ja
999014729;0622200000042791;ja
999014730;0622200000042790;ja
999014730;0622200000042791;ja
999014742;0622200000030081;ja
999014742;0622200000045019;ja
999014754;0622200000028283;ja
999014766;0622200000028283;ja
999014778;0622200000028290;ja
999014791;0622200000028290;ja
999014808;0622200000014105;ja
999014821;0622200000014105;ja
999014833;0622200000028292;ja
999014845;0622200000028292;ja
999014857;0622200000028296;ja
999014869;0622200000028296;ja
999014870;0622200000028419;ja
999014882;0622200000028419;ja
999014894;0622200000028421;ja
999014900;0622200000028421;ja
999014912;0622200000023941;ja
999014924;0622200000038286;ja
999014936;0622200000038286;ja
999014948;0622200000023930;ja
999014961;0622200000023930;ja
999014973;0622200000012593;ja
999014973;0622200000030113;ja
999014985;0622200000014452;ja
999014997;0622200000014452;ja
999015011;0622200000014451;ja
999015011;0622200000029526;ja
999015023;0622200000014450;ja
999015035;0622200000014450;ja
999015047;0622200000014445;ja
999015059;0622200000014443;ja
999015059;0622200000014444;ja
999015059;0622200000033425;ja
999015060;0622200000028129;ja
999015072;0622200000028129;ja
999015084;0622200000028132;ja
999015096;0622200000028132;ja
999015102;0622200000028135;ja
999015114;0622200000028262;ja
999015114;0622200000034486;ja
999015151;0622200000013975;ja
999015163;0622200000013973;ja
999015175;0622200000013973;ja
999015187;0622200000013971;ja
999015199;0622200000013971;ja
999015205;0622200000013972;ja
999015217;0622200000013972;ja
999015229;0622200000023772;ja
999015230;0622200000030091;ja
999015254;0622200000038988;ja
999015266;0622200000038988;ja
999015473;0622200000006626;ja
999015485;0622200000006624;ja
999015497;0622200000006624;ja
999015503;0622200000006622;ja
999015515;0622200000006622;ja
999015527;0622200000006620;ja
999015539;0622200000006620;ja
999015540;0622200000006618;ja
999015552;0622200000006618;ja
999015564;0622200000006616;ja
999015576;0622200000006614;ja
999015588;0622200000006612;ja
999015606;0622200000006610;ja
999015618;0622200000006608;ja
999015631;0622200000006606;ja
999015643;0622200000006606;ja
999015655;0622200000006604;ja
999015667;0622200000006602;ja
999015679;0622200000006600;ja
999015692;0622200000006596;ja
999015710;0622200000006593;ja
999015722;0622200000028265;ja
999015734;0622200000038787;ja
999015746;0622200000028280;ja
999015758;0622200000028280;ja
999015771;0622200000028282;ja
999015783;0622200000028282;ja
999015795;0622200000028287;ja
999015801;0622200000028287;ja
999015813;0622200000028293;ja
999015825;0622200000028423;ja
999015837;0622200000002191;ja
999015837;0622200000028426;ja
999015849;0622200000028426;ja
999015850;0622200000028428;ja
999015862;0622200000028428;ja
999015874;0622200000049982;ja
999015886;0622200000049982;ja
999015898;0622200000028432;ja
999015904;0622200000028432;ja
999015916;0622200000028433;ja
999015928;0622200000028433;ja
999015965;0622200000030244;ja
999015977;0622200000030249;ja
999015977;0622200000030251;ja
999015989;0622200000030249;ja
999015989;0622200000030251;ja
999015990;0622200000030262;ja
999016003;0622200000030268;ja
999016015;0622200000030268;ja
999016027;0622200000038990;ja
999016039;0622200000038990;ja
999016040;0622200000030282;ja
999016052;0622200000030282;ja
999016064;0622200000030418;ja
999016076;0622200000030418;ja
999016088;0622200000023782;ja
999016106;0622200000023782;ja
999016118;0622200000023776;ja
999016131;0622200000023776;ja
999016143;0622200000023773;ja
999016155;0622200000023773;ja
999016167;0622200000038786;ja
999016179;0622200000028259;ja
999016180;0622200000028259;ja
999016192;0622200000028261;ja
999016209;0622200000030313;ja
999016210;0622200000006208;ja
999016222;0622200000006208;ja
999016234;0622200000006207;ja
999016246;0622200000006206;ja
999016258;0622200000006206;ja
999016271;0622200000006205;ja
999016283;0622200000006204;ja
999016295;0622200000006203;ja
999016301;0622200000006203;ja
999016313;0622200000006202;ja
999016325;0622200000006202;ja
999016337;0622200000006201;ja
999016349;0622200000006201;ja
999016350;0622200000006199;ja
999016362;0622200000006199;ja
999016374;0622200000006197;ja
999016386;0622200000006197;ja
999016398;0622200000006195;ja
999016404;0622200000006195;ja
999016416;0622200000002807;ja
999016416;0622200000005145;ja
999016416;0622200000005149;ja
999016416;0622200000006193;ja
999016416;0622200000041705;ja
999016428;0622200000002807;ja
999016428;0622200000005145;ja
999016428;0622200000005149;ja
999016428;0622200000006193;ja
999016428;0622200000041705;ja
999016441;0622200000006191;ja
999016453;0622200000006191;ja
999016465;0622200000006189;ja
999016477;0622200000006187;ja
999016477;0622200000008320;ja
999016489;0622200000006187;ja
999016490;0622200000006185;ja
999016507;0622200000006185;ja
999016519;0622200000006183;ja
999016520;0622200000006181;ja
999016532;0622200000006181;ja
999016544;0622200000006179;ja
999016556;0622200000006175;ja
999016568;0622200000006175;ja
999016581;0622200000006173;ja
999016593;0622200000030256;ja
999016611;0622200000030256;ja
999016623;0622200000030259;ja
999016635;0622200000030263;ja
999016647;0622200000030454;ja
999016659;0622200000006172;ja
999016659;0622200000008012;ja
999016660;0622200000006172;ja
999016660;0622200000008012;ja
999016672;0622200000032157;ja
999016684;0622200000032159;ja
999016696;0622200000032159;ja
999016702;0622200000032161;ja
999016714;0622200000032163;ja
999016726;0622200000032165;ja
999016738;0622200000032167;ja
999016751;0622200000032167;ja
999016763;0622200000032169;ja
999016775;0622200000032169;ja
999016787;0622200000032171;ja
999016799;0622200000008020;ja
999016799;0622200000032160;ja
999016805;0622200000032160;ja
999016817;0622200000032162;ja
999016829;0622200000032164;ja
999016830;0622200000032164;ja
999016842;0622200000032166;ja
999016854;0622200000032168;ja
999016866;0622200000032168;ja
999016878;0622200000032170;ja
999016891;0622200000032170;ja
999016908;0622200000008005;ja
999016908;0622200000032172;ja
999016921;0622200000032174;ja
999016933;0622200000032174;ja
999016945;0622200000032176;ja
999016957;0622200000032176;ja
999016969;0622200000032178;ja
999016970;0622200000032178;ja
999016982;0622200000032180;ja
999016994;0622200000032182;ja
999017007;0622200000032182;ja
999017019;0622200000008027;ja
999017019;0622200000032184;ja
999017020;0622200000008027;ja
999017020;0622200000032184;ja
999017032;0622200000032186;ja
999017044;0622200000032188;ja
999017056;0622200000032188;ja
999017068;0622200000032191;ja
999017081;0622200000032191;ja
999017093;0622200000032318;ja
999017111;0622200000032318;ja
999017123;0622200000032321;ja
999017135;0622200000032321;ja
999017147;0622200000032324;ja
999017159;0622200000032324;ja
999017160;0622200000032325;ja
999017172;0622200000008175;ja
999017172;0622200000032326;ja
999017184;0622200000008175;ja
999017184;0622200000032326;ja
999017196;0622200000032327;ja
999017202;0622200000032327;ja
999017214;0622200000032328;ja
999017226;0622200000008178;ja
999017226;0622200000008185;ja
999017226;0622200000032329;ja
999017238;0622200000032330;ja
999017251;0622200000032331;ja
999017263;0622200000032331;ja
999017275;0622200000032332;ja
999017287;0622200000032332;ja
999017299;0622200000032333;ja
999017305;0622200000032333;ja
999017317;0622200000025035;ja
999017317;0622200000030945;ja
999017329;0622200000030945;ja
999017330;0622200000030944;ja
999017342;0622200000030944;ja
999017342;0622200000041902;ja
999017342;0622200000043773;ja
999017342;0622200000043799;ja
999017342;0622200000043800;ja
999017354;0622200000014900;ja
999017354;0622200000028621;ja
999017354;0622200000028623;ja
999017354;0622200000030943;ja
999017366;0622200000030942;ja
999017378;0622200000030942;ja
999017421;0622200000030941;ja
999017433;0622200000030941;ja
999017445;0622200000030940;ja
999017457;0622200000030939;ja
999017469;0622200000030939;ja
999017470;0622200000028255;ja
999017482;0622200000028255;ja
999017494;0622200000028254;ja
999017500;0622200000028254;ja
999017512;0622200000028253;ja
999017524;0622200000028253;ja
999017536;0622200000028252;ja
999017548;0622200000028252;ja
999017561;0622200000028251;ja
999017573;0622200000028251;ja
999017585;0622200000028250;ja
999017585;0622200000038454;ja
999017597;0622200000008869;ja
999017597;0622200000028249;ja
999017603;0622200000008869;ja
999017603;0622200000028249;ja
999017615;0622200000028248;ja
999017627;0622200000028248;ja
999017639;0622200000028247;ja
999017640;0622200000028247;ja
999017652;0622200000028245;ja
999017664;0622200000028245;ja
999017676;0622200000028243;ja
999017688;0622200000028241;ja
999017706;0622200000028239;ja
999017718;0622200000032187;ja
999017731;0622200000032187;ja
999017743;0622200000042178;ja
999017755;0622200000032185;ja
999017767;0622200000032183;ja
999017779;0622200000032183;ja
999017780;0622200000032181;ja
999017792;0622200000032179;ja
999017809;0622200000032177;ja
999017810;0622200000032177;ja
999017822;0622200000032175;ja
999017834;0622200000032173;ja
999017846;0622200000016758;ja
999017858;0622200000016758;ja
999017895;0622200000016754;ja
999017998;0622200000007470;ja
999018012;0622200000007473;ja
999018012;0622200000014424;ja
999018024;0622200000007473;ja
999018024;0622200000014424;ja
999018036;0622200000007475;ja
999018048;0622200000007475;ja
999018073;0622200000007479;ja
999018085;0622200000007481;ja
999018097;0622200000007481;ja
999018103;0622200000007483;ja
999018115;0622200000007485;ja
999018127;0622200000007487;ja
999018139;0622200000007487;ja
999018140;0622200000007489;ja
999018140;0622200000008015;ja
999018152;0622200000007489;ja
999018152;0622200000008015;ja
999018164;0622200000007491;ja
999018176;0622200000007492;ja
999018188;0622200000007492;ja
999018206;0622200000007493;ja
999018218;0622200000007493;ja
999018231;0622200000007494;ja
999018243;0622200000007494;ja
999018255;0622200000007495;ja
999018267;0622200000007495;ja
999018279;0622200000007496;ja
999018280;0622200000007496;ja
999018310;0622200000007497;ja
999018322;0622200000008200;ja
999018322;0622200000032344;ja
999018334;0622200000032344;ja
999018346;0622200000032343;ja
999018358;0622200000032343;ja
999018371;0622200000032342;ja
999018383;0622200000032342;ja
999018395;0622200000032341;ja
999018401;0622200000032340;ja
999018413;0622200000032339;ja
999018425;0622200000032339;ja
999018437;0622200000032338;ja
999018449;0622200000032338;ja
999018450;0622200000008187;ja
999018450;0622200000032337;ja
999018462;0622200000032336;ja
999018474;0622200000032336;ja
999018486;0622200000032008;ja
999018498;0622200000032010;ja
999018504;0622200000032012;ja
999018516;0622200000032012;ja
999018528;0622200000032014;ja
999018541;0622200000032016;ja
999018553;0622200000032016;ja
999018565;0622200000032018;ja
999018577;0622200000032018;ja
999018589;0622200000032020;ja
999018590;0622200000032020;ja
999018607;0622200000032022;ja
999018619;0622200000032022;ja
999018620;0622200000032024;ja
999018620;0622200000032345;ja
999018620;0622200000035058;ja
999018620;0622200000046539;ja
999018632;0622200000032024;ja
999018632;0622200000032345;ja
999018632;0622200000035058;ja
999018644;0622200000032026;ja
999018656;0622200000032027;ja
999018668;0622200000032027;ja
999018681;0622200000032028;ja
999018693;0622200000032028;ja
999018711;0622200000032029;ja
999018723;0622200000032151;ja
999018735;0622200000032152;ja
999018747;0622200000032153;ja
999018759;0622200000032154;ja
999018760;0622200000032154;ja
999018772;0622200000008025;ja
999018772;0622200000008033;ja
999018772;0622200000008196;ja
999018772;0622200000032155;ja
999018784;0622200000016344;ja
999018796;0622200000016344;ja
999018802;0622200000016343;ja
999018814;0622200000016342;ja
999018826;0622200000016342;ja
999018838;0622200000016341;ja
999018851;0622200000016341;ja
999018863;0622200000016340;ja
999018875;0622200000016340;ja
999018887;0622200000016339;ja
999018899;0622200000016338;ja
999018917;0622200000016337;ja
999018929;0622200000016336;ja
999018930;0622200000016336;ja
999018942;0622200000016334;ja
999018954;0622200000016334;ja
999018966;0622200000016333;ja
999018978;0622200000016332;ja
999018991;0622200000016332;ja
999019004;0622200000016331;ja
999019028;0622200000016330;ja
999019053;0622200000016329;ja
999019065;0622200000016328;ja
999019077;0622200000016328;ja
999019089;0622200000016327;ja
999019090;0622200000016327;ja
999019107;0622200000016326;ja
999019119;0622200000016325;ja
999019120;0622200000016325;ja
999019132;0622200000016324;ja
999019144;0622200000016324;ja
999019156;0622200000016323;ja
999019168;0622200000016323;ja
999019181;0622200000016322;ja
999019193;0622200000016776;ja
999019211;0622200000016774;ja
999019223;0622200000016772;ja
999019235;0622200000016770;ja
999019247;0622200000016770;ja
999019259;0622200000016768;ja
999019260;0622200000016766;ja
999019272;0622200000016764;ja
999019284;0622200000016764;ja
999019296;0622200000016762;ja
999019302;0622200000016762;ja
999019314;0622200000016760;ja
999019326;0622200000023048;ja
999019338;0622200000023049;ja
999019351;0622200000032976;ja
999019363;0622200000032976;ja
999019375;0622200000032978;ja
999019387;0622200000032978;ja
999019399;0622200000033102;ja
999019405;0622200000033104;ja
999019417;0622200000033104;ja
999019429;0622200000033105;ja
999019430;0622200000033106;ja
999019442;0622200000033108;ja
999019454;0622200000033108;ja
999019466;0622200000033110;ja
999019478;0622200000033111;ja
999019491;0622200000033112;ja
999019508;0622200000033112;ja
999019521;0622200000033114;ja
999019533;0622200000033115;ja
999019545;0622200000033115;ja
999019557;0622200000033117;ja
999019582;0622200000033121;ja
999019594;0622200000033123;ja
999019600;0622200000033125;ja
999019612;0622200000033125;ja
999019624;0622200000030222;ja
999019624;0622200000033127;ja
999019636;0622200000030222;ja
999019636;0622200000033127;ja
999019648;0622200000033129;ja
999019661;0622200000033130;ja
999019673;0622200000033132;ja
999019685;0622200000033132;ja
999019697;0622200000033134;ja
999019703;0622200000033135;ja
999019715;0622200000033135;ja
999019727;0622200000033136;ja
999019739;0622200000033136;ja
999019740;0622200000033138;ja
999019752;0622200000032493;ja
999019764;0622200000032493;ja
999019776;0622200000023044;ja
999019788;0622200000023043;ja
999019806;0622200000023041;ja
999019806;0622200000023042;ja
999019818;0622200000027297;ja
999019818;0622200000027299;ja
999019818;0622200000034520;ja
999019831;0622200000027297;ja
999019831;0622200000027299;ja
999019831;0622200000034520;ja
999019843;0622200000007637;ja
999019843;0622200000007834;ja
999019843;0622200000008319;ja
999019843;0622200000010024;ja
999019843;0622200000010174;ja
999019843;0622200000010181;ja
999019843;0622200000011734;ja
999019843;0622200000012313;ja
999019843;0622200000013965;ja
999019843;0622200000014625;ja
999019843;0622200000014751;ja
999019843;0622200000015116;ja
999019843;0622200000019181;ja
999019843;0622200000024838;ja
999019843;0622200000029848;ja
999019843;0622200000029865;ja
999019843;0622200000029867;ja
999019843;0622200000029869;ja
999019843;0622200000029871;ja
999019843;0622200000030430;ja
999019843;0622200000030434;ja
999019843;0622200000032858;ja
999019843;0622200000032948;ja
999019843;0622200000033049;ja
999019843;0622200000034657;ja
999019843;0622200000034658;ja
999019843;0622200000034661;ja
999019843;0622200000034662;ja
999019843;0622200000044976;ja
999019843;0622200000044977;ja
999019843;0622200000044978;ja
999019843;0622200000044979;ja
999019855;0622200000007637;ja
999019855;0622200000007834;ja
999019855;0622200000008319;ja
999019855;0622200000010024;ja
999019855;0622200000010174;ja
999019855;0622200000010181;ja
999019855;0622200000011734;ja
999019855;0622200000012313;ja
999019855;0622200000013965;ja
999019855;0622200000014625;ja
999019855;0622200000014751;ja
999019855;0622200000015116;ja
999019855;0622200000019181;ja
999019855;0622200000029848;ja
999019855;0622200000029865;ja
999019855;0622200000029867;ja
999019855;0622200000029869;ja
999019855;0622200000029871;ja
999019855;0622200000030430;ja
999019855;0622200000030434;ja
999019855;0622200000032858;ja
999019855;0622200000032948;ja
999019855;0622200000033049;ja
999019855;0622200000034657;ja
999019855;0622200000034658;ja
999019855;0622200000034661;ja
999019855;0622200000034662;ja
999019855;0622200000044976;ja
999019855;0622200000044977;ja
999019855;0622200000044978;ja
999019855;0622200000044979;ja
999019867;0622200000032951;ja
999019879;0622200000032951;ja
999019880;0622200000032967;ja
999019892;0622200000032967;ja
999019909;0622200000039134;ja
999019910;0622200000032941;ja
999019922;0622200000032941;ja
999019934;0622200000034433;ja
999019946;0622200000025265;ja
999019958;0622200000009489;ja
999019971;0622200000009489;ja
999019983;0622200000009496;ja
999019995;0622200000009499;ja
999020006;0622200000009499;ja
999020018;0622200000009640;ja
999020031;0622200000009640;ja
999020043;0622200000009641;ja
999020055;0622200000009641;ja
999020067;0622200000009642;ja
999020067;0622200000047764;ja
999020079;0622200000009642;ja
999020079;0622200000047764;ja
999020080;0622200000009649;ja
999020092;0622200000009649;ja
999020109;0622200000009652;ja
999020110;0622200000009659;ja
999020110;0622200000023660;ja
999020110;0622200000042580;ja
999020122;0622200000009659;ja
999020122;0622200000042580;ja
999020134;0622200000009661;ja
999020146;0622200000046662;ja
999020146;0622200000046663;ja
999020158;0622200000009475;ja
999020158;0622200000009482;ja
999020158;0622200000022109;ja
999020158;0622200000029681;ja
999020158;0622200000033624;ja
999020171;0622200000009481;ja
999020183;0622200000009481;ja
999020195;0622200000009483;ja
999020201;0622200000022546;ja
999020225;0622200000022547;ja
999020237;0622200000022551;ja
999020249;0622200000022551;ja
999020250;0622200000022552;ja
999020262;0622200000022857;ja
999020274;0622200000022857;ja
999020286;0622200000032600;ja
999020286;0622200000034438;ja
999020298;0622200000034436;ja
999020304;0622200000034436;ja
999020316;0622200000034434;ja
999020341;0622200000034424;ja
999020353;0622200000034424;ja
999020365;0622200000034422;ja
999020377;0622200000034415;ja
999020389;0622200000028473;ja
999020389;0622200000049009;ja
999020390;0622200000039143;ja
999020419;0622200000033778;ja
999020420;0622200000033778;ja
999020432;0622200000033613;ja
999020444;0622200000033613;ja
999020456;0622200000033628;ja
999020468;0622200000033628;ja
999020493;0622200000033770;ja
999020511;0622200000015678;ja
999020511;0622200000033935;ja
999020511;0622200000043164;ja
999020523;0622200000033948;ja
999020535;0622200000033948;ja
999020547;0622200000033949;ja
999020559;0622200000033949;ja
999020560;0622200000007542;ja
999020560;0622200000009665;ja
999020560;0622200000039144;ja
999020572;0622200000033955;ja
999020584;0622200000033955;ja
999020596;0622200000043647;ja
999020602;0622200000033959;ja
999020614;0622200000033959;ja
999020626;0622200000033959;ja
999020638;0622200000023047;ja
999020651;0622200000023047;ja
999020663;0622200000029266;ja
999020675;0622200000006634;ja
999020687;0622200000006634;ja
999020699;0622200000006632;ja
999020705;0622200000006630;ja
999020729;0622200000006628;ja
999020730;0622200000028236;ja
999020742;0622200000028232;ja
999020754;0622200000028232;ja
999020766;0622200000028230;ja
999020778;0622200000028230;ja
999020791;0622200000028228;ja
999020808;0622200000028226;ja
999020821;0622200000028226;ja
999020833;0622200000028225;ja
999020845;0622200000028225;ja
999020857;0622200000006209;ja
999020869;0622200000006209;ja
999020870;0622200000028224;ja
999020882;0622200000016140;ja
999020882;0622200000016142;ja
999020894;0622200000027950;ja
999020900;0622200000027952;ja
999020912;0622200000028106;ja
999020924;0622200000012194;ja
999020936;0622200000012196;ja
999020948;0622200000012196;ja
999020961;0622200000012198;ja
999020973;0622200000012198;ja
999020985;0622200000012200;ja
999020997;0622200000012200;ja
999021011;0622200000012202;ja
999021023;0622200000012322;ja
999021035;0622200000006481;ja
999021047;0622200000006481;ja
999021059;0622200000006488;ja
999021060;0622200000006488;ja
999021084;0622200000006490;ja
999021096;0622200000027949;ja
999021102;0622200000024411;ja
999021102;0622200000027951;ja
999021102;0622200000040339;ja
999021114;0622200000027951;ja
999021114;0622200000040339;ja
999021126;0622200000012325;ja
999021138;0622200000012327;ja
999021151;0622200000012329;ja
999021163;0622200000012329;ja
999021175;0622200000012330;ja
999021199;0622200000027411;ja
999021205;0622200000027413;ja
999021217;0622200000027413;ja
999021229;0622200000027413;ja
999021230;0622200000027413;ja
999021242;0622200000027415;ja
999021254;0622200000027415;ja
999021266;0622200000027417;ja
999021278;0622200000027419;ja
999021291;0622200000027423;ja
999021308;0622200000027423;ja
999021321;0622200000027425;ja
999021333;0622200000027426;ja
999021345;0622200000027428;ja
999021345;0622200000028682;ja
999021345;0622200000028683;ja
999021345;0622200000028684;ja
999021345;0622200000029709;ja
999021357;0622200000027428;ja
999021369;0622200000027430;ja
999021370;0622200000027432;ja
999021382;0622200000027433;ja
999021394;0622200000027433;ja
999021400;0622200000027435;ja
999021412;0622200000027435;ja
999021424;0622200000027436;ja
999021436;0622200000027436;ja
999021448;0622200000027438;ja
999021461;0622200000027439;ja
999021473;0622200000027439;ja
999021485;0622200000027440;ja
999021497;0622200000027441;ja
999021503;0622200000027442;ja
999021515;0622200000047247;ja
999021515;0622200000047248;ja
999021527;0622200000047247;ja
999021527;0622200000047248;ja
999021539;0622200000029707;ja
999021539;0622200000032201;ja
999021539;0622200000047247;ja
999021539;0622200000047248;ja
999021540;0622200000012355;ja
999021552;0622200000015195;ja
999021564;0622200000015194;ja
999021576;0622200000015193;ja
999021588;0622200000015193;ja
999021606;0622200000015192;ja
999021618;0622200000015192;ja
999021631;0622200000015191;ja
999021643;0622200000015191;ja
999021655;0622200000015190;ja
999021667;0622200000015189;ja
999021667;0622200000050040;ja
999021679;0622200000015189;ja
999021679;0622200000050040;ja
999021680;0622200000015188;ja
999021692;0622200000015186;ja
999021709;0622200000015186;ja
999021710;0622200000015064;ja
999021722;0622200000012486;ja
999021722;0622200000012487;ja
999021722;0622200000022556;ja
999021722;0622200000025552;ja
999021734;0622200000012349;ja
999021734;0622200000023068;ja
999021734;0622200000043762;ja
999021746;0622200000043762;ja
999021758;0622200000022534;ja
999021771;0622200000022534;ja
999021801;0622200000039421;ja
999021813;0622200000024447;ja
999021813;0622200000032822;ja
999021837;0622200000032689;ja
999021849;0622200000032689;ja
999021850;0622200000024614;ja
999021862;0622200000024613;ja
999021874;0622200000024613;ja
999021886;0622200000024606;ja
999021898;0622200000024606;ja
999021904;0622200000024605;ja
999021916;0622200000024601;ja
999021928;0622200000024598;ja
999021941;0622200000024596;ja
999021953;0622200000024596;ja
999021965;0622200000024595;ja
999021977;0622200000024595;ja
999021989;0622200000024594;ja
999021990;0622200000024594;ja
999022003;0622200000012378;ja
999022003;0622200000024452;ja
999022015;0622200000012378;ja
999022015;0622200000024452;ja
999022027;0622200000002773;ja
999022027;0622200000012380;ja
999022027;0622200000017110;ja
999022039;0622200000012382;ja
999022040;0622200000012382;ja
999022052;0622200000012384;ja
999022064;0622200000012384;ja
999022076;0622200000012388;ja
999022088;0622200000006459;ja
999022106;0622200000006459;ja
999022118;0622200000014407;ja
999022131;0622200000014407;ja
999022143;0622200000014405;ja
999022155;0622200000014405;ja
999022167;0622200000014403;ja
999022179;0622200000014403;ja
999022180;0622200000014401;ja
999022192;0622200000014401;ja
999022209;0622200000014399;ja
999022210;0622200000014399;ja
999022222;0622200000014397;ja
999022234;0622200000014397;ja
999022246;0622200000014395;ja
999022258;0622200000014395;ja
999022271;0622200000024268;ja
999022283;0622200000024276;ja
999022295;0622200000024276;ja
999022301;0622200000012381;ja
999022325;0622200000006601;ja
999022337;0622200000006601;ja
999022349;0622200000006603;ja
999022374;0622200000006607;ja
999022386;0622200000006609;ja
999022398;0622200000006611;ja
999022398;0622200000023071;ja
999022404;0622200000006613;ja
999022416;0622200000006613;ja
999022428;0622200000006615;ja
999022441;0622200000006617;ja
999022465;0622200000006619;ja
999022489;0622200000006623;ja
999022490;0622200000006623;ja
999022507;0622200000006625;ja
999022519;0622200000006629;ja
999022520;0622200000006629;ja
999022532;0622200000006627;ja
999022556;0622200000014418;ja
999022568;0622200000014418;ja
999022581;0622200000014416;ja
999022593;0622200000014414;ja
999022684;0622200000014406;ja
999022696;0622200000014404;ja
999022726;0622200000014400;ja
999022738;0622200000014400;ja
999022751;0622200000014398;ja
999022775;0622200000014396;ja
999022787;0622200000014396;ja
999022799;0622200000014394;ja
999022805;0622200000024260;ja
999022817;0622200000034987;ja
999022829;0622200000034989;ja
999022830;0622200000034991;ja
999022842;0622200000034993;ja
999022854;0622200000034993;ja
999022866;0622200000034995;ja
999022878;0622200000034997;ja
999022891;0622200000008006;ja
999022891;0622200000008018;ja
999022891;0622200000034999;ja
999022908;0622200000035001;ja
999022921;0622200000035003;ja
999022921;0622200000045312;ja
999022933;0622200000035003;ja
999022945;0622200000035005;ja
999022957;0622200000035007;ja
999022957;0622200000045312;ja
999022969;0622200000035009;ja
999022970;0622200000035009;ja
999022982;0622200000035011;ja
999022994;0622200000006590;ja
999023007;0622200000006590;ja
999023019;0622200000006594;ja
999023020;0622200000035015;ja
999023020;0622200000035016;ja
999023032;0622200000035014;ja
999023044;0622200000035014;ja
999023056;0622200000035013;ja
999023068;0622200000035013;ja
999023081;0622200000035012;ja
999023093;0622200000035012;ja
999023111;0622200000035010;ja
999023123;0622200000035008;ja
999023135;0622200000035006;ja
999023147;0622200000035006;ja
999023159;0622200000035004;ja
999023160;0622200000035002;ja
999023172;0622200000035000;ja
999023184;0622200000034998;ja
999023196;0622200000034996;ja
999023202;0622200000034996;ja
999023214;0622200000034994;ja
999023226;0622200000034992;ja
999023238;0622200000034992;ja
999023251;0622200000034990;ja
999023263;0622200000034988;ja
999023275;0622200000034988;ja
999023287;0622200000034986;ja
999023299;0622200000034986;ja
999023305;0622200000010529;ja
999023317;0622200000010529;ja
999023329;0622200000010664;ja
999023330;0622200000010664;ja
999023342;0622200000010665;ja
999023354;0622200000010665;ja
999023366;0622200000023411;ja
999023433;0622200000024441;ja
999023445;0622200000024441;ja
999023457;0622200000005440;ja
999023457;0622200000012045;ja
999023457;0622200000012047;ja
999023469;0622200000005008;ja
999023469;0622200000005440;ja
999023469;0622200000012045;ja
999023469;0622200000012047;ja
999023470;0622200000012053;ja
999023482;0622200000012053;ja
999023494;0622200000012054;ja
999023494;0622200000043769;ja
999023500;0622200000012054;ja
999023512;0622200000028771;ja
999023524;0622200000028771;ja
999023536;0622200000040308;ja
999023548;0622200000040308;ja
999023561;0622200000014901;ja
999023573;0622200000028770;ja
999023585;0622200000028770;ja
999023597;0622200000028768;ja
999023603;0622200000028766;ja
999023615;0622200000028764;ja
999023627;0622200000028764;ja
999023639;0622200000028762;ja
999023640;0622200000028762;ja
999023652;0622200000028760;ja
999023664;0622200000028758;ja
999023676;0622200000028756;ja
999023688;0622200000028756;ja
999023706;0622200000028754;ja
999023718;0622200000028754;ja
999023731;0622200000028752;ja
999023743;0622200000028624;ja
999023755;0622200000028624;ja
999023767;0622200000028622;ja
999023779;0622200000029700;ja
999023780;0622200000029700;ja
999023792;0622200000029701;ja
999023809;0622200000029703;ja
999023810;0622200000029703;ja
999023822;0622200000029705;ja
999023834;0622200000029705;ja
999023846;0622200000029838;ja
999023858;0622200000029842;ja
999023871;0622200000029842;ja
999023883;0622200000029847;ja
999023895;0622200000029849;ja
999023901;0622200000029851;ja
999023913;0622200000028618;ja
999023925;0622200000028618;ja
999023937;0622200000028619;ja
999023949;0622200000028619;ja
999023950;0622200000028619;ja
999023962;0622200000028620;ja
999023974;0622200000028677;ja
999023986;0622200000028677;ja
999023998;0622200000028678;ja
999024000;0622200000028678;ja
999024012;0622200000028679;ja
999024024;0622200000028679;ja
999024036;0622200000048436;ja
999024036;0622200000048437;ja
999024048;0622200000048436;ja
999024048;0622200000048437;ja
999024061;0622200000024597;ja
999024073;0622200000024599;ja
999024085;0622200000024600;ja
999024097;0622200000024600;ja
999024103;0622200000024602;ja
999024115;0622200000024602;ja
999024127;0622200000006279;ja
999024127;0622200000043338;ja
999024127;0622200000043343;ja
999024139;0622200000006279;ja
999024140;0622200000006277;ja
999024152;0622200000010221;ja
999024152;0622200000015779;ja
999024164;0622200000010221;ja
999024164;0622200000036927;ja
999024164;0622200000040397;ja
999024176;0622200000016450;ja
999024188;0622200000016448;ja
999024206;0622200000016447;ja
999024218;0622200000016446;ja
999024218;0622200000026153;ja
999024231;0622200000012558;ja
999024243;0622200000012559;ja
999024243;0622200000014510;ja
999024255;0622200000012560;ja
999024267;0622200000012561;ja
999024280;0622200000012681;ja
999024292;0622200000012681;ja
999024309;0622200000029268;ja
999024310;0622200000029268;ja
999024322;0622200000039514;ja
999024334;0622200000006466;ja
999024346;0622200000006466;ja
999024358;0622200000006467;ja
999024747;0622200000002768;ja
999024759;0622200000002768;ja
999024760;0622200000002766;ja
999024772;0622200000002765;ja
999024784;0622200000002763;ja
999024796;0622200000002763;ja
999024802;0622200000013515;ja
999024826;0622200000013514;ja
999024851;0622200000013513;ja
999024863;0622200000013513;ja
999024875;0622200000013512;ja
999024887;0622200000013511;ja
999024899;0622200000013511;ja
999024905;0622200000013510;ja
999024917;0622200000013509;ja
999024929;0622200000013508;ja
999024930;0622200000013508;ja
999024942;0622200000013507;ja
999024942;0622200000045310;ja
999024942;0622200000045311;ja
999024954;0622200000013507;ja
999024966;0622200000013506;ja
999024978;0622200000013506;ja
999024991;0622200000013505;ja
999025004;0622200000013505;ja
999025016;0622200000013504;ja
999025028;0622200000013504;ja
999025041;0622200000006331;ja
999025053;0622200000006329;ja
999025065;0622200000005010;ja
999025065;0622200000005011;ja
999025065;0622200000006327;ja
999025065;0622200000041695;ja
999025077;0622200000006327;ja
999025077;0622200000041695;ja
999025089;0622200000012537;ja
999025090;0622200000012537;ja
999025107;0622200000012536;ja
999025119;0622200000006325;ja
999025120;0622200000012535;ja
999025132;0622200000012535;ja
999025144;0622200000012534;ja
999025144;0622200000014863;ja
999025144;0622200000017225;ja
999025156;0622200000012534;ja
999025156;0622200000014863;ja
999025156;0622200000017225;ja
999025168;0622200000012533;ja
999025181;0622200000012533;ja
999025193;0622200000012532;ja
999025211;0622200000012532;ja
999025223;0622200000006283;ja
999025223;0622200000032573;ja
999025235;0622200000006283;ja
999025235;0622200000032573;ja
999025247;0622200000006281;ja
999025259;0622200000006281;ja
999025260;0622200000006275;ja
999025272;0622200000006275;ja
999025284;0622200000006273;ja
999025296;0622200000006273;ja
999025302;0622200000006271;ja
999025314;0622200000006269;ja
999025326;0622200000006269;ja
999025338;0622200000015986;ja
999025351;0622200000015986;ja
999025363;0622200000006016;ja
999025363;0622200000015985;ja
999025375;0622200000015985;ja
999025387;0622200000015984;ja
999025399;0622200000013518;ja
999025405;0622200000013518;ja
999025417;0622200000012492;ja
999025417;0622200000013520;ja
999025417;0622200000028095;ja
999025430;0622200000012538;ja
999025442;0622200000045247;ja
999025454;0622200000011579;ja
999025478;0622200000012541;ja
999025491;0622200000012541;ja
999025508;0622200000012542;ja
999025508;0622200000032587;ja
999025508;0622200000039322;ja
999025521;0622200000012542;ja
999025533;0622200000012543;ja
999025545;0622200000012543;ja
999025557;0622200000012544;ja
999025569;0622200000012545;ja
999025570;0622200000012545;ja
999025582;0622200000012546;ja
999025594;0622200000012546;ja
999025600;0622200000012547;ja
999025612;0622200000012547;ja
999025624;0622200000012548;ja
999025636;0622200000012549;ja
999025648;0622200000012550;ja
999025661;0622200000012550;ja
999025673;0622200000012551;ja
999025685;0622200000012551;ja
999025697;0622200000012552;ja
999025703;0622200000012552;ja
999025715;0622200000011413;ja
999025715;0622200000012553;ja
999025727;0622200000012553;ja
999025739;0622200000012554;ja
999025740;0622200000012554;ja
999025752;0622200000012555;ja
999025764;0622200000012556;ja
999025776;0622200000012556;ja
999025788;0622200000015983;ja
999025806;0622200000015983;ja
999025818;0622200000015982;ja
999025831;0622200000015982;ja
999025843;0622200000012682;ja
999025855;0622200000012682;ja
999025867;0622200000012683;ja
999025879;0622200000012683;ja
999025880;0622200000007013;ja
999025880;0622200000012523;ja
999025880;0622200000012591;ja
999025880;0622200000012592;ja
999025880;0622200000040884;ja
999025909;0622200000029423;ja
999025910;0622200000029298;ja
999025922;0622200000029298;ja
999025934;0622200000029296;ja
999025946;0622200000029294;ja
999025958;0622200000029294;ja
999025983;0622200000029290;ja
999025995;0622200000029290;ja
999026008;0622200000029288;ja
999026021;0622200000029288;ja
999026033;0622200000029286;ja
999026045;0622200000029286;ja
999026057;0622200000029284;ja
999026070;0622200000029282;ja
999026082;0622200000029282;ja
999026094;0622200000029280;ja
999026094;0622200000039120;ja
999026100;0622200000029280;ja
999026112;0622200000029278;ja
999026124;0622200000029278;ja
999026136;0622200000029276;ja
999026148;0622200000029276;ja
999026161;0622200000029274;ja
999026173;0622200000029274;ja
999026185;0622200000029272;ja
999026197;0622200000029272;ja
999026203;0622200000029270;ja
999026215;0622200000029270;ja
999026227;0622200000013516;ja
999026239;0622200000013517;ja
999026240;0622200000012531;ja
999026252;0622200000012528;ja
999026252;0622200000041533;ja
999026264;0622200000012528;ja
999026264;0622200000041533;ja
999026276;0622200000012527;ja
999026288;0622200000012527;ja
999026306;0622200000012526;ja
999026318;0622200000012526;ja
999026331;0622200000012524;ja
999026343;0622200000012524;ja
999026355;0622200000012539;ja
999026367;0622200000012539;ja
999026379;0622200000012540;ja
999026380;0622200000012540;ja
999026392;0622200000028673;ja
999026409;0622200000028673;ja
999026410;0622200000028674;ja
999026422;0622200000028675;ja
999026434;0622200000028676;ja
999026446;0622200000028669;ja
999026458;0622200000028670;ja
999026471;0622200000028671;ja
999026483;0622200000028672;ja
999026495;0622200000028539;ja
999026501;0622200000028540;ja
999026513;0622200000028667;ja
999026549;0622200000028535;ja
999026550;0622200000028536;ja
999026562;0622200000028536;ja
999026574;0622200000016006;ja
999026574;0622200000028537;ja
999026574;0622200000050124;ja
999026586;0622200000028538;ja
999026598;0622200000028531;ja
999026604;0622200000028532;ja
999026616;0622200000028534;ja
999026628;0622200000028534;ja
999026641;0622200000028527;ja
999026641;0622200000046507;ja
999026653;0622200000028528;ja
999026665;0622200000028529;ja
999026860;0622200000028524;ja
999026872;0622200000028529;ja
999026896;0622200000028530;ja
999026902;0622200000028523;ja
999026914;0622200000004626;ja
999026926;0622200000005906;ja
999026938;0622200000023282;ja
999026951;0622200000032377;ja
999026963;0622200000039644;ja
999026975;0622200000004795;ja
999026987;0622200000022886;ja
999026999;0622200000032895;ja
999027001;0622200000022441;ja
999027001;0622200000022450;ja
999027013;0622200000022433;ja
999027013;0622200000022456;ja
999027025;0622200000022463;ja
999027025;0622200000022599;ja
999027037;0622200000029835;ja
999027049;0622200000004804;ja
999027050;0622200000022625;ja
999027050;0622200000022635;ja
999027062;0622200000030086;ja
999027074;0622200000006223;ja
999027086;0622200000012312;ja
999027098;0622200000023655;ja
999027104;0622200000032391;ja
999027128;0622200000016156;ja
999027153;0622200000014536;ja
999027165;0622200000012731;ja
999027165;0622200000039623;ja
999027177;0622200000032380;ja
999027189;0622200000012452;ja
999027190;0622200000006238;ja
999027207;0622200000022608;ja
999027219;0622200000029129;ja
999027220;0622200000009490;ja
999027220;0622200000016599;ja
999027220;0622200000016600;ja
999027232;0622200000006224;ja
999027244;0622200000029841;ja
999027256;0622200000013498;ja
999027268;0622200000023268;ja
999027281;0622200000011267;ja
999027281;0622200000026446;ja
999027293;0622200000004817;ja
999027311;0622200000014507;ja
999027323;0622200000032728;ja
999027335;0622200000022620;ja
999027347;0622200000006692;ja
999027359;0622200000002381;ja
999027360;0622200000028437;ja
999027372;0622200000022884;ja
999027402;0622200000023039;ja
999027414;0622200000032381;ja
999027426;0622200000022437;ja
999027426;0622200000022602;ja
999027438;0622200000004809;ja
999027451;0622200000033128;ja
999027463;0622200000002803;ja
999027475;0622200000023195;ja
999027487;0622200000023645;ja
999027499;0622200000023022;ja
999027505;0622200000023265;ja
999027517;0622200000022436;ja
999027529;0622200000038445;ja
999027530;0622200000006229;ja
999027542;0622200000002832;ja
999027542;0622200000037736;ja
999027554;0622200000032388;ja
999027566;0622200000035051;ja
999027578;0622200000022890;ja
999027591;0622200000006702;ja
999027608;0622200000023053;ja
999027621;0622200000004634;ja
999027633;0622200000023264;ja
999027645;0622200000033036;ja
999027657;0622200000004823;ja
999027669;0622200000032635;ja
999027670;0622200000022466;ja
999027682;0622200000023045;ja
999027694;0622200000004813;ja
999027700;0622200000013370;ja
999027712;0622200000004883;ja
999027724;0622200000014431;ja
999027736;0622200000012176;ja
999027748;0622200000022462;ja
999027761;0622200000029260;ja
999027761;0622200000035882;ja
999027773;0622200000005020;ja
999027773;0622200000005021;ja
999027773;0622200000027801;ja
999027785;0622200000023192;ja
999027797;0622200000040101;ja
999027797;0622200000043828;ja
999027803;0622200000029267;ja
999027815;0622200000032395;ja
999027827;0622200000014434;ja
999027839;0622200000029959;ja
999027840;0622200000032399;ja
999027852;0622200000010375;ja
999027852;0622200000010376;ja
999027852;0622200000016894;ja
999027864;0622200000002784;ja
999027876;0622200000004801;ja
999027888;0622200000014530;ja
999027906;0622200000022626;ja
999027918;0622200000014514;ja
999027931;0622200000032880;ja
999027943;0622200000019166;ja
999027943;0622200000022461;ja
999027943;0622200000022609;ja
999027955;0622200000006235;ja
999027967;0622200000002379;ja
999027967;0622200000004727;ja
999027967;0622200000014467;ja
999027979;0622200000004796;ja
999027980;0622200000033930;ja
999027992;0622200000023031;ja
999028005;0622200000029434;ja
999028017;0622200000028128;ja
999028029;0622200000028484;ja
999028030;0622200000028526;ja
999028042;0622200000029967;ja
999028054;0622200000022619;ja
999028054;0622200000022633;ja
999028066;0622200000023034;ja
999028078;0622200000023648;ja
999028091;0622200000023658;ja
999028108;0622200000032385;ja
999028121;0622200000023269;ja
999028133;0622200000022891;ja
999028145;0622200000032384;ja
999028157;0622200000019676;ja
999028157;0622200000022446;ja
999028169;0622200000023188;ja
999028170;0622200000023645;ja
999028182;0622200000023949;ja
999028194;0622200000004772;ja
999028200;0622200000022890;ja
999028212;0622200000023279;ja
999028224;0622200000028780;ja
999028236;0622200000014533;ja
999028248;0622200000023027;ja
999028261;0622200000022628;ja
999028273;0622200000004825;ja
999028285;0622200000022459;ja
999028285;0622200000022603;ja
999028297;0622200000022885;ja
999028303;0622200000002380;ja
999028315;0622200000022627;ja
999028315;0622200000022767;ja
999028327;0622200000023662;ja
999028339;0622200000023288;ja
999028340;0622200000012336;ja
999028352;0622200000012581;ja
999028352;0622200000012594;ja
999028352;0622200000012599;ja
999028352;0622200000034605;ja
999028352;0622200000040335;ja
999028352;0622200000046679;ja
999028364;0622200000029269;ja
999028376;0622200000023182;ja
999028388;0622200000004631;ja
999028406;0622200000032896;ja
999028418;0622200000012742;ja
999028418;0622200000024091;ja
999028431;0622200000020515;ja
999028443;0622200000023037;ja
999028455;0622200000002778;ja
999028467;0622200000028122;ja
999028479;0622200000022292;ja
999028480;0622200000006652;ja
999028492;0622200000029264;ja
999028509;0622200000046861;ja
999028509;0622200000046862;ja
999028509;0622200000046863;ja
999028510;0622200000005047;ja
999028510;0622200000012403;ja
999028510;0622200000041698;ja
999028510;0622200000041710;ja
999028522;0622200000023184;ja
999028534;0622200000029275;ja
999028546;0622200000022377;ja
999028546;0622200000032631;ja
999028558;0622200000004821;ja
999028571;0622200000013503;ja
999028583;0622200000028435;ja
999028595;0622200000022612;ja
999028601;0622200000032634;ja
999028613;0622200000014109;ja
999028625;0622200000006687;ja
999028637;0622200000002370;ja
999028649;0622200000006677;ja
999028650;0622200000023040;ja
999028662;0622200000002798;ja
999028674;0622200000032279;ja
999028674;0622200000032280;ja
999028674;0622200000032861;ja
999028686;0622200000022296;ja
999028686;0622200000022452;ja
999028698;0622200000017109;ja
999028704;0622200000029277;ja
999028716;0622200000006226;ja
999028728;0622200000029260;ja
999028741;0622200000014429;ja
999028753;0622200000010108;ja
999028753;0622200000012737;ja
999028765;0622200000029957;ja
999028777;0622200000002785;ja
999028789;0622200000004799;ja
999028790;0622200000014534;ja
999028807;0622200000023189;ja
999028819;0622200000012723;ja
999028819;0622200000049868;ja
999028820;0622200000022626;ja
999028832;0622200000014516;ja
999028844;0622200000022461;ja
999028844;0622200000022609;ja
999028856;0622200000006235;ja
999028868;0622200000023060;ja
999028868;0622200000029682;ja
999028868;0622200000030648;ja
999028868;0622200000030649;ja
999028868;0622200000033882;ja
999028868;0622200000033929;ja
999028881;0622200000014295;ja
999028893;0622200000029436;ja
999028911;0622200000028482;ja
999028923;0622200000002788;ja
999028923;0622200000002790;ja
999028923;0622200000002792;ja
999028923;0622200000004818;ja
999028935;0622200000012030;ja
999028947;0622200000028519;ja
999028959;0622200000029279;ja
999028960;0622200000022435;ja
999028960;0622200000022766;ja
999028972;0622200000023657;ja
999028984;0622200000004806;ja
999028996;0622200000023038;ja
999029009;0622200000023648;ja
999029010;0622200000032385;ja
999029022;0622200000023267;ja
999029034;0622200000016157;ja
999029046;0622200000032382;ja
999029058;0622200000022440;ja
999029071;0622200000023188;ja
999029083;0622200000005905;ja
999029095;0622200000029295;ja
999029101;0622200000023951;ja
999029113;0622200000004772;ja
999029125;0622200000012306;ja
999029137;0622200000012147;ja
999029149;0622200000022443;ja
999029149;0622200000022772;ja
999029150;0622200000014531;ja
999029162;0622200000032890;ja
999029174;0622200000029965;ja
999029186;0622200000005047;ja
999029186;0622200000041698;ja
999029186;0622200000041710;ja
999029198;0622200000002786;ja
999029204;0622200000029833;ja
999029216;0622200000029969;ja
999029228;0622200000020516;ja
999029241;0622200000016152;ja
999029253;0622200000023022;ja
999029265;0622200000022299;ja
999029265;0622200000022447;ja
999029277;0622200000033126;ja
999029289;0622200000023056;ja
999029289;0622200000041034;ja
999029290;0622200000002831;ja
999029320;0622200000012585;ja
999029320;0622200000048327;ja
999029447;0622200000004827;ja
999029447;0622200000024480;ja
999029447;0622200000024481;ja
999029460;0622200000006223;ja
999029472;0622200000012052;ja
999029484;0622200000022714;ja
999029514;0622200000004824;ja
999029526;0622200000023054;ja
999029538;0622200000006687;ja
999029551;0622200000023037;ja
999029563;0622200000032869;ja
999029575;0622200000033131;ja
999029587;0622200000032390;ja
999029599;0622200000014506;ja
999029605;0622200000004797;ja
999029617;0622200000029126;ja
999029629;0622200000004811;ja
999029630;0622200000014532;ja
999029642;0622200000010383;ja
999029642;0622200000010384;ja
999029642;0622200000039459;ja
999029654;0622200000012163;ja
999029666;0622200000014520;ja
999029678;0622200000004800;ja
999029691;0622200000014508;ja
999029708;0622200000002791;ja
999029733;0622200000028488;ja
999029745;0622200000023020;ja
999029757;0622200000028520;ja
999029769;0622200000032730;ja
999029770;0622200000029426;ja
999029782;0622200000043263;ja
999029794;0622200000014516;ja
999029800;0622200000022302;ja
999029800;0622200000022624;ja
999029812;0622200000023194;ja
999029824;0622200000006236;ja
999029836;0622200000002376;ja
999029848;0622200000013366;ja
999029861;0622200000002782;ja
999029861;0622200000045140;ja
999029873;0622200000029967;ja
999029885;0622200000004881;ja
999029897;0622200000023274;ja
999029903;0622200000038452;ja
999029915;0622200000029281;ja
999029927;0622200000023785;ja
999029939;0622200000032876;ja
999029940;0622200000028124;ja
999029952;0622200000028270;ja
999029964;0622200000022289;ja
999029964;0622200000022434;ja
999029988;0622200000038453;ja
999030000;0622200000032158;ja
999030012;0622200000032728;ja
999030024;0622200000004814;ja
999030036;0622200000012597;ja
999030048;0622200000006682;ja
999030061;0622200000006697;ja
999030073;0622200000006239;ja
999030085;0622200000023051;ja
999030097;0622200000014526;ja
999030103;0622200000023193;ja
999030115;0622200000028120;ja
999030127;0622200000023266;ja
999030139;0622200000023286;ja
999030140;0622200000022441;ja
999030140;0622200000022450;ja
999030140;0622200000033194;ja
999030152;0622200000029273;ja
999030164;0622200000002374;ja
999030176;0622200000032862;ja
999030188;0622200000022884;ja
999030206;0622200000029702;ja
999030218;0622200000004802;ja
999030231;0622200000012600;ja
999030231;0622200000039624;ja
999030243;0622200000016156;ja
999030255;0622200000004806;ja
999030267;0622200000006221;ja
999030279;0622200000029275;ja
999030280;0622200000023016;ja
999030292;0622200000046316;ja
999030309;0622200000002786;ja
999030310;0622200000013373;ja
999030322;0622200000029293;ja
999030334;0622200000029285;ja
999030346;0622200000032627;ja
999030371;0622200000013500;ja
999030383;0622200000023046;ja
999030395;0622200000029430;ja
999030401;0622200000014522;ja
999030413;0622200000022623;ja
999030413;0622200000022771;ja
999030425;0622200000023668;ja
999030425;0622200000027972;ja
999030425;0622200000027973;ja
999030425;0622200000027976;ja
999030437;0622200000004885;ja
999030437;0622200000048965;ja
999030449;0622200000032377;ja
999030450;0622200000032882;ja
999030474;0622200000004620;ja
999030498;0622200000006230;ja
999030504;0622200000025046;ja
999030504;0622200000028478;ja
999030516;0622200000002801;ja
999030528;0622200000029958;ja
999030541;0622200000014517;ja
999030553;0622200000014527;ja
999030565;0622200000023018;ja
999030577;0622200000024429;ja
999030589;0622200000012595;ja
999030590;0622200000023282;ja
999030607;0622200000020516;ja
999030619;0622200000029128;ja
999030620;0622200000002764;ja
999030620;0622200000005012;ja
999030620;0622200000005013;ja
999030632;0622200000012151;ja
999030644;0622200000028485;ja
999030656;0622200000014528;ja
999030668;0622200000023039;ja
999030681;0622200000022883;ja
999030693;0622200000032383;ja
999030711;0622200000029969;ja
999030723;0622200000012529;ja
999030735;0622200000013370;ja
999030747;0622200000032393;ja
999030759;0622200000010349;ja
999030759;0622200000011563;ja
999030759;0622200000011733;ja
999030759;0622200000017285;ja
999030759;0622200000019900;ja
999030759;0622200000027932;ja
999030759;0622200000027996;ja
999030759;0622200000028522;ja
999030759;0622200000030728;ja
999030759;0622200000035059;ja
999030759;0622200000035248;ja
999030760;0622200000033036;ja
999030772;0622200000027067;ja
999030784;0622200000012741;ja
999030796;0622200000023025;ja
999030802;0622200000002377;ja
999030814;0622200000002799;ja
999030826;0622200000029128;ja
999030838;0622200000029289;ja
999030851;0622200000022289;ja
999030851;0622200000022434;ja
999030863;0622200000002775;ja
999030863;0622200000014141;ja
999030863;0622200000016735;ja
999030863;0622200000023777;ja
999030875;0622200000023267;ja
999030887;0622200000012046;ja
999030899;0622200000014509;ja
999030905;0622200000028479;ja
999030917;0622200000004882;ja
999030929;0622200000042477;ja
999030930;0622200000023056;ja
999030942;0622200000006222;ja
999030954;0622200000013375;ja
999030966;0622200000022435;ja
999030966;0622200000022766;ja
999030978;0622200000023019;ja
999030991;0622200000004803;ja
999031028;0622200000028476;ja
999031041;0622200000029262;ja
999031053;0622200000006220;ja
999031065;0622200000006537;ja
999031065;0622200000023647;ja
999031077;0622200000004819;ja
999031089;0622200000006707;ja
999031090;0622200000010382;ja
999031090;0622200000037728;ja
999031090;0622200000037731;ja
999031090;0622200000039457;ja
999031090;0622200000045880;ja
999031107;0622200000023656;ja
999031119;0622200000029966;ja
999031120;0622200000002797;ja
999031132;0622200000006232;ja
999031144;0622200000022440;ja
999031156;0622200000023956;ja
999031168;0622200000022923;ja
999031181;0622200000022454;ja
999031181;0622200000037100;ja
999031193;0622200000022638;ja
999031211;0622200000032395;ja
999031223;0622200000023279;ja
999031235;0622200000029289;ja
999031247;0622200000010252;ja
999031259;0622200000012155;ja
999031260;0622200000006234;ja
999031272;0622200000046439;ja
999031272;0622200000046440;ja
999031272;0622200000046441;ja
999031284;0622200000012050;ja
999031296;0622200000027422;ja
999031302;0622200000012178;ja
999031314;0622200000032862;ja
999031326;0622200000016453;ja
999031326;0622200000016454;ja
999031326;0622200000042738;ja
999031326;0622200000042739;ja
999031338;0622200000017113;ja
999031351;0622200000020513;ja
999031363;0622200000019479;ja
999031363;0622200000046761;ja
999031363;0622200000046762;ja
999031375;0622200000023266;ja
999031387;0622200000014434;ja
999031399;0622200000006218;ja
999031405;0622200000032335;ja
999031417;0622200000038453;ja
999031429;0622200000004816;ja
999031430;0622200000022465;ja
999031430;0622200000022605;ja
999031442;0622200000028484;ja
999031454;0622200000032380;ja
999031466;0622200000023189;ja
999031478;0622200000014521;ja
999031491;0622200000006225;ja
999031508;0622200000022294;ja
999031508;0622200000022770;ja
999031521;0622200000032893;ja
999031533;0622200000022888;ja
999031545;0622200000033286;ja
999031545;0622200000033288;ja
999031545;0622200000033432;ja
999031545;0622200000033434;ja
999031545;0622200000033436;ja
999031545;0622200000033438;ja
999031545;0622200000033440;ja
999031545;0622200000033442;ja
999031545;0622200000033444;ja
999031545;0622200000033446;ja
999031545;0622200000033448;ja
999031545;0622200000033450;ja
999031545;0622200000033452;ja
999031545;0622200000033455;ja
999031545;0622200000033457;ja
999031545;0622200000033459;ja
999031545;0622200000033461;ja
999031545;0622200000033463;ja
999031545;0622200000033465;ja
999031545;0622200000033590;ja
999031545;0622200000043050;ja
999031545;0622200000043051;ja
999031545;0622200000043052;ja
999031545;0622200000045504;ja
999031545;0622200000049490;ja
999031545;0622200000049491;ja
999031545;0622200000049492;ja
999031545;0622200000049493;ja
999031569;0622200000017111;ja
999031570;0622200000012450;ja
999031582;0622200000012729;ja
999031594;0622200000032632;ja
999031600;0622200000033029;ja
999031612;0622200000032890;ja
999031624;0622200000023035;ja
999031636;0622200000013369;ja
999031648;0622200000032626;ja
999031673;0622200000004819;ja
999031685;0622200000023280;ja
999031697;0622200000022613;ja
999031697;0622200000022631;ja
999031703;0622200000023195;ja
999031715;0622200000022888;ja
999031727;0622200000012148;ja
999031739;0622200000023185;ja
999031740;0622200000005047;ja
999031740;0622200000041698;ja
999031740;0622200000041710;ja
999031752;0622200000023665;ja
999031764;0622200000032629;ja
999031788;0622200000023276;ja
999031806;0622200000023190;ja
999031818;0622200000032636;ja
999031831;0622200000004807;ja
999031843;0622200000029126;ja
999031855;0622200000029963;ja
999031879;0622200000004815;ja
999031880;0622200000028486;ja
999031892;0622200000023034;ja
999031909;0622200000028120;ja
999031910;0622200000014525;ja
999031922;0622200000023666;ja
999031946;0622200000023021;ja
999031958;0622200000002794;ja
999031971;0622200000022438;ja
999031983;0622200000012579;ja
999031983;0622200000041534;ja
999031995;0622200000032381;ja
999032008;0622200000032636;ja
999032021;0622200000014535;ja
999032033;0622200000023046;ja
999032045;0622200000028234;ja
999032057;0622200000006228;ja
999032069;0622200000022431;ja
999032069;0622200000022768;ja
999032070;0622200000019479;ja
999032070;0622200000046761;ja
999032070;0622200000046762;ja
999032082;0622200000022299;ja
999032082;0622200000022447;ja
999032094;0622200000023271;ja
999032100;0622200000023654;ja
999032112;0622200000014304;ja
999032112;0622200000023067;ja
999032124;0622200000013981;ja
999032136;0622200000022630;ja
999032148;0622200000012451;ja
999032161;0622200000023275;ja
999032185;0622200000012180;ja
999032197;0622200000029261;ja
999032203;0622200000022885;ja
999032215;0622200000002795;ja
999032227;0622200000041534;ja
999032239;0622200000022457;ja
999032239;0622200000022471;ja
999032240;0622200000029279;ja
999032252;0622200000014529;ja
999032264;0622200000023283;ja
999032276;0622200000033930;ja
999032288;0622200000023053;ja
999032288;0622200000032940;ja
999032306;0622200000022615;ja
999032306;0622200000022637;ja
999032318;0622200000004629;ja
999032331;0622200000029964;ja
999032343;0622200000045021;ja
999032355;0622200000004810;ja
999032367;0622200000006231;ja
999032379;0622200000022883;ja
999032380;0622200000023658;ja
999032392;0622200000023275;ja
999032409;0622200000022887;ja
999032410;0622200000004633;ja
999032422;0622200000029434;ja
999032434;0622200000022459;ja
999032434;0622200000022603;ja
999032434;0622200000026864;ja
999032446;0622200000013375;ja
999032458;0622200000017568;ja
999032458;0622200000032630;ja
999032471;0622200000022610;ja
999032483;0622200000033023;ja
999032495;0622200000022617;ja
999032495;0622200000022769;ja
999032501;0622200000006480;ja
999032501;0622200000006878;ja
999032513;0622200000029839;ja
999032537;0622200000012742;ja
999032537;0622200000024089;ja
999032537;0622200000024091;ja
999032537;0622200000038195;ja
999032549;0622200000023957;ja
999032550;0622200000032390;ja
999032562;0622200000022634;ja
999032586;0622200000022453;ja
999032586;0622200000022601;ja
999032598;0622200000012530;ja
999032604;0622200000022468;ja
999032616;0622200000022458;ja
999032628;0622200000023029;ja
999032641;0622200000014535;ja
999032653;0622200000022618;ja
999032665;0622200000029297;ja
999032677;0622200000006230;ja
999032689;0622200000004455;ja
999032689;0622200000010188;ja
999032689;0622200000010192;ja
999032689;0622200000013967;ja
999032689;0622200000023290;ja
999032689;0622200000027901;ja
999032689;0622200000033922;ja
999032689;0622200000042298;ja
999032689;0622200000045964;ja
999032689;0622200000045965;ja
999032689;0622200000045966;ja
999032689;0622200000045967;ja
999032690;0622200000023052;ja
999032707;0622200000032387;ja
999032719;0622200000022715;ja
999032720;0622200000004797;ja
999032732;0622200000004884;ja
999032744;0622200000032378;ja
999032756;0622200000004630;ja
999032768;0622200000006221;ja
999032781;0622200000029263;ja
999032793;0622200000045020;ja
999032811;0622200000023663;ja
999032823;0622200000002378;ja
999032835;0622200000014517;ja
999032847;0622200000028489;ja
999032859;0622200000023036;ja
999032860;0622200000029416;ja
999032860;0622200000032335;ja
999032872;0622200000014514;ja
999032884;0622200000023040;ja
999032896;0622200000020512;ja
999032896;0622200000050087;ja
999032902;0622200000024478;ja
999032902;0622200000024479;ja
999032914;0622200000032893;ja
999032926;0622200000006227;ja
999032938;0622200000004825;ja
999032951;0622200000012155;ja
999032963;0622200000012731;ja
999032963;0622200000039623;ja
999032975;0622200000002788;ja
999032975;0622200000002790;ja
999032975;0622200000002792;ja
999032975;0622200000004818;ja
999032987;0622200000022889;ja
999033001;0622200000022616;ja
999033013;0622200000013503;ja
999033025;0622200000023020;ja
999033037;0622200000024443;ja
999033037;0622200000024445;ja
999033037;0622200000030063;ja
999033049;0622200000022469;ja
999033050;0622200000028479;ja
999033050;0622200000028480;ja
999033062;0622200000006236;ja
999033074;0622200000010383;ja
999033074;0622200000010384;ja
999033074;0622200000039459;ja
999033086;0622200000023284;ja
999033098;0622200000023015;ja
999033104;0622200000023030;ja
999033116;0622200000028434;ja
999033128;0622200000023287;ja
999033141;0622200000033927;ja
999033153;0622200000014522;ja
999033165;0622200000029956;ja
999033177;0622200000022629;ja
999033177;0622200000022773;ja
999033189;0622200000004808;ja
999033190;0622200000028130;ja
999033207;0622200000023036;ja
999033219;0622200000023269;ja
999033220;0622200000014107;ja
999033232;0622200000024608;ja
999033244;0622200000022628;ja
999033268;0622200000029966;ja
999033281;0622200000004812;ja
999033293;0622200000014107;ja
999033311;0622200000012338;ja
999033323;0622200000029265;ja
999033335;0622200000016158;ja
999033347;0622200000023789;ja
999033359;0622200000028526;ja
999033360;0622200000029256;ja
999033372;0622200000033925;ja
999033384;0622200000022433;ja
999033384;0622200000022456;ja
999033396;0622200000029259;ja
999033402;0622200000002776;ja
999033414;0622200000028475;ja
999033426;0622200000004798;ja
999033438;0622200000014104;ja
999033451;0622200000002797;ja
999033463;0622200000006672;ja
999033475;0622200000022467;ja
999033475;0622200000022611;ja
999033499;0622200000012722;ja
999033499;0622200000040340;ja
999033505;0622200000023661;ja
999033517;0622200000023026;ja
999033529;0622200000002778;ja
999033530;0622200000013369;ja
999033542;0622200000012028;ja
999033554;0622200000028434;ja
999033566;0622200000015784;ja
999033566;0622200000029837;ja
999033578;0622200000028474;ja
999033591;0622200000022610;ja
999033608;0622200000014116;ja
999033621;0622200000014117;ja
999033633;0622200000006717;ja
999033645;0622200000004817;ja
999033657;0622200000033932;ja
999033669;0622200000016461;ja
999033669;0622200000040498;ja
999033670;0622200000023263;ja
999033682;0622200000009533;ja
999033682;0622200000009535;ja
999033694;0622200000002375;ja
999033700;0622200000006652;ja
999033712;0622200000029428;ja
999033724;0622200000032389;ja
999033736;0622200000002793;ja
999033748;0622200000029287;ja
999033773;0622200000012726;ja
999033785;0622200000023055;ja
999033827;0622200000002762;ja
999033827;0622200000006219;ja
999033839;0622200000017112;ja
999033840;0622200000039799;ja
999033852;0622200000020513;ja
999033864;0622200000002804;ja
999033876;0622200000006717;ja
999033888;0622200000023184;ja
999033918;0622200000032391;ja
999033943;0622200000004805;ja
999033955;0622200000002781;ja
999033967;0622200000023650;ja
999033979;0622200000024609;ja
999033980;0622200000022298;ja
999033980;0622200000022600;ja
999033992;0622200000028521;ja
999034017;0622200000032386;ja
999034029;0622200000028438;ja
999034030;0622200000002789;ja
999034042;0622200000012450;ja
999034145;0622200000023955;ja
999034157;0622200000014513;ja
999034182;0622200000032888;ja
999034194;0622200000014525;ja
999034200;0622200000004804;ja
999034224;0622200000029961;ja
999034236;0622200000012730;ja
999034236;0622200000012740;ja
999034236;0622200000039625;ja
999034248;0622200000023654;ja
999034261;0622200000023057;ja
999034273;0622200000032388;ja
999034285;0622200000022443;ja
999034285;0622200000022772;ja
999034297;0622200000006229;ja
999034303;0622200000023050;ja
999034315;0622200000024429;ja
999034327;0622200000012284;ja
999034339;0622200000006702;ja
999034340;0622200000004633;ja
999034352;0622200000020519;ja
999034364;0622200000028270;ja
999034376;0622200000046317;ja
999034388;0622200000032397;ja
999034406;0622200000016442;ja
999034418;0622200000029961;ja
999034431;0622200000004811;ja
999034443;0622200000029287;ja
999034455;0622200000029256;ja
999034467;0622200000014427;ja
999034479;0622200000012580;ja
999034479;0622200000038629;ja
999034480;0622200000022922;ja
999034492;0622200000002775;ja
999034492;0622200000014141;ja
999034492;0622200000016735;ja
999034509;0622200000014515;ja
999034510;0622200000022614;ja
999034522;0622200000023045;ja
999034534;0622200000022464;ja
999034546;0622200000012052;ja
999034558;0622200000022439;ja
999034558;0622200000022460;ja
999034571;0622200000002801;ja
999034583;0622200000023649;ja
999034595;0622200000023183;ja
999034601;0622200000024485;ja
999034601;0622200000038432;ja
999034613;0622200000023646;ja
999034613;0622200000042193;ja
999034625;0622200000016154;ja
999034637;0622200000023024;ja
999034649;0622200000020518;ja
999034650;0622200000022442;ja
999034662;0622200000046680;ja
999034674;0622200000013498;ja
999034686;0622200000026447;ja
999034686;0622200000026448;ja
999034698;0622200000014507;ja
999034704;0622200000032730;ja
999034716;0622200000014106;ja
999034728;0622200000028437;ja
999034741;0622200000006672;ja
999034753;0622200000029259;ja
999034765;0622200000002796;ja
999034777;0622200000033131;ja
999034789;0622200000022294;ja
999034789;0622200000022770;ja
999034790;0622200000032860;ja
999034807;0622200000022292;ja
999034819;0622200000014524;ja
999034820;0622200000004618;ja
999034832;0622200000032394;ja
999034844;0622200000029422;ja
999034856;0622200000022459;ja
999034856;0622200000022603;ja
999034868;0622200000022889;ja
999034881;0622200000023186;ja
999034881;0622200000032497;ja
999034893;0622200000023270;ja
999034911;0622200000022632;ja
999034923;0622200000029424;ja
999034935;0622200000014518;ja
999034947;0622200000004613;ja
999034959;0622200000023191;ja
999034960;0622200000014533;ja
999034972;0622200000029968;ja
999034984;0622200000023951;ja
999034996;0622200000028780;ja
999035009;0622200000023281;ja
999035010;0622200000012159;ja
999035022;0622200000029291;ja
999035034;0622200000012306;ja
999035046;0622200000023023;ja
999035058;0622200000023017;ja
999035071;0622200000014519;ja
999035083;0622200000022437;ja
999035083;0622200000022602;ja
999035095;0622200000032886;ja
999035101;0622200000024485;ja
999035101;0622200000038432;ja
999035113;0622200000023268;ja
999035125;0622200000028133;ja
999035137;0622200000014512;ja
999035149;0622200000004624;ja
999035150;0622200000022632;ja
999035162;0622200000002787;ja
999035174;0622200000002779;ja
999035186;0622200000004614;ja
999035198;0622200000014512;ja
999035204;0622200000029263;ja
999035216;0622200000028116;ja
999035216;0622200000032874;ja
999035228;0622200000014506;ja
999035241;0622200000006225;ja
999035253;0622200000023032;ja
999035265;0622200000017050;ja
999035265;0622200000023652;ja
999035277;0622200000012746;ja
999035277;0622200000024628;ja
999035289;0622200000027420;ja
999035290;0622200000006657;ja
999035307;0622200000023185;ja
999035319;0622200000004886;ja
999035320;0622200000012737;ja
999035332;0622200000013372;ja
999035344;0622200000022604;ja
999035356;0622200000002776;ja
999035368;0622200000012582;ja
999035368;0622200000012585;ja
999035368;0622200000048327;ja
999035381;0622200000022619;ja
999035381;0622200000022633;ja
999035393;0622200000002804;ja
999035411;0622200000023025;ja
999035423;0622200000033926;ja
999035435;0622200000029283;ja
999035447;0622200000023664;ja
999035459;0622200000024447;ja
999035460;0622200000023033;ja
999035472;0622200000002793;ja
999035484;0622200000004769;ja
999035484;0622200000048954;ja
999035496;0622200000033025;ja
999035502;0622200000016152;ja
999035514;0622200000023028;ja
999035526;0622200000004802;ja
999035538;0622200000022623;ja
999035538;0622200000022771;ja
999035551;0622200000002799;ja
999035563;0622200000022432;ja
999035563;0622200000022449;ja
999035575;0622200000032625;ja
999035587;0622200000023659;ja
999035599;0622200000029260;ja
999035599;0622200000038189;ja
999035605;0622200000028438;ja
999035617;0622200000033137;ja
999035629;0622200000002782;ja
999035629;0622200000045140;ja
999035630;0622200000022608;ja
999035642;0622200000012741;ja
999035654;0622200000013502;ja
999035666;0622200000032633;ja
999035678;0622200000017113;ja
999035691;0622200000014104;ja
999035708;0622200000006692;ja
999035721;0622200000032875;ja
999035733;0622200000032158;ja
999035745;0622200000006237;ja
999035757;0622200000033928;ja
999035769;0622200000004794;ja
999035770;0622200000023284;ja
999035782;0622200000007821;ja
999035782;0622200000029381;ja
999035782;0622200000047249;ja
999035782;0622200000047250;ja
999035794;0622200000004629;ja
999035800;0622200000023033;ja
999036191;0622200000012030;ja
999036208;0622200000022298;ja
999036208;0622200000022600;ja
999036221;0622200000029291;ja
999036233;0622200000022621;ja
999036233;0622200000022639;ja
999036245;0622200000023787;ja
999036257;0622200000012449;ja
999036269;0622200000006537;ja
999036269;0622200000023647;ja
999036282;0622200000020514;ja
999036294;0622200000012601;ja
999036294;0622200000012728;ja
999036300;0622200000023662;ja
999036312;0622200000020512;ja
999036312;0622200000050087;ja
999036324;0622200000033920;ja
999036336;0622200000014526;ja
999036348;0622200000004618;ja
999036361;0622200000032394;ja
999036373;0622200000029422;ja
999036385;0622200000023186;ja
999036385;0622200000032497;ja
999036397;0622200000022459;ja
999036397;0622200000022603;ja
999036403;0622200000033920;ja
999036415;0622200000022630;ja
999036427;0622200000014508;ja
999036439;0622200000023272;ja
999036440;0622200000004616;ja
999036452;0622200000004810;ja
999036464;0622200000028131;ja
999036476;0622200000028490;ja
999036488;0622200000012026;ja
999036506;0622200000007095;ja
999036506;0622200000013139;ja
999036506;0622200000015584;ja
999036506;0622200000016452;ja
999036506;0622200000024483;ja
999036506;0622200000046234;ja
999036506;0622200000046235;ja
999036518;0622200000028470;ja
999036531;0622200000023667;ja
999036543;0622200000023651;ja
999036555;0622200000023030;ja
999036567;0622200000030086;ja
999036579;0622200000032393;ja
999036580;0622200000027422;ja
999036592;0622200000023655;ja
999036609;0622200000022615;ja
999036609;0622200000022637;ja
999036610;0622200000022302;ja
999036610;0622200000022624;ja
999036622;0622200000023193;ja
999036634;0622200000012738;ja
999036646;0622200000013499;ja
999036658;0622200000004821;ja
999036671;0622200000032634;ja
999036683;0622200000022622;ja
999036695;0622200000028489;ja
999036701;0622200000022465;ja
999036701;0622200000022605;ja
999036713;0622200000022612;ja
999036737;0622200000002376;ja
999036749;0622200000006677;ja
999036750;0622200000004880;ja
999036762;0622200000004813;ja
999036774;0622200000002798;ja
999036786;0622200000017107;ja
999036798;0622200000012178;ja
999036804;0622200000022606;ja
999036816;0622200000029127;ja
999036828;0622200000016600;ja
999036828;0622200000030089;ja
999036828;0622200000030090;ja
999036841;0622200000013374;ja
999036853;0622200000012338;ja
999036865;0622200000012589;ja
999036877;0622200000029965;ja
999036889;0622200000023027;ja
999036890;0622200000023276;ja
999036907;0622200000033926;ja
999036919;0622200000004824;ja
999036920;0622200000032867;ja
999036920;0622200000041052;ja
999036932;0622200000002372;ja
999036944;0622200000029281;ja
999036956;0622200000033931;ja
999036968;0622200000023663;ja
999036981;0622200000023288;ja
999036993;0622200000034605;ja
999036993;0622200000040335;ja
999036993;0622200000046679;ja
999037006;0622200000004810;ja
999037018;0622200000029269;ja
999037031;0622200000023192;ja
999037043;0622200000012598;ja
999037055;0622200000011667;ja
999037067;0622200000014523;ja
999037079;0622200000032889;ja
999037080;0622200000023957;ja
999037092;0622200000023051;ja
999037109;0622200000023017;ja
999037110;0622200000023285;ja
999037122;0622200000012163;ja
999037134;0622200000022886;ja
999037146;0622200000022432;ja
999037146;0622200000022449;ja
999037158;0622200000023651;ja
999037171;0622200000022598;ja
999037183;0622200000029258;ja
999037195;0622200000013368;ja
999037201;0622200000022613;ja
999037201;0622200000022631;ja
999037213;0622200000022616;ja
999037225;0622200000032156;ja
999037237;0622200000014511;ja
999037249;0622200000023021;ja
999037250;0622200000023281;ja
999037262;0622200000014527;ja
999037274;0622200000023789;ja
999037286;0622200000032881;ja
999037298;0622200000023956;ja
999037304;0622200000023052;ja
999037316;0622200000029262;ja
999037341;0622200000013373;ja
999037353;0622200000004885;ja
999037365;0622200000022924;ja
999037377;0622200000006234;ja
999037389;0622200000023953;ja
999037390;0622200000023273;ja
999037419;0622200000006222;ja
999037420;0622200000029129;ja
999037432;0622200000005014;ja
999037432;0622200000005015;ja
999037432;0622200000013131;ja
999037432;0622200000041696;ja
999037444;0622200000013501;ja
999037456;0622200000029839;ja
999037468;0622200000012739;ja
999037481;0622200000029273;ja
999037493;0622200000032628;ja
999037511;0622200000022464;ja
999037523;0622200000014515;ja
999037535;0622200000013981;ja
999037547;0622200000006712;ja
999037559;0622200000023182;ja
999037560;0622200000020519;ja
999037572;0622200000032897;ja
999037584;0622200000004882;ja
999037596;0622200000013367;ja
999037602;0622200000022290;ja
999037602;0622200000022470;ja
999037614;0622200000046861;ja
999037614;0622200000046862;ja
999037614;0622200000046863;ja
999037626;0622200000006662;ja
999037638;0622200000012336;ja
999037651;0622200000028490;ja
999037663;0622200000014296;ja
999037675;0622200000016452;ja
999037675;0622200000024483;ja
999037675;0622200000046236;ja
999037675;0622200000046237;ja
999037687;0622200000028471;ja
999037699;0622200000023664;ja
999037705;0622200000029428;ja
999037717;0622200000002791;ja
999037729;0622200000014520;ja
999037730;0622200000029832;ja
999037754;0622200000032392;ja
999037766;0622200000029424;ja
999037778;0622200000022887;ja
999037791;0622200000002371;ja
999037808;0622200000004794;ja
999037821;0622200000023272;ja
999037833;0622200000004455;ja
999037833;0622200000010188;ja
999037833;0622200000010192;ja
999037833;0622200000013967;ja
999037833;0622200000023290;ja
999037833;0622200000027901;ja
999037833;0622200000033922;ja
999037833;0622200000042298;ja
999037833;0622200000045964;ja
999037833;0622200000045965;ja
999037833;0622200000045966;ja
999037833;0622200000045967;ja
999037845;0622200000022634;ja
999037857;0622200000029432;ja
999037869;0622200000033932;ja
999037870;0622200000004816;ja
999037882;0622200000010349;ja
999037882;0622200000011563;ja
999037882;0622200000011733;ja
999037882;0622200000017285;ja
999037882;0622200000019900;ja
999037882;0622200000027932;ja
999037882;0622200000027996;ja
999037882;0622200000028522;ja
999037882;0622200000028878;ja
999037882;0622200000030728;ja
999037882;0622200000035059;ja
999037894;0622200000029958;ja
999037900;0622200000029955;ja
999037912;0622200000022716;ja
999037924;0622200000004803;ja
999037936;0622200000023055;ja
999037948;0622200000012586;ja
999037948;0622200000015233;ja
999037985;0622200000004614;ja
999037997;0622200000022638;ja
999038011;0622200000005906;ja
999038023;0622200000002379;ja
999038023;0622200000004727;ja
999038023;0622200000014467;ja
999038035;0622200000022607;ja
999038047;0622200000039644;ja
999038059;0622200000004628;ja
999038060;0622200000032379;ja
999038072;0622200000012149;ja
999038084;0622200000032892;ja
999038096;0622200000022431;ja
999038096;0622200000022768;ja
999038102;0622200000022625;ja
999038102;0622200000022635;ja
999038308;0622200000035045;ja
999038394;0622200000035046;ja
999038412;0622200000035047;ja
999038485;0622200000035047;ja
999038564;0622200000035048;ja
999038655;0622200000035053;ja
999038758;0622200000035055;ja
999038771;0622200000035057;ja
999038795;0622200000035060;ja
999038813;0622200000032607;ja
999038862;0622200000032607;ja
999038874;0622200000025595;ja
999038874;0622200000032609;ja
999038886;0622200000025595;ja
999038886;0622200000032609;ja
999038941;0622200000032609;ja
999038977;0622200000032610;ja
999039039;0622200000032610;ja
999039076;0622200000032612;ja
999039143;0622200000032613;ja
999039155;0622200000032613;ja
999039180;0622200000004509;ja
999039180;0622200000017878;ja
999039180;0622200000032615;ja
999039209;0622200000032616;ja
999039258;0622200000032617;ja
999039301;0622200000032618;ja
999039313;0622200000032618;ja
999039350;0622200000032619;ja
999039398;0622200000032619;ja
999039489;0622200000032620;ja
999039519;0622200000032621;ja
999039532;0622200000032622;ja
999039556;0622200000032623;ja
999039611;0622200000005010;ja
999039611;0622200000005011;ja
999039684;0622200000005010;ja
999039684;0622200000005011;ja
999039726;0622200000019925;ja
999039726;0622200000039515;ja
999039787;0622200000028491;ja
999039817;0622200000032614;ja
999039842;0622200000028491;ja
999039866;0622200000028483;ja
999039933;0622200000015649;ja
999039933;0622200000028487;ja
999039957;0622200000015649;ja
999039957;0622200000028487;ja
999039969;0622200000028481;ja
999039970;0622200000028481;ja
999039982;0622200000021370;ja
999039982;0622200000024321;ja
999039982;0622200000028477;ja
999039982;0622200000032464;ja
999040182;0622200000014293;ja
999040236;0622200000006368;ja
999040248;0622200000021370;ja
999040248;0622200000024321;ja
999040248;0622200000028477;ja
999040248;0622200000032464;ja
999040261;0622200000006364;ja
999040285;0622200000006360;ja
999040297;0622200000006369;ja
999040303;0622200000006361;ja
999040339;0622200000006370;ja
999040352;0622200000006366;ja
999040467;0622200000006362;ja
999040522;0622200000006371;ja
999040534;0622200000006367;ja
999040558;0622200000006363;ja
999040583;0622200000026460;ja
999040601;0622200000030651;ja
999040613;0622200000030777;ja
999040625;0622200000030777;ja
999040686;0622200000030776;ja
999040704;0622200000030778;ja
999040728;0622200000030779;ja
999040741;0622200000030776;ja
999040765;0622200000030776;ja
999040790;0622200000037783;ja
999040819;0622200000014293;ja
999040881;0622200000016139;ja
999040972;0622200000022717;ja
999040972;0622200000048959;ja
999040984;0622200000022718;ja
999041010;0622200000022721;ja
999041101;0622200000022722;ja
999041162;0622200000022851;ja
999041186;0622200000022852;ja
999041204;0622200000022853;ja
999041241;0622200000022853;ja
999041265;0622200000022854;ja
999041290;0622200000022854;ja
999041307;0622200000003652;ja
999041307;0622200000022855;ja
999041332;0622200000022856;ja
999041356;0622200000029916;ja
999041368;0622200000029916;ja
999041381;0622200000012334;ja
999041459;0622200000012335;ja
999041460;0622200000012335;ja
999041526;0622200000012337;ja
999041563;0622200000012341;ja
999041575;0622200000012339;ja
999041605;0622200000022544;ja
999041629;0622200000022545;ja
999041630;0622200000028328;ja
999041812;0622200000028465;ja
999041824;0622200000028467;ja
999041861;0622200000028468;ja
999041939;0622200000028469;ja
999041940;0622200000028469;ja
999041964;0622200000033766;ja
999042002;0622200000033766;ja
999042014;0622200000033768;ja
999042038;0622200000010440;ja
999042038;0622200000028424;ja
999042063;0622200000028425;ja
999042129;0622200000022926;ja
999042130;0622200000022928;ja
999042142;0622200000022929;ja
999042154;0622200000022930;ja
999042166;0622200000016141;ja
999042178;0622200000016141;ja
999042191;0622200000028256;ja
999042208;0622200000028256;ja
999042221;0622200000030266;ja
999042233;0622200000030266;ja
999042245;0622200000033944;ja
999042257;0622200000033945;ja
999042269;0622200000014301;ja
999042270;0622200000014301;ja
999042282;0622200000014303;ja
999042294;0622200000014303;ja
999042300;0622200000012185;ja
999042312;0622200000012182;ja
999042324;0622200000006241;ja
999042348;0622200000006528;ja
999042373;0622200000015197;ja
999042385;0622200000009507;ja
999042397;0622200000032898;ja
999042403;0622200000033021;ja
999042415;0622200000033022;ja
999042427;0622200000002247;ja
999042427;0622200000002568;ja
999042427;0622200000007984;ja
999042427;0622200000015125;ja
999042427;0622200000015128;ja
999042427;0622200000020205;ja
999042427;0622200000032994;ja
999042427;0622200000033026;ja
999042427;0622200000033528;ja
999042439;0622200000002247;ja
999042439;0622200000002568;ja
999042439;0622200000007984;ja
999042439;0622200000015125;ja
999042439;0622200000015128;ja
999042439;0622200000020205;ja
999042439;0622200000032994;ja
999042439;0622200000033026;ja
999042439;0622200000033528;ja
999042440;0622200000002247;ja
999042440;0622200000002568;ja
999042440;0622200000007984;ja
999042440;0622200000015125;ja
999042440;0622200000015128;ja
999042440;0622200000020205;ja
999042440;0622200000032994;ja
999042440;0622200000033026;ja
999042440;0622200000033528;ja
999042452;0622200000002247;ja
999042452;0622200000002568;ja
999042452;0622200000007984;ja
999042452;0622200000015125;ja
999042452;0622200000015128;ja
999042452;0622200000020205;ja
999042452;0622200000032994;ja
999042452;0622200000033026;ja
999042452;0622200000033528;ja
999042464;0622200000002247;ja
999042464;0622200000002568;ja
999042464;0622200000007984;ja
999042464;0622200000015125;ja
999042464;0622200000015128;ja
999042464;0622200000020205;ja
999042464;0622200000032994;ja
999042464;0622200000033026;ja
999042464;0622200000033528;ja
999042476;0622200000002247;ja
999042476;0622200000002568;ja
999042476;0622200000007984;ja
999042476;0622200000015125;ja
999042476;0622200000015128;ja
999042476;0622200000020205;ja
999042476;0622200000032994;ja
999042476;0622200000033026;ja
999042476;0622200000033528;ja
999042488;0622200000002247;ja
999042488;0622200000002568;ja
999042488;0622200000007984;ja
999042488;0622200000015125;ja
999042488;0622200000015128;ja
999042488;0622200000020205;ja
999042488;0622200000032994;ja
999042488;0622200000033026;ja
999042488;0622200000033528;ja
999042506;0622200000002247;ja
999042506;0622200000002568;ja
999042506;0622200000007984;ja
999042506;0622200000015125;ja
999042506;0622200000015128;ja
999042506;0622200000020205;ja
999042506;0622200000032994;ja
999042506;0622200000033026;ja
999042506;0622200000033528;ja
999042518;0622200000002247;ja
999042518;0622200000002568;ja
999042518;0622200000007984;ja
999042518;0622200000015125;ja
999042518;0622200000015128;ja
999042518;0622200000020205;ja
999042518;0622200000032994;ja
999042518;0622200000033026;ja
999042518;0622200000033528;ja
999042531;0622200000033027;ja
999042543;0622200000033028;ja
999042555;0622200000008146;ja
999042555;0622200000024312;ja
999042555;0622200000024315;ja
999042555;0622200000032871;ja
999042567;0622200000008146;ja
999042567;0622200000024312;ja
999042567;0622200000024315;ja
999042567;0622200000032871;ja
999042579;0622200000008147;ja
999042580;0622200000008148;ja
999042592;0622200000008143;ja
999042622;0622200000008144;ja
999042634;0622200000008145;ja
999042646;0622200000008142;ja
999042658;0622200000008139;ja
999042658;0622200000033869;ja
999042671;0622200000008145;ja
999042683;0622200000008140;ja
999042695;0622200000008141;ja
999042701;0622200000008141;ja
999042713;0622200000008136;ja
999042725;0622200000008134;ja
999042725;0622200000047607;ja
999042737;0622200000008129;ja
999042749;0622200000008129;ja
999042750;0622200000008130;ja
999042762;0622200000008128;ja
999042762;0622200000029694;ja
999042774;0622200000008125;ja
999042786;0622200000008119;ja
999042798;0622200000008119;ja
999042804;0622200000008125;ja
999042816;0622200000008127;ja
999042828;0622200000008121;ja
999042841;0622200000007994;ja
999042853;0622200000008118;ja
999042865;0622200000007992;ja
999042877;0622200000007993;ja
999042889;0622200000007994;ja
999042890;0622200000007985;ja
999042907;0622200000007994;ja
999042919;0622200000007985;ja
999042920;0622200000007986;ja
999042932;0622200000007980;ja
999042944;0622200000007987;ja
999042956;0622200000007987;ja
999042968;0622200000007981;ja
999042981;0622200000007972;ja
999042981;0622200000007973;ja
999042993;0622200000007974;ja
999043006;0622200000007975;ja
999043018;0622200000007965;ja
999043031;0622200000007975;ja
999043043;0622200000008137;ja
999043043;0622200000012707;ja
999043055;0622200000007966;ja
999043067;0622200000007967;ja
999043079;0622200000007959;ja
999043080;0622200000007959;ja
999043092;0622200000007960;ja
999043109;0622200000007960;ja
999043110;0622200000007958;ja
999043122;0622200000007832;ja
999043134;0622200000007832;ja
999043146;0622200000007833;ja
999043158;0622200000007833;ja
999043171;0622200000024838;ja
999043183;0622200000007826;ja
999043195;0622200000007827;ja
999043201;0622200000007828;ja
999043213;0622200000007825;ja
999043225;0622200000007819;ja
999043237;0622200000007820;ja
999043237;0622200000033305;ja
999043249;0622200000007813;ja
999043250;0622200000007814;ja
999043262;0622200000007815;ja
999043274;0622200000007815;ja
999043298;0622200000007807;ja
999043304;0622200000007807;ja
999043316;0622200000027964;ja
999043328;0622200000008384;ja
999043328;0622200000017189;ja
999043328;0622200000027966;ja
999043341;0622200000028134;ja
999043353;0622200000028134;ja
999043353;0622200000028748;ja
999043365;0622200000007808;ja
999043377;0622200000007801;ja
999043389;0622200000007802;ja
999043390;0622200000007799;ja
999043407;0622200000007801;ja
999043419;0622200000007669;ja
999043420;0622200000007669;ja
999043432;0622200000007670;ja
999043444;0622200000007670;ja
999043456;0622200000007794;ja
999043468;0622200000007794;ja
999043481;0622200000007661;ja
999043481;0622200000007662;ja
999043493;0622200000007664;ja
999043511;0622200000007663;ja
999043523;0622200000007664;ja
999043547;0622200000007655;ja
999043559;0622200000007656;ja
999043560;0622200000007657;ja
999043572;0622200000007649;ja
999043584;0622200000007649;ja
999043584;0622200000019910;ja
999043596;0622200000007650;ja
999043602;0622200000007651;ja
999043614;0622200000007648;ja
999043626;0622200000007641;ja
999043638;0622200000007641;ja
999043651;0622200000007642;ja
999043663;0622200000007640;ja
999043663;0622200000008172;ja
999043663;0622200000008173;ja
999043663;0622200000037067;ja
999043663;0622200000039757;ja
999043675;0622200000007643;ja
999043687;0622200000007643;ja
999043699;0622200000007636;ja
999043705;0622200000007822;ja
999043729;0622200000007823;ja
999043730;0622200000007829;ja
999043742;0622200000007831;ja
999043754;0622200000007835;ja
999043766;0622200000007835;ja
999043778;0622200000007836;ja
999043791;0622200000007962;ja
999043791;0622200000007968;ja
999043808;0622200000007963;ja
999043821;0622200000007964;ja
999043833;0622200000007969;ja
999043845;0622200000007970;ja
999043857;0622200000007970;ja
999043869;0622200000007976;ja
999043870;0622200000007971;ja
999043882;0622200000007976;ja
999043894;0622200000007982;ja
999043900;0622200000007983;ja
999043912;0622200000007977;ja
999043924;0622200000007978;ja
999043936;0622200000007979;ja
999043936;0622200000026866;ja
999043948;0622200000007979;ja
999043948;0622200000026866;ja
999043961;0622200000007980;ja
999043973;0622200000006499;ja
999043973;0622200000007989;ja
999043973;0622200000024899;ja
999043973;0622200000033748;ja
999043997;0622200000007989;ja
999043997;0622200000008124;ja
999043997;0622200000024899;ja
999043997;0622200000033748;ja
999044011;0622200000007990;ja
999044023;0622200000007998;ja
999044035;0622200000007998;ja
999044047;0622200000008122;ja
999044059;0622200000008123;ja
999044060;0622200000008124;ja
999044072;0622200000004583;ja
999044072;0622200000007631;ja
999044084;0622200000004583;ja
999044084;0622200000007631;ja
999044096;0622200000007632;ja
999044102;0622200000007645;ja
999044114;0622200000007647;ja
999044126;0622200000007647;ja
999044138;0622200000007652;ja
999044151;0622200000007652;ja
999044163;0622200000007653;ja
999044163;0622200000007818;ja
999044163;0622200000010045;ja
999044163;0622200000033033;ja
999044163;0622200000034298;ja
999044175;0622200000007654;ja
999044187;0622200000007658;ja
999044199;0622200000007658;ja
999044205;0622200000007659;ja
999044217;0622200000007660;ja
999044229;0622200000007660;ja
999044230;0622200000008135;ja
999044230;0622200000010234;ja
999044230;0622200000013979;ja
999044230;0622200000035107;ja
999044230;0622200000036442;ja
999044230;0622200000040837;ja
999044242;0622200000008135;ja
999044242;0622200000013979;ja
999044242;0622200000035107;ja
999044242;0622200000036442;ja
999044242;0622200000040837;ja
999044254;0622200000008132;ja
999044266;0622200000008133;ja
999044278;0622200000009505;ja
999044291;0622200000007633;ja
999044308;0622200000007667;ja
999044321;0622200000007668;ja
999044333;0622200000007796;ja
999044345;0622200000007797;ja
999044357;0622200000007797;ja
999044369;0622200000007803;ja
999044370;0622200000007798;ja
999044370;0622200000048889;ja
999044382;0622200000007798;ja
999044382;0622200000048889;ja
999044394;0622200000008120;ja
999044400;0622200000008121;ja
999044412;0622200000007804;ja
999044424;0622200000007805;ja
999044424;0622200000033462;ja
999044424;0622200000033755;ja
999044436;0622200000007809;ja
999044448;0622200000007811;ja
999044461;0622200000007816;ja
999044473;0622200000007817;ja
999044485;0622200000007957;ja
999044497;0622200000007639;ja
999044503;0622200000007644;ja
999044503;0622200000027269;ja
999044515;0622200000007665;ja
999044540;0622200000017305;ja
999044540;0622200000033034;ja
999044540;0622200000033285;ja
999044667;0622200000033046;ja
999044680;0622200000033048;ja
999044692;0622200000033051;ja
999044709;0622200000033051;ja
999044710;0622200000008037;ja
999044710;0622200000017385;ja
999044710;0622200000023830;ja
999044710;0622200000023969;ja
999044710;0622200000023977;ja
999044710;0622200000024910;ja
999044710;0622200000025072;ja
999044734;0622200000019742;ja
999044734;0622200000025074;ja
999044746;0622200000025067;ja
999044758;0622200000022142;ja
999044758;0622200000025068;ja
999044758;0622200000027903;ja
999044758;0622200000030257;ja
999044758;0622200000040977;ja
999044758;0622200000044567;ja
999044758;0622200000044568;ja
999044771;0622200000022142;ja
999044771;0622200000025068;ja
999044771;0622200000027903;ja
999044771;0622200000030257;ja
999044771;0622200000044567;ja
999044771;0622200000044568;ja
999044783;0622200000025069;ja
999044783;0622200000048374;ja
999044795;0622200000025069;ja
999044795;0622200000048374;ja
999044801;0622200000025070;ja
999044813;0622200000025064;ja
999044825;0622200000025059;ja
999044837;0622200000025060;ja
999044849;0622200000025061;ja
999044850;0622200000025057;ja
999044862;0622200000025053;ja
999044874;0622200000025058;ja
999044886;0622200000025053;ja
999044898;0622200000025061;ja
999044904;0622200000025055;ja
999044916;0622200000025054;ja
999044928;0622200000025056;ja
999044941;0622200000025056;ja
999044953;0622200000025049;ja
999044965;0622200000025049;ja
999044977;0622200000025050;ja
999044989;0622200000005514;ja
999044989;0622200000008324;ja
999044989;0622200000017049;ja
999044989;0622200000025052;ja
999044989;0622200000032468;ja
999044989;0622200000033215;ja
999044989;0622200000033384;ja
999044989;0622200000033548;ja
999044990;0622200000025046;ja
999045003;0622200000025040;ja
999045003;0622200000025041;ja
999045015;0622200000005514;ja
999045015;0622200000008324;ja
999045015;0622200000017049;ja
999045015;0622200000025052;ja
999045015;0622200000032468;ja
999045015;0622200000032686;ja
999045015;0622200000033215;ja
999045015;0622200000033384;ja
999045015;0622200000033548;ja
999045015;0622200000047804;ja
999045015;0622200000047805;ja
999045027;0622200000025040;ja
999045027;0622200000025041;ja
999045039;0622200000025042;ja
999045040;0622200000025043;ja
999045052;0622200000025044;ja
999045064;0622200000025038;ja
999045076;0622200000024913;ja
999045088;0622200000024914;ja
999045106;0622200000017305;ja
999045106;0622200000033034;ja
999045106;0622200000033285;ja
999045118;0622200000033035;ja
999045131;0622200000024915;ja
999045143;0622200000024915;ja
999045155;0622200000024915;ja
999045167;0622200000024912;ja
999045179;0622200000024911;ja
999045180;0622200000024911;ja
999045209;0622200000024905;ja
999045210;0622200000024906;ja
999045222;0622200000024902;ja
999045234;0622200000024904;ja
999045234;0622200000024908;ja
999045246;0622200000024902;ja
999045258;0622200000024895;ja
999045271;0622200000024896;ja
999045283;0622200000024897;ja
999045295;0622200000024890;ja
999045301;0622200000024890;ja
999045313;0622200000024891;ja
999045325;0622200000024884;ja
999045337;0622200000024884;ja
999045349;0622200000012444;ja
999045349;0622200000024907;ja
999045350;0622200000012444;ja
999045350;0622200000024907;ja
999045362;0622200000024892;ja
999045374;0622200000024875;ja
999045386;0622200000024892;ja
999045398;0622200000024876;ja
999045404;0622200000027287;ja
999045416;0622200000027287;ja
999045428;0622200000024901;ja
999045441;0622200000027288;ja
999045453;0622200000027289;ja
999045465;0622200000009674;ja
999045465;0622200000027290;ja
999045477;0622200000004439;ja
999045477;0622200000009493;ja
999045477;0622200000014602;ja
999045477;0622200000017309;ja
999045477;0622200000020045;ja
999045477;0622200000024878;ja
999045477;0622200000029845;ja
999045477;0622200000036821;ja
999045489;0622200000024879;ja
999045490;0622200000024880;ja
999045507;0622200000024881;ja
999045519;0622200000024893;ja
999045520;0622200000024886;ja
999045532;0622200000027282;ja
999045544;0622200000027283;ja
999045568;0622200000024881;ja
999045581;0622200000027285;ja
999045593;0622200000027279;ja
999045623;0622200000027280;ja
999045635;0622200000024901;ja
999045647;0622200000027268;ja
999045660;0622200000027269;ja
999045684;0622200000027271;ja
999045702;0622200000030780;ja
999045714;0622200000030780;ja
999045738;0622200000030781;ja
999045751;0622200000030781;ja
999045763;0622200000030783;ja
999045775;0622200000029947;ja
999045787;0622200000029945;ja
999045799;0622200000030782;ja
999045805;0622200000029945;ja
999045817;0622200000033046;ja
999045829;0622200000030644;ja
999045830;0622200000030643;ja
999045842;0622200000030642;ja
999045854;0622200000030650;ja
999045866;0622200000030650;ja
999045878;0622200000030645;ja
999045891;0622200000030646;ja
999045908;0622200000030646;ja
999045921;0622200000030453;ja
999045933;0622200000030452;ja
999045945;0622200000030452;ja
999045957;0622200000042239;ja
999045969;0622200000042241;ja
999045970;0622200000033757;ja
999045982;0622200000033765;ja
999045994;0622200000033765;ja
999046007;0622200000033763;ja
999046019;0622200000033763;ja
999046020;0622200000030321;ja
999046032;0622200000030319;ja
999046044;0622200000030319;ja
999046056;0622200000028324;ja
999046081;0622200000038794;ja
999046093;0622200000038794;ja
999046111;0622200000028320;ja
999046123;0622200000028320;ja
999046135;0622200000028466;ja
999046147;0622200000028325;ja
999046159;0622200000033785;ja
999046160;0622200000033785;ja
999046172;0622200000023790;ja
999046172;0622200000030087;ja
999046196;0622200000008037;ja
999046196;0622200000017385;ja
999046196;0622200000023830;ja
999046196;0622200000023969;ja
999046196;0622200000023977;ja
999046196;0622200000024910;ja
999046196;0622200000025072;ja
999046202;0622200000023788;ja
999046238;0622200000030114;ja
999046251;0622200000028096;ja
999046263;0622200000028099;ja
999046275;0622200000012350;ja
999046275;0622200000028097;ja
999046287;0622200000028098;ja
999046299;0622200000028100;ja
999046305;0622200000028100;ja
999046317;0622200000033629;ja
999046329;0622200000033629;ja
999046330;0622200000033947;ja
999046342;0622200000033947;ja
999046354;0622200000033946;ja
999046366;0622200000030269;ja
999046378;0622200000033035;ja
999046391;0622200000030117;ja
999046408;0622200000030274;ja
999046421;0622200000030278;ja
999046433;0622200000030406;ja
999046445;0622200000024886;ja
999046457;0622200000030406;ja
999046469;0622200000030406;ja
999046470;0622200000024896;ja
999046482;0622200000030410;ja
999046494;0622200000024897;ja
999046500;0622200000030414;ja
999046512;0622200000030414;ja
999046524;0622200000030267;ja
999046536;0622200000030270;ja
999046548;0622200000030270;ja
999046561;0622200000030272;ja
999046573;0622200000030272;ja
999046585;0622200000030275;ja
999046597;0622200000030280;ja
999046603;0622200000030281;ja
999046615;0622200000030280;ja
999046627;0622200000030281;ja
999046639;0622200000030408;ja
999046640;0622200000024887;ja
999046652;0622200000024887;ja
999046664;0622200000030412;ja
999046676;0622200000030412;ja
999046688;0622200000030415;ja
999046706;0622200000030419;ja
999046718;0622200000024142;ja
999046718;0622200000050047;ja
999046731;0622200000024000;ja
999046731;0622200000024138;ja
999046731;0622200000024139;ja
999046743;0622200000024134;ja
999046755;0622200000024130;ja
999046767;0622200000023994;ja
999046780;0622200000023982;ja
999046792;0622200000023978;ja
999046809;0622200000023974;ja
999046810;0622200000024143;ja
999046822;0622200000024135;ja
999046834;0622200000024131;ja
999046846;0622200000024127;ja
999046858;0622200000023995;ja
999046883;0622200000023990;ja
999046895;0622200000023979;ja
999046901;0622200000030417;ja
999046913;0622200000030421;ja
999046925;0622200000024144;ja
999046937;0622200000024136;ja
999046949;0622200000024132;ja
999046950;0622200000023996;ja
999046962;0622200000023984;ja
999046962;0622200000029351;ja
999046974;0622200000024127;ja
999046998;0622200000023980;ja
999047000;0622200000023976;ja
999047012;0622200000023991;ja
999047024;0622200000023976;ja
999047036;0622200000024145;ja
999047048;0622200000024141;ja
999047048;0622200000030297;ja
999047073;0622200000024130;ja
999047085;0622200000023768;ja
999047097;0622200000024129;ja
999047103;0622200000024125;ja
999047115;0622200000023997;ja
999047127;0622200000023993;ja
999047140;0622200000023975;ja
999047152;0622200000024137;ja
999047164;0622200000023986;ja
999047176;0622200000030428;ja
999047188;0622200000024126;ja
999047206;0622200000029975;ja
999047206;0622200000029976;ja
999047206;0622200000029978;ja
999047206;0622200000030432;ja
999047206;0622200000042195;ja
999047218;0622200000008346;ja
999047218;0622200000023825;ja
999047218;0622200000023829;ja
999047218;0622200000023960;ja
999047218;0622200000030429;ja
999047218;0622200000034668;ja
999047231;0622200000030433;ja
999047243;0622200000023997;ja
999047255;0622200000030433;ja
999047267;0622200000011473;ja
999047279;0622200000032971;ja
999047280;0622200000023983;ja
999047292;0622200000032972;ja
999047309;0622200000032972;ja
999047310;0622200000024145;ja
999047322;0622200000024133;ja
999047334;0622200000032959;ja
999047346;0622200000011608;ja
999047358;0622200000011611;ja
999047383;0622200000024140;ja
999047395;0622200000011617;ja
999047401;0622200000032971;ja
999047413;0622200000023996;ja
999047425;0622200000023998;ja
999047437;0622200000023999;ja
999047449;0622200000023995;ja
999047450;0622200000032961;ja
999047462;0622200000023991;ja
999047474;0622200000024469;ja
999047486;0622200000034566;ja
999047498;0622200000023993;ja
999047504;0622200000023989;ja
999047516;0622200000024128;ja
999047528;0622200000024465;ja
999047553;0622200000023998;ja
999047565;0622200000011609;ja
999047577;0622200000034566;ja
999047589;0622200000011612;ja
999047590;0622200000024000;ja
999047590;0622200000024138;ja
999047590;0622200000024139;ja
999047607;0622200000011618;ja
999047619;0622200000024141;ja
999047619;0622200000030297;ja
999047620;0622200000032959;ja
999047632;0622200000023985;ja
999047644;0622200000023979;ja
999047656;0622200000023981;ja
999047668;0622200000023769;ja
999047681;0622200000024470;ja
999047693;0622200000030416;ja
999047711;0622200000024466;ja
999047735;0622200000011624;ja
999047735;0622200000024461;ja
999047735;0622200000047266;ja
999047747;0622200000024462;ja
999047759;0622200000032969;ja
999047760;0622200000023988;ja
999047760;0622200000024611;ja
999047772;0622200000029976;ja
999047772;0622200000029978;ja
999047772;0622200000030432;ja
999047772;0622200000042195;ja
999047784;0622200000023769;ja
999047796;0622200000024133;ja
999047802;0622200000011473;ja
999047814;0622200000011610;ja
999047826;0622200000011619;ja
999047838;0622200000011626;ja
999047838;0622200000023806;ja
999047838;0622200000032809;ja
999047851;0622200000034567;ja
999047863;0622200000034440;ja
999047875;0622200000032968;ja
999047887;0622200000017133;ja
999047887;0622200000024475;ja
999047899;0622200000024471;ja
999047899;0622200000027673;ja
999047905;0622200000024467;ja
999047917;0622200000008022;ja
999047917;0622200000024473;ja
999047917;0622200000028500;ja
999047929;0622200000027280;ja
999047930;0622200000024463;ja
999047942;0622200000027281;ja
999047954;0622200000016051;ja
999047954;0622200000017524;ja
999047954;0622200000024874;ja
999047954;0622200000032485;ja
999047954;0622200000032765;ja
999047954;0622200000033374;ja
999047966;0622200000024463;ja
999047978;0622200000009689;ja
999047978;0622200000012963;ja
999047978;0622200000034568;ja
999047991;0622200000027273;ja
999048004;0622200000009689;ja
999048004;0622200000012963;ja
999048004;0622200000034568;ja
999048016;0622200000011472;ja
999048016;0622200000011597;ja
999048016;0622200000011601;ja
999048016;0622200000011603;ja
999048016;0622200000011604;ja
999048016;0622200000011606;ja
999048016;0622200000022698;ja
999048016;0622200000022909;ja
999048016;0622200000024888;ja
999048016;0622200000045376;ja
999048016;0622200000045377;ja
999048016;0622200000045378;ja
999048016;0622200000045379;ja
999048016;0622200000045380;ja
999048028;0622200000016051;ja
999048028;0622200000017524;ja
999048028;0622200000024874;ja
999048028;0622200000032485;ja
999048028;0622200000032765;ja
999048028;0622200000033374;ja
999048041;0622200000011608;ja
999048053;0622200000027274;ja
999048065;0622200000027275;ja
999048077;0622200000024902;ja
999048089;0622200000024889;ja
999048090;0622200000027276;ja
999048107;0622200000011620;ja
999048119;0622200000024883;ja
999048120;0622200000011620;ja
999048132;0622200000011627;ja
999048132;0622200000023962;ja
999048132;0622200000024148;ja
999048132;0622200000024324;ja
999048132;0622200000028645;ja
999048144;0622200000011627;ja
999048156;0622200000024476;ja
999048168;0622200000024468;ja
999048181;0622200000023987;ja
999048193;0622200000024464;ja
999048211;0622200000034569;ja
999048223;0622200000034565;ja
999048247;0622200000034430;ja
999048247;0622200000034569;ja
999048259;0622200000034569;ja
999048260;0622200000034569;ja
999048272;0622200000034569;ja
999048284;0622200000034569;ja
999048296;0622200000034569;ja
999048302;0622200000034570;ja
999048314;0622200000034573;ja
999048326;0622200000034573;ja
999048338;0622200000034576;ja
999048351;0622200000030431;ja
999048363;0622200000024326;ja
999048375;0622200000034440;ja
999048387;0622200000024326;ja
999048399;0622200000024322;ja
999048405;0622200000024314;ja
999048417;0622200000032968;ja
999048429;0622200000024310;ja
999048430;0622200000024310;ja
999048442;0622200000024306;ja
999048454;0622200000024302;ja
999048478;0622200000024298;ja
999048491;0622200000017796;ja
999048491;0622200000024330;ja
999048508;0622200000030420;ja
999048521;0622200000023986;ja
999048533;0622200000032965;ja
999048545;0622200000028646;ja
999048557;0622200000024902;ja
999048569;0622200000034576;ja
999048570;0622200000028642;ja
999048582;0622200000032961;ja
999048594;0622200000032974;ja
999048600;0622200000028626;ja
999048612;0622200000028626;ja
999048624;0622200000028633;ja
999048636;0622200000028495;ja
999048648;0622200000034569;ja
999048661;0622200000028639;ja
999048673;0622200000008022;ja
999048673;0622200000024473;ja
999048673;0622200000028500;ja
999048685;0622200000023769;ja
999048697;0622200000034574;ja
999048703;0622200000034577;ja
999048715;0622200000034577;ja
999048727;0622200000024464;ja
999048739;0622200000011625;ja
999048739;0622200000023971;ja
999048739;0622200000024318;ja
999048739;0622200000032958;ja
999048740;0622200000024476;ja
999048752;0622200000034581;ja
999048764;0622200000032966;ja
999048776;0622200000032963;ja
999048788;0622200000024327;ja
999048806;0622200000024458;ja
999048818;0622200000028636;ja
999048831;0622200000032966;ja
999048843;0622200000011610;ja
999048855;0622200000023987;ja
999048867;0622200000024294;ja
999048879;0622200000024302;ja
999048880;0622200000028492;ja
999048892;0622200000028633;ja
999048909;0622200000034570;ja
999048910;0622200000024327;ja
999048922;0622200000034580;ja
999048934;0622200000024327;ja
999048946;0622200000034571;ja
999048958;0622200000024323;ja
999048983;0622200000024319;ja
999048995;0622200000024311;ja
999049008;0622200000024311;ja
999049045;0622200000024299;ja
999049057;0622200000024295;ja
999049069;0622200000028647;ja
999049070;0622200000028640;ja
999049082;0622200000028637;ja
999049094;0622200000028637;ja
999049100;0622200000028634;ja
999049124;0622200000028496;ja
999049148;0622200000034575;ja
999049161;0622200000034575;ja
999049173;0622200000034582;ja
999049185;0622200000028627;ja
999049197;0622200000034582;ja
999049203;0622200000024328;ja
999049227;0622200000024316;ja
999049239;0622200000024304;ja
999049240;0622200000024316;ja
999049252;0622200000024308;ja
999049355;0622200000024319;ja
999049367;0622200000012689;ja
999049367;0622200000028641;ja
999049392;0622200000028628;ja
999049409;0622200000028497;ja
999049410;0622200000034579;ja
999049434;0622200000023962;ja
999049434;0622200000024148;ja
999049434;0622200000024324;ja
999049434;0622200000028630;ja
999049434;0622200000028645;ja
999049446;0622200000034583;ja
999049458;0622200000034583;ja
999049471;0622200000024460;ja
999049483;0622200000024329;ja
999049495;0622200000024329;ja
999049501;0622200000024317;ja
999049513;0622200000024313;ja
999049525;0622200000024313;ja
999049537;0622200000024309;ja
999049549;0622200000024305;ja
999049550;0622200000024305;ja
999049562;0622200000024301;ja
999049574;0622200000024297;ja
999049586;0622200000024297;ja
999049598;0622200000028649;ja
999049604;0622200000028498;ja
999049616;0622200000028498;ja
999049628;0622200000028629;ja
999049641;0622200000028629;ja
999049653;0622200000024290;ja
999049665;0622200000024162;ja
999049677;0622200000024162;ja
999049689;0622200000024158;ja
999049690;0622200000024158;ja
999049707;0622200000024154;ja
999049719;0622200000024150;ja
999049720;0622200000024146;ja
999049732;0622200000024146;ja
999049744;0622200000032724;ja
999049756;0622200000032731;ja
999049768;0622200000032731;ja
999049781;0622200000032863;ja
999049793;0622200000032863;ja
999049811;0622200000032870;ja
999049823;0622200000032877;ja
999049835;0622200000032877;ja
999049847;0622200000028499;ja
999049859;0622200000024291;ja
999049860;0622200000024163;ja
999049872;0622200000024159;ja
999049884;0622200000024151;ja
999049896;0622200000024151;ja
999049902;0622200000024147;ja
999049914;0622200000032725;ja
999049926;0622200000032857;ja
999049938;0622200000032864;ja
999049951;0622200000032864;ja
999049963;0622200000032878;ja
999049975;0622200000028631;ja
999049987;0622200000028631;ja
999049999;0622200000024292;ja
999050011;0622200000024292;ja
999050023;0622200000030115;ja
999050035;0622200000030115;ja
999050047;0622200000024164;ja
999050059;0622200000024164;ja
999050060;0622200000024160;ja
999050072;0622200000024156;ja
999050084;0622200000024156;ja
999050096;0622200000024152;ja
999050102;0622200000032865;ja
999050114;0622200000032872;ja
999050126;0622200000032872;ja
999050138;0622200000032879;ja
999050151;0622200000028625;ja
999050163;0622200000025044;ja
999050175;0622200000025037;ja
999050187;0622200000025038;ja
999050199;0622200000042241;ja
999050205;0622200000030276;ja
999050217;0622200000028492;ja
999050229;0622200000025062;ja
999050230;0622200000030408;ja
999050242;0622200000028632;ja
999050254;0622200000024293;ja
999050266;0622200000034439;ja
999050278;0622200000024165;ja
999050291;0622200000024157;ja
999050308;0622200000033630;ja
999050321;0622200000024153;ja
999050333;0622200000024149;ja
999050345;0622200000032727;ja
999050357;0622200000032859;ja
999050369;0622200000032866;ja
999050370;0622200000032866;ja
999050382;0622200000028632;ja
999050394;0622200000032873;ja
999050400;0622200000023970;ja
999050412;0622200000023970;ja
999050424;0622200000023824;ja
999050436;0622200000023824;ja
999050448;0622200000023820;ja
999050461;0622200000023816;ja
999050473;0622200000023816;ja
999050485;0622200000023812;ja
999050497;0622200000023832;ja
999050503;0622200000023808;ja
999050515;0622200000023812;ja
999050527;0622200000023808;ja
999050539;0622200000023832;ja
999050540;0622200000023804;ja
999050552;0622200000023804;ja
999050564;0622200000023800;ja
999050576;0622200000023800;ja
999050588;0622200000023796;ja
999050606;0622200000023669;ja
999050618;0622200000011621;ja
999050631;0622200000011614;ja
999050643;0622200000011614;ja
999050655;0622200000023967;ja
999050667;0622200000023817;ja
999050667;0622200000027668;ja
999050679;0622200000023967;ja
999050680;0622200000023833;ja
999050692;0622200000023821;ja
999050709;0622200000023796;ja
999050710;0622200000032727;ja
999050862;0622200000023826;ja
999050874;0622200000023826;ja
999050886;0622200000023822;ja
999050898;0622200000023818;ja
999050904;0622200000023814;ja
999050916;0622200000023814;ja
999050928;0622200000023802;ja
999050941;0622200000023794;ja
999050953;0622200000011623;ja
999050965;0622200000011616;ja
999050977;0622200000023973;ja
999050989;0622200000023973;ja
999050990;0622200000023965;ja
999051003;0622200000023961;ja
999051015;0622200000023961;ja
999051398;0622200000034578;ja
999051404;0622200000023978;ja
999051416;0622200000033050;ja
999051428;0622200000033730;ja
999051441;0622200000024128;ja
999051453;0622200000033720;ja
999051465;0622200000033732;ja
999051489;0622200000028274;ja
999051490;0622200000028275;ja
999051507;0622200000028275;ja
999051519;0622200000028276;ja
999051520;0622200000028278;ja
999051532;0622200000028278;ja
999051544;0622200000028279;ja
999051556;0622200000028279;ja
999051568;0622200000028281;ja
999051581;0622200000028281;ja
999051593;0622200000023940;ja
999051611;0622200000009702;ja
999051623;0622200000009700;ja
999051635;0622200000009698;ja
999051647;0622200000009698;ja
999051659;0622200000008484;ja
999051660;0622200000008484;ja
999051672;0622200000008483;ja
999051684;0622200000008482;ja
999051696;0622200000008360;ja
999051702;0622200000008361;ja
999051714;0622200000008359;ja
999051726;0622200000008490;ja
999051738;0622200000008489;ja
999051751;0622200000008488;ja
999051763;0622200000008488;ja
999051775;0622200000008486;ja
999051787;0622200000008485;ja
999051799;0622200000008495;ja
999051805;0622200000008496;ja
999051817;0622200000008494;ja
999051829;0622200000008495;ja
999051830;0622200000024459;ja
999051842;0622200000008492;ja
999051854;0622200000008491;ja
999051878;0622200000033047;ja
999051891;0622200000033047;ja
999051908;0622200000023813;ja
999051921;0622200000008502;ja
999051921;0622200000010197;ja
999051921;0622200000012695;ja
999051921;0622200000014784;ja
999051921;0622200000014932;ja
999051921;0622200000032276;ja
999051921;0622200000033354;ja
999051921;0622200000034750;ja
999051921;0622200000034753;ja
999051921;0622200000034760;ja
999051921;0622200000034900;ja
999051933;0622200000008502;ja
999051933;0622200000010197;ja
999051933;0622200000012695;ja
999051933;0622200000014784;ja
999051933;0622200000014932;ja
999051933;0622200000032276;ja
999051933;0622200000033354;ja
999051933;0622200000034750;ja
999051933;0622200000034753;ja
999051933;0622200000034760;ja
999051933;0622200000034900;ja
999051945;0622200000008502;ja
999051945;0622200000010197;ja
999051945;0622200000012695;ja
999051945;0622200000014784;ja
999051945;0622200000014932;ja
999051945;0622200000032276;ja
999051945;0622200000033354;ja
999051945;0622200000034750;ja
999051945;0622200000034753;ja
999051945;0622200000034760;ja
999051945;0622200000034900;ja
999051957;0622200000008500;ja
999051969;0622200000008499;ja
999051970;0622200000008499;ja
999051982;0622200000008498;ja
999051994;0622200000008497;ja
999052007;0622200000008199;ja
999052007;0622200000012391;ja
999052019;0622200000008197;ja
999052020;0622200000008025;ja
999052020;0622200000008033;ja
999052020;0622200000008196;ja
999052032;0622200000008193;ja
999052032;0622200000023533;ja
999052044;0622200000008189;ja
999052056;0622200000008189;ja
999052056;0622200000029067;ja
999052068;0622200000008188;ja
999052093;0622200000008187;ja
999052111;0622200000008178;ja
999052111;0622200000008185;ja
999052111;0622200000022874;ja
999052123;0622200000008184;ja
999052123;0622200000008358;ja
999052135;0622200000008351;ja
999052147;0622200000008350;ja
999052159;0622200000008350;ja
999052160;0622200000008350;ja
999052172;0622200000008357;ja
999052184;0622200000008343;ja
999052196;0622200000008352;ja
999052202;0622200000008349;ja
999052214;0622200000008352;ja
999052226;0622200000008349;ja
999052238;0622200000008348;ja
999052251;0622200000008163;ja
999052251;0622200000008356;ja
999052263;0622200000008353;ja
999052275;0622200000008345;ja
999052287;0622200000008355;ja
999052305;0622200000008354;ja
999052317;0622200000008347;ja
999052329;0622200000008347;ja
999052330;0622200000008182;ja
999052330;0622200000032003;ja
999052342;0622200000008181;ja
999052354;0622200000008181;ja
999052366;0622200000008176;ja
999052366;0622200000045123;ja
999052378;0622200000008176;ja
999052378;0622200000045123;ja
999052391;0622200000028325;ja
999052408;0622200000008192;ja
999052421;0622200000008030;ja
999052421;0622200000008189;ja
999052433;0622200000008030;ja
999052433;0622200000008189;ja
999052445;0622200000008177;ja
999052457;0622200000008186;ja
999052469;0622200000008183;ja
999052470;0622200000008180;ja
999052470;0622200000050049;ja
999052482;0622200000008174;ja
999052494;0622200000008323;ja
999052500;0622200000008174;ja
999052512;0622200000008326;ja
999052512;0622200000047518;ja
999052524;0622200000008325;ja
999052536;0622200000008323;ja
999052561;0622200000008198;ja
999052573;0622200000008198;ja
999052585;0622200000008334;ja
999052597;0622200000008333;ja
999052603;0622200000008332;ja
999052615;0622200000008331;ja
999052639;0622200000008329;ja
999052640;0622200000008021;ja
999052640;0622200000008023;ja
999052640;0622200000008328;ja
999052652;0622200000008327;ja
999052664;0622200000008341;ja
999052676;0622200000008340;ja
999052706;0622200000008337;ja
999052718;0622200000008336;ja
999052731;0622200000008335;ja
999052743;0622200000008166;ja
999052755;0622200000008164;ja
999052767;0622200000008161;ja
999052780;0622200000041536;ja
999052792;0622200000008035;ja
999052792;0622200000030265;ja
999052809;0622200000008031;ja
999052810;0622200000008024;ja
999052822;0622200000008171;ja
999052834;0622200000008028;ja
999052846;0622200000008025;ja
999052858;0622200000008025;ja
999052871;0622200000008004;ja
999052883;0622200000008004;ja
999052895;0622200000008168;ja
999052901;0622200000008031;ja
999052913;0622200000008007;ja
999052925;0622200000008031;ja
999052937;0622200000008165;ja
999052949;0622200000008034;ja
999052950;0622200000008019;ja
999052962;0622200000008019;ja
999052974;0622200000008162;ja
999052986;0622200000008162;ja
999052998;0622200000008016;ja
999053000;0622200000008013;ja
999053012;0622200000008006;ja
999053012;0622200000008018;ja
999053024;0622200000008017;ja
999053036;0622200000008017;ja
999053048;0622200000008014;ja
999053048;0622200000039946;ja
999053061;0622200000008009;ja
999053061;0622200000011162;ja
999053073;0622200000008009;ja
999053085;0622200000008008;ja
999053085;0622200000011425;ja
999053085;0622200000025722;ja
999053097;0622200000008008;ja
999053097;0622200000011425;ja
999053097;0622200000025722;ja
999053103;0622200000009639;ja
999053115;0622200000009474;ja
999053127;0622200000009474;ja
999053139;0622200000002219;ja
999053140;0622200000002221;ja
999053152;0622200000002223;ja
999053188;0622200000002227;ja
999053206;0622200000002229;ja
999053218;0622200000002231;ja
999053231;0622200000002233;ja
999053243;0622200000002096;ja
999053255;0622200000002094;ja
999053267;0622200000002094;ja
999053279;0622200000002092;ja
999053280;0622200000002092;ja
999053292;0622200000002090;ja
999053309;0622200000002090;ja
999053310;0622200000002088;ja
999053504;0622200000002245;ja
999053516;0622200000002243;ja
999053528;0622200000002241;ja
999053541;0622200000002239;ja
999053553;0622200000002237;ja
999053565;0622200000002237;ja
999053577;0622200000002100;ja
999053589;0622200000002102;ja
999053590;0622200000002104;ja
999053607;0622200000002106;ja
999053619;0622200000002108;ja
999053620;0622200000002108;ja
999053632;0622200000002110;ja
999053644;0622200000002112;ja
999053656;0622200000002114;ja
999053668;0622200000002116;ja
999053681;0622200000002118;ja
999053693;0622200000002118;ja
999053711;0622200000012573;ja
999053711;0622200000046884;ja
999053711;0622200000046885;ja
999053735;0622200000012574;ja
999053759;0622200000016145;ja
999053760;0622200000016143;ja
999053772;0622200000004623;ja
999053784;0622200000004621;ja
999053796;0622200000016151;ja
999053802;0622200000016151;ja
999053814;0622200000009495;ja
999053826;0622200000009495;ja
999053838;0622200000009497;ja
999053851;0622200000009498;ja
999053863;0622200000009498;ja
999053875;0622200000009500;ja
999053887;0622200000009504;ja
999053899;0622200000009504;ja
999053905;0622200000009506;ja
999053917;0622200000009508;ja
999053929;0622200000009511;ja
999053954;0622200000009513;ja
999053966;0622200000033272;ja
999054004;0622200000033268;ja
999054016;0622200000023065;ja
999054028;0622200000016138;ja
999054041;0622200000038783;ja
999054053;0622200000023066;ja
999054065;0622200000033943;ja
999054077;0622200000033943;ja
999054089;0622200000033942;ja
999054090;0622200000009503;ja
999054107;0622200000023062;ja
999054119;0622200000023062;ja
999054120;0622200000023063;ja
999054132;0622200000023064;ja
999054144;0622200000023064;ja
999054156;0622200000022542;ja
999054168;0622200000012343;ja
999054181;0622200000012344;ja
999054193;0622200000022543;ja
999054211;0622200000022543;ja
999054223;0622200000028107;ja
999054235;0622200000028112;ja
999054247;0622200000028108;ja
999054259;0622200000028108;ja
999054260;0622200000028110;ja
999054272;0622200000028116;ja
999054284;0622200000028114;ja
999054296;0622200000028114;ja
999054302;0622200000028263;ja
999054314;0622200000028264;ja
999054326;0622200000028269;ja
999054338;0622200000028266;ja
999054338;0622200000040396;ja
999054351;0622200000028267;ja
999054363;0622200000028271;ja
999054375;0622200000028272;ja
999054387;0622200000028272;ja
999054399;0622200000032353;ja
999054405;0622200000032352;ja
999054417;0622200000032353;ja
999054429;0622200000024612;ja
999054430;0622200000032352;ja
999054442;0622200000032351;ja
999054454;0622200000032351;ja
999054466;0622200000032350;ja
999054478;0622200000032350;ja
999054491;0622200000032349;ja
999054508;0622200000032348;ja
999054521;0622200000032348;ja
999054533;0622200000032347;ja
999054545;0622200000032346;ja
999054557;0622200000032346;ja
999054569;0622200000008503;ja
999054570;0622200000008503;ja
999054582;0622200000008504;ja
999054594;0622200000008504;ja
999054600;0622200000008505;ja
999054612;0622200000008505;ja
999054624;0622200000008506;ja
999054636;0622200000008506;ja
999054648;0622200000008507;ja
999054648;0622200000012858;ja
999054661;0622200000008508;ja
999054673;0622200000008508;ja
999054685;0622200000008509;ja
999054697;0622200000008510;ja
999054703;0622200000008510;ja
999054715;0622200000002235;ja
999054727;0622200000002235;ja
999054739;0622200000002098;ja
999054740;0622200000002100;ja
999054752;0622200000008511;ja
999054764;0622200000014302;ja
999054776;0622200000012386;ja
999054788;0622200000030424;ja
999054806;0622200000014300;ja
999054818;0622200000030425;ja
999054831;0622200000012392;ja
999054843;0622200000033626;ja
999054855;0622200000033953;ja
999054867;0622200000033952;ja
999054879;0622200000016146;ja
999054880;0622200000016144;ja
999054892;0622200000012319;ja
999054909;0622200000016144;ja
999054910;0622200000012319;ja
999054922;0622200000012315;ja
999054934;0622200000012320;ja
999054946;0622200000012320;ja
999054958;0622200000012316;ja
999054971;0622200000012442;ja
999054983;0622200000012442;ja
999054995;0622200000012317;ja
999055008;0622200000034432;ja
999055021;0622200000034432;ja
999055033;0622200000034431;ja
999055045;0622200000034431;ja
999055057;0622200000033752;ja
999055069;0622200000039126;ja
999055070;0622200000033752;ja
999055082;0622200000033736;ja
999055082;0622200000033876;ja
999055094;0622200000033878;ja
999055100;0622200000033880;ja
999055112;0622200000033940;ja
999055124;0622200000033767;ja
999055136;0622200000033767;ja
999055148;0622200000010183;ja
999055148;0622200000014091;ja
999055148;0622200000014747;ja
999055148;0622200000016903;ja
999055148;0622200000016904;ja
999055148;0622200000033777;ja
999055148;0622200000035287;ja
999055148;0622200000041871;ja
999055161;0622200000010183;ja
999055161;0622200000014091;ja
999055161;0622200000033777;ja
999055161;0622200000035287;ja
999055173;0622200000004619;ja
999055185;0622200000004617;ja
999055197;0622200000033941;ja
999055203;0622200000004771;ja
999055215;0622200000004770;ja
999055227;0622200000004773;ja
999055239;0622200000004773;ja
999055239;0622200000022594;ja
999055240;0622200000004774;ja
999055252;0622200000004781;ja
999055264;0622200000004778;ja
999055276;0622200000004781;ja
999055288;0622200000004786;ja
999055306;0622200000004788;ja
999055318;0622200000004784;ja
999055331;0622200000004783;ja
999055343;0622200000028268;ja
999055355;0622200000028268;ja
999055367;0622200000028269;ja
999055379;0622200000004791;ja
999055380;0622200000033738;ja
999055392;0622200000004790;ja
999055409;0622200000004790;ja
999055410;0622200000033734;ja
999055422;0622200000030099;ja
999055434;0622200000030097;ja
999055446;0622200000030101;ja
999055458;0622200000030101;ja
999055471;0622200000030310;ja
999055483;0622200000030310;ja
999055495;0622200000024431;ja
999055501;0622200000033772;ja
999055513;0622200000033774;ja
999055525;0622200000033774;ja
999055549;0622200000033779;ja
999055550;0622200000033780;ja
999055562;0622200000033780;ja
999055574;0622200000012348;ja
999055586;0622200000012348;ja
999055598;0622200000028294;ja
999055604;0622200000028295;ja
999055616;0622200000028295;ja
999055628;0622200000033266;ja
999055641;0622200000033266;ja
999055653;0622200000033264;ja
999055665;0622200000032503;ja
999055677;0622200000016143;ja
999055689;0622200000014299;ja
999055690;0622200000012018;ja
999055707;0622200000012018;ja
999055719;0622200000012014;ja
999055720;0622200000009672;ja
999055732;0622200000009662;ja
999055732;0622200000009664;ja
999055732;0622200000033614;ja
999055744;0622200000024607;ja
999055756;0622200000009671;ja
999055768;0622200000009671;ja
999055781;0622200000038785;ja
999055793;0622200000038785;ja
999055823;0622200000030791;ja
999055835;0622200000030786;ja
999055847;0622200000030790;ja
999055859;0622200000030787;ja
999055860;0622200000030789;ja
999055872;0622200000004617;ja
999055884;0622200000014299;ja
999055896;0622200000039140;ja
999055902;0622200000039140;ja
999055938;0622200000022932;ja
999056049;0622200000033619;ja
999056062;0622200000033124;ja
999056074;0622200000033713;ja
999056086;0622200000033715;ja
999056098;0622200000033715;ja
999056116;0622200000033723;ja
999056128;0622200000033721;ja
999056141;0622200000033719;ja
999056153;0622200000033725;ja
999056165;0622200000033725;ja
999056177;0622200000033727;ja
999056189;0622200000033729;ja
999056190;0622200000033733;ja
999056207;0622200000033737;ja
999056219;0622200000033739;ja
999056220;0622200000033747;ja
999056232;0622200000033745;ja
999056244;0622200000033749;ja
999056256;0622200000033731;ja
999056268;0622200000033743;ja
999056281;0622200000033747;ja
999056293;0622200000033749;ja
999056311;0622200000033749;ja
999056323;0622200000034041;ja
999056335;0622200000034041;ja
999056347;0622200000033881;ja
999056359;0622200000033879;ja
999056360;0622200000033879;ja
999056372;0622200000030253;ja
999056384;0622200000030255;ja
999056396;0622200000030255;ja
999056402;0622200000033877;ja
999056414;0622200000030258;ja
999056426;0622200000030260;ja
999056438;0622200000030260;ja
999056451;0622200000030261;ja
999056463;0622200000033789;ja
999056475;0622200000032850;ja
999056487;0622200000032848;ja
999056499;0622200000022932;ja
999056505;0622200000023058;ja
999056517;0622200000032848;ja
999056529;0622200000016148;ja
999056530;0622200000016150;ja
999056542;0622200000030105;ja
999056554;0622200000030107;ja
999056566;0622200000030110;ja
999056578;0622200000030108;ja
999056591;0622200000028285;ja
999056608;0622200000028285;ja
999056621;0622200000028257;ja
999056633;0622200000030107;ja
999056645;0622200000023778;ja
999056657;0622200000023780;ja
999056657;0622200000037844;ja
999056669;0622200000023780;ja
999056669;0622200000037844;ja
999056670;0622200000030317;ja
999056682;0622200000030317;ja
999056694;0622200000034407;ja
999056694;0622200000034411;ja
999056700;0622200000034409;ja
999056712;0622200000014113;ja
999056724;0622200000014113;ja
999056736;0622200000023924;ja
999056748;0622200000023923;ja
999056761;0622200000034413;ja
999056773;0622200000006491;ja
999056785;0622200000014108;ja
999056797;0622200000006489;ja
999056803;0622200000006487;ja
999056815;0622200000006482;ja
999056827;0622200000023923;ja
999056839;0622200000006485;ja
999056840;0622200000006485;ja
999056852;0622200000022553;ja
999056864;0622200000014114;ja
999056864;0622200000028102;ja
999056864;0622200000038211;ja
999056876;0622200000014114;ja
999056876;0622200000038211;ja
999056888;0622200000006503;ja
999056906;0622200000006503;ja
999056918;0622200000014108;ja
999056931;0622200000014110;ja
999056943;0622200000022553;ja
999056955;0622200000022554;ja
999056979;0622200000006501;ja
999056979;0622200000036553;ja
999056980;0622200000022682;ja
999056992;0622200000022682;ja
999057005;0622200000006493;ja
999057017;0622200000022681;ja
999057029;0622200000023920;ja
999057030;0622200000022687;ja
999057042;0622200000006495;ja
999057054;0622200000022686;ja
999057078;0622200000022689;ja
999057108;0622200000022693;ja
999057121;0622200000022692;ja
999057133;0622200000022692;ja
999057145;0622200000022695;ja
999057157;0622200000022695;ja
999057169;0622200000041316;ja
999057170;0622200000022697;ja
999057182;0622200000022700;ja
999057194;0622200000022696;ja
999057200;0622200000022700;ja
999057212;0622200000033619;ja
999057224;0622200000022699;ja
999057236;0622200000022701;ja
999057248;0622200000022701;ja
999057261;0622200000022704;ja
999057273;0622200000022703;ja
999057285;0622200000033936;ja
999057297;0622200000033937;ja
999057303;0622200000033937;ja
999057315;0622200000006526;ja
999057327;0622200000006524;ja
999057339;0622200000006522;ja
999057340;0622200000006522;ja
999057352;0622200000006517;ja
999057364;0622200000006515;ja
999057376;0622200000006513;ja
999057388;0622200000004463;ja
999057388;0622200000006511;ja
999057388;0622200000006860;ja
999057388;0622200000017054;ja
999057388;0622200000027129;ja
999057388;0622200000033686;ja
999057406;0622200000006860;ja
999057418;0622200000024590;ja
999057431;0622200000046874;ja
999057443;0622200000046874;ja
999057455;0622200000029922;ja
999057467;0622200000029922;ja
999057479;0622200000029921;ja
999057480;0622200000029921;ja
999057492;0622200000029936;ja
999057509;0622200000029937;ja
999057510;0622200000029940;ja
999057522;0622200000029942;ja
999057534;0622200000029944;ja
999057546;0622200000032524;ja
999057558;0622200000029914;ja
999057571;0622200000029914;ja
999057583;0622200000029917;ja
999057595;0622200000033715;ja
999057601;0622200000029917;ja
999057637;0622200000029919;ja
999057649;0622200000039810;ja
999057650;0622200000014453;ja
999057662;0622200000014453;ja
999057674;0622200000029938;ja
999057686;0622200000029938;ja
999057698;0622200000029939;ja
999057704;0622200000029943;ja
999057716;0622200000014447;ja
999057728;0622200000014446;ja
999057741;0622200000033771;ja
999057753;0622200000033773;ja
999057765;0622200000024420;ja
999057777;0622200000028461;ja
999057789;0622200000014454;ja
999057790;0622200000024427;ja
999057807;0622200000024427;ja
999057819;0622200000024430;ja
999057820;0622200000014110;ja
999057832;0622200000024428;ja
999057844;0622200000024428;ja
999057856;0622200000030315;ja
999057868;0622200000024432;ja
999057881;0622200000030315;ja
999057893;0622200000024433;ja
999057911;0622200000024433;ja
999057923;0622200000024437;ja
999057935;0622200000024437;ja
999057947;0622200000024435;ja
999057959;0622200000024435;ja
999057960;0622200000024439;ja
999057972;0622200000024439;ja
999057984;0622200000024444;ja
999057996;0622200000024442;ja
999058009;0622200000024442;ja
999058010;0622200000012003;ja
999058010;0622200000024446;ja
999058022;0622200000012385;ja
999058034;0622200000014112;ja
999058046;0622200000014111;ja
999058058;0622200000012383;ja
999058071;0622200000012387;ja
999058083;0622200000012387;ja
999058095;0622200000012390;ja
999058101;0622200000012390;ja
999058113;0622200000012389;ja
999058125;0622200000030271;ja
999058137;0622200000012352;ja
999058149;0622200000009488;ja
999058150;0622200000028284;ja
999058150;0622200000037703;ja
999058150;0622200000046217;ja
999058150;0622200000046846;ja
999058162;0622200000004767;ja
999058174;0622200000004768;ja
999058186;0622200000023069;ja
999058198;0622200000023072;ja
999058204;0622200000009512;ja
999058216;0622200000012347;ja
999058228;0622200000034437;ja
999058228;0622200000045235;ja
999058228;0622200000048328;ja
999058228;0622200000048329;ja
999058241;0622200000022920;ja
999058265;0622200000029679;ja
999058265;0622200000039148;ja
999058277;0622200000010520;ja
999058289;0622200000045025;ja
999058290;0622200000045025;ja
999058307;0622200000045026;ja
999058319;0622200000010526;ja
999058320;0622200000010527;ja
999058332;0622200000010530;ja
999058344;0622200000010531;ja
999058344;0622200000010535;ja
999058344;0622200000047256;ja
999058356;0622200000012347;ja
999058381;0622200000010529;ja
999058381;0622200000010532;ja
999058393;0622200000010533;ja
999058411;0622200000022921;ja
999058423;0622200000010533;ja
999058435;0622200000006165;ja
999058435;0622200000046050;ja
999058435;0622200000046051;ja
999058447;0622200000010537;ja
999058460;0622200000030273;ja
999058472;0622200000023070;ja
999058484;0622200000010540;ja
999058496;0622200000010542;ja
999058502;0622200000010666;ja
999058514;0622200000010667;ja
999058538;0622200000010521;ja
999058551;0622200000010538;ja
999058563;0622200000014614;ja
999058563;0622200000039148;ja
999058575;0622200000022712;ja
999058587;0622200000012351;ja
999058599;0622200000022713;ja
999058605;0622200000022711;ja
999058617;0622200000009491;ja
999058629;0622200000010666;ja
999058630;0622200000011910;ja
999058630;0622200000011911;ja
999058630;0622200000011912;ja
999058630;0622200000011913;ja
999058630;0622200000012342;ja
999058630;0622200000039954;ja
999058642;0622200000009509;ja
999058654;0622200000009509;ja
999058666;0622200000006589;ja
999058678;0622200000029860;ja
999058691;0622200000029860;ja
999058708;0622200000006165;ja
999058708;0622200000046050;ja
999058708;0622200000046051;ja
999058721;0622200000010540;ja
999058733;0622200000032645;ja
999058745;0622200000032844;ja
999058757;0622200000032846;ja
999058770;0622200000010525;ja
999058782;0622200000006636;ja
999058782;0622200000032836;ja
999058794;0622200000032842;ja
999058800;0622200000010531;ja
999058812;0622200000012351;ja
999058824;0622200000030448;ja
999058836;0622200000030450;ja
999058848;0622200000032840;ja
999058861;0622200000022921;ja
999058873;0622200000024457;ja
999058885;0622200000003990;ja
999058885;0622200000042479;ja
999058897;0622200000028334;ja
999058903;0622200000028334;ja
999058915;0622200000010528;ja
999058927;0622200000012294;ja
999058939;0622200000010538;ja
999058940;0622200000009486;ja
999058952;0622200000023921;ja
999058964;0622200000042475;ja
999058976;0622200000023938;ja
999058988;0622200000030271;ja
999059002;0622200000023939;ja
999059014;0622200000010536;ja
999059026;0622200000032647;ja
999059038;0622200000024438;ja
999059051;0622200000010519;ja
999059063;0622200000024440;ja
999059075;0622200000010522;ja
999059075;0622200000022915;ja
999059075;0622200000022917;ja
999059087;0622200000034429;ja
999059099;0622200000018198;ja
999059099;0622200000038454;ja
999059105;0622200000006494;ja
999059129;0622200000032838;ja
999059130;0622200000006496;ja
999059142;0622200000006599;ja
999059154;0622200000010531;ja
999059166;0622200000022711;ja
999059178;0622200000010523;ja
999059191;0622200000010539;ja
999059208;0622200000012445;ja
999059221;0622200000006247;ja
999059233;0622200000006247;ja
999059245;0622200000006248;ja
999059257;0622200000006496;ja
999059270;0622200000006597;ja
999059282;0622200000006250;ja
999059294;0622200000033783;ja
999059300;0622200000033783;ja
999059312;0622200000028277;ja
999059324;0622200000022681;ja
999059336;0622200000033781;ja
999059348;0622200000022683;ja
999059361;0622200000006497;ja
999059373;0622200000033781;ja
999059385;0622200000006255;ja
999059397;0622200000022684;ja
999059403;0622200000006253;ja
999059427;0622200000006491;ja
999059439;0622200000032846;ja
999059440;0622200000022684;ja
999059452;0622200000022685;ja
999059476;0622200000014115;ja
999059488;0622200000022688;ja
999059506;0622200000006251;ja
999059518;0622200000014115;ja
999059531;0622200000006527;ja
999059543;0622200000006240;ja
999059555;0622200000006245;ja
999059567;0622200000006244;ja
999059579;0622200000006242;ja
999059580;0622200000024589;ja
999059592;0622200000006242;ja
999059609;0622200000012071;ja
999059610;0622200000012073;ja
999059622;0622200000012077;ja
999059634;0622200000012075;ja
999059646;0622200000028776;ja
999059658;0622200000028774;ja
999059671;0622200000004775;ja
999059671;0622200000004777;ja
999059671;0622200000045410;ja
999059683;0622200000018780;ja
999059683;0622200000044486;ja
999059683;0622200000044487;ja
999059695;0622200000004782;ja
999059701;0622200000004787;ja
999059713;0622200000004787;ja
999059725;0622200000004789;ja
999059737;0622200000012020;ja
999059749;0622200000024440;ja
999059750;0622200000023929;ja
999059762;0622200000006500;ja
999059774;0622200000006505;ja
999059786;0622200000006505;ja
999059798;0622200000006507;ja
999059804;0622200000032642;ja
999059816;0622200000006509;ja
999059828;0622200000006509;ja
999059841;0622200000011599;ja
999059841;0622200000034432;ja
999059853;0622200000013974;ja
999059877;0622200000024585;ja
999059889;0622200000023927;ja
999059890;0622200000038454;ja
999059907;0622200000034435;ja
999059919;0622200000032643;ja
999059920;0622200000024584;ja
999059932;0622200000028257;ja
999059944;0622200000012022;ja
999059956;0622200000046198;ja
999059968;0622200000029864;ja
999059981;0622200000029862;ja
999059993;0622200000002409;ja
999060004;0622200000002408;ja
999060016;0622200000002407;ja
999060028;0622200000032949;ja
999060041;0622200000012073;ja
999060053;0622200000046198;ja
999060065;0622200000028277;ja
999060077;0622200000010523;ja
999060089;0622200000033760;ja
999060090;0622200000033762;ja
999060107;0622200000033762;ja
999060119;0622200000012071;ja
999060120;0622200000034427;ja
999060132;0622200000006245;ja
999060144;0622200000033764;ja
999060156;0622200000032842;ja
999060168;0622200000032644;ja
999060181;0622200000029949;ja
999060193;0622200000029949;ja
999060211;0622200000002406;ja
999060223;0622200000032840;ja
999060235;0622200000006498;ja
999060247;0622200000024588;ja
999060259;0622200000024584;ja
999060260;0622200000013976;ja
999060272;0622200000032950;ja
999060284;0622200000002410;ja
999060296;0622200000004785;ja
999060302;0622200000033761;ja
999060314;0622200000012024;ja
999060326;0622200000033761;ja
999060338;0622200000033760;ja
999060351;0622200000030279;ja
999060375;0622200000028769;ja
999060387;0622200000028767;ja
999060399;0622200000032947;ja
999060429;0622200000028420;ja
999060430;0622200000028420;ja
999060442;0622200000012443;ja
999060442;0622200000028422;ja
999060454;0622200000012443;ja
999060454;0622200000028422;ja
999060466;0622200000030407;ja
999060478;0622200000030411;ja
999060491;0622200000030411;ja
999060521;0622200000006592;ja
999060545;0622200000005037;ja
999060557;0622200000002780;ja
999060557;0622200000038628;ja
999060557;0622200000041691;ja
999060569;0622200000009648;ja
999060570;0622200000030409;ja
999060582;0622200000009647;ja
999060594;0622200000002417;ja
999060612;0622200000002416;ja
999060624;0622200000002412;ja
999060636;0622200000002414;ja
999060648;0622200000002411;ja
999060739;0622200000028769;ja
999060740;0622200000036931;ja
999060776;0622200000026469;ja
999060788;0622200000026469;ja
999060806;0622200000026468;ja
999060806;0622200000038263;ja
999060831;0622200000002418;ja
999060843;0622200000006514;ja
999060855;0622200000006504;ja
999060867;0622200000006512;ja
999060879;0622200000006506;ja
999060880;0622200000006510;ja
999060880;0622200000024555;ja
999060880;0622200000030036;ja
999060880;0622200000032776;ja
999060892;0622200000006510;ja
999060892;0622200000024555;ja
999060892;0622200000030036;ja
999060892;0622200000032776;ja
999060909;0622200000006508;ja
999060910;0622200000006516;ja
999060922;0622200000006516;ja
999060934;0622200000006518;ja
999060946;0622200000006519;ja
999060958;0622200000006519;ja
999060971;0622200000006525;ja
999060983;0622200000006523;ja
999060995;0622200000006521;ja
999061008;0622200000028286;ja
999061008;0622200000028288;ja
999061021;0622200000028260;ja
999061033;0622200000028258;ja
999061045;0622200000030119;ja
999061057;0622200000030243;ja
999061069;0622200000030243;ja
999061070;0622200000028321;ja
999061082;0622200000028321;ja
999061094;0622200000047824;ja
999061100;0622200000047825;ja
999061112;0622200000014604;ja
999061112;0622200000024592;ja
999061112;0622200000028323;ja
999061112;0622200000048357;ja
999061112;0622200000048358;ja
999061124;0622200000046197;ja
999061136;0622200000002404;ja
999061148;0622200000002403;ja
999061161;0622200000002409;ja
999061173;0622200000002401;ja
999061173;0622200000011566;ja
999061173;0622200000011569;ja
999061173;0622200000011730;ja
999061173;0622200000017599;ja
999061173;0622200000036045;ja
999061185;0622200000002402;ja
999061197;0622200000002399;ja
999061203;0622200000002398;ja
999061215;0622200000002394;ja
999061227;0622200000002394;ja
999061239;0622200000002394;ja
999061240;0622200000002395;ja
999061252;0622200000002396;ja
999061264;0622200000012340;ja
999061276;0622200000012340;ja
999061306;0622200000028681;ja
999061306;0622200000033466;ja
999061318;0622200000028681;ja
999061318;0622200000033466;ja
999061331;0622200000029840;ja
999061343;0622200000029840;ja
999061355;0622200000015500;ja
999061367;0622200000025199;ja
999061367;0622200000032199;ja
999061367;0622200000040351;ja
999061379;0622200000032199;ja
999061379;0622200000040351;ja
999061380;0622200000032199;ja
999061380;0622200000040351;ja
999061409;0622200000006458;ja
999061410;0622200000014454;ja
999061422;0622200000039810;ja
999061434;0622200000024604;ja
999061446;0622200000024603;ja
999061458;0622200000028773;ja
999061471;0622200000028772;ja
999061483;0622200000032510;ja
999061495;0622200000030306;ja
999061501;0622200000030306;ja
999061513;0622200000024414;ja
999061513;0622200000024415;ja
999061513;0622200000024542;ja
999061525;0622200000005489;ja
999061525;0622200000005492;ja
999061537;0622200000004625;ja
999061549;0622200000004625;ja
999061550;0622200000022548;ja
999061562;0622200000022549;ja
999061574;0622200000033791;ja
999061586;0622200000006520;ja
999061598;0622200000024444;ja
999061604;0622200000032950;ja
999061616;0622200000033735;ja
999061628;0622200000024448;ja
999061641;0622200000004627;ja
999061641;0622200000041255;ja
999061653;0622200000033786;ja
999061665;0622200000023922;ja
999061677;0622200000009480;ja
999061689;0622200000033788;ja
999061690;0622200000029939;ja
999061707;0622200000033792;ja
999061719;0622200000032964;ja
999061720;0622200000032964;ja
999061732;0622200000032960;ja
999061744;0622200000032956;ja
999061756;0622200000032956;ja
999061768;0622200000004627;ja
999061768;0622200000041255;ja
999061781;0622200000032954;ja
999061793;0622200000032952;ja
999061811;0622200000034428;ja
999061823;0622200000016565;ja
999061823;0622200000034669;ja
999061823;0622200000036233;ja
999061823;0622200000039026;ja
999061835;0622200000016565;ja
999061835;0622200000034669;ja
999061835;0622200000036233;ja
999061835;0622200000039026;ja
999061847;0622200000031230;ja
999061859;0622200000033276;ja
999061860;0622200000033277;ja
999061872;0622200000033277;ja
999061884;0622200000019676;ja
999061896;0622200000029854;ja
999061902;0622200000030093;ja
999061914;0622200000030093;ja
999061926;0622200000019676;ja
999061938;0622200000029856;ja
999061951;0622200000029856;ja
999061963;0622200000029858;ja
999061975;0622200000029852;ja
999061987;0622200000029850;ja
999061999;0622200000029850;ja
999062001;0622200000029843;ja
999062013;0622200000033223;ja
999062013;0622200000045082;ja
999062013;0622200000045083;ja
999062025;0622200000011407;ja
999062025;0622200000011596;ja
999062049;0622200000009494;ja
999062050;0622200000014290;ja
999062062;0622200000014291;ja
999062074;0622200000009494;ja
999062086;0622200000029852;ja
999062098;0622200000032962;ja
999062104;0622200000024610;ja
999062116;0622200000023950;ja
999062128;0622200000023948;ja
999062141;0622200000023948;ja
999062153;0622200000002382;ja
999062165;0622200000002382;ja
999062177;0622200000002383;ja
999062189;0622200000002384;ja
999062190;0622200000004584;ja
999062207;0622200000004585;ja
999062219;0622200000004586;ja
999062220;0622200000004586;ja
999062232;0622200000004587;ja
999062244;0622200000004588;ja
999062256;0622200000004588;ja
999062268;0622200000004589;ja
999062281;0622200000004589;ja
999062293;0622200000004590;ja
999062311;0622200000004590;ja
999062323;0622200000004591;ja
999062335;0622200000004592;ja
999062347;0622200000004592;ja
999062359;0622200000004593;ja
999062360;0622200000004593;ja
999062372;0622200000004594;ja
999062384;0622200000004595;ja
999062396;0622200000004595;ja
999062402;0622200000004596;ja
999062803;0622200000023071;ja
999062815;0622200000033122;ja
999062827;0622200000024265;ja
999062839;0622200000010528;ja
999062840;0622200000024266;ja
999062852;0622200000024267;ja
999062876;0622200000015168;ja
999062888;0622200000015167;ja
999062906;0622200000032891;ja
999062918;0622200000034081;ja
999062931;0622200000032883;ja
999062943;0622200000032887;ja
999062955;0622200000032887;ja
999062967;0622200000032894;ja
999062979;0622200000032894;ja
999062980;0622200000032894;ja
999062992;0622200000032558;ja
999063005;0622200000032558;ja
999063017;0622200000032637;ja
999063029;0622200000032637;ja
999063030;0622200000032638;ja
999063042;0622200000031865;ja
999063042;0622200000032639;ja
999063054;0622200000023187;ja
999063054;0622200000032494;ja
999063066;0622200000032495;ja
999063078;0622200000013978;ja
999063091;0622200000042474;ja
999063108;0622200000013978;ja
999063121;0622200000042478;ja
999063133;0622200000027974;ja
999063145;0622200000027974;ja
999063157;0622200000027975;ja
999063169;0622200000012032;ja
999063170;0622200000012034;ja
999063182;0622200000012034;ja
999063194;0622200000012521;ja
999063194;0622200000022913;ja
999063200;0622200000012036;ja
999063200;0622200000012038;ja
999063212;0622200000015976;ja
999063224;0622200000012521;ja
999063224;0622200000022913;ja
999063236;0622200000009647;ja
999063248;0622200000015976;ja
999063261;0622200000012393;ja
999063273;0622200000004587;ja
999063285;0622200000022908;ja
999063297;0622200000022910;ja
999063303;0622200000009492;ja
999063315;0622200000002387;ja
999063327;0622200000002387;ja
999063339;0622200000011920;ja
999063339;0622200000012321;ja
999063340;0622200000012201;ja
999063352;0622200000012199;ja
999063364;0622200000012042;ja
999063376;0622200000012040;ja
999063388;0622200000030265;ja
999063406;0622200000030264;ja
999063418;0622200000030264;ja
999063431;0622200000028332;ja
999063443;0622200000028332;ja
999063455;0622200000038793;ja
999063467;0622200000038793;ja
999063479;0622200000015027;ja
999063480;0622200000015027;ja
999063492;0622200000024449;ja
999063509;0622200000028589;ja
999063510;0622200000046775;ja
999063534;0622200000028587;ja
999063546;0622200000028587;ja
999063558;0622200000028585;ja
999063571;0622200000028583;ja
999063583;0622200000028583;ja
999063595;0622200000028457;ja
999063601;0622200000028455;ja
999063613;0622200000028455;ja
999063625;0622200000028453;ja
999063637;0622200000028451;ja
999063649;0622200000028453;ja
999063650;0622200000028451;ja
999063662;0622200000028449;ja
999063674;0622200000028449;ja
999063686;0622200000028445;ja
999063698;0622200000028445;ja
999063704;0622200000028441;ja
999063716;0622200000028441;ja
999063728;0622200000028439;ja
999063741;0622200000028439;ja
999063753;0622200000028443;ja
999063765;0622200000023724;ja
999063777;0622200000023723;ja
999063789;0622200000029944;ja
999063790;0622200000023722;ja
999063807;0622200000023722;ja
999063819;0622200000023721;ja
999063820;0622200000023717;ja
999063832;0622200000023719;ja
999063844;0622200000023718;ja
999063856;0622200000023718;ja
999063868;0622200000023717;ja
999063881;0622200000023712;ja
999063893;0622200000023716;ja
999063911;0622200000023716;ja
999063923;0622200000023714;ja
999063935;0622200000023714;ja
999063959;0622200000023711;ja
999063960;0622200000033103;ja
999063972;0622200000033740;ja
999063984;0622200000033740;ja
999063996;0622200000033742;ja
999064009;0622200000033744;ja
999064022;0622200000033746;ja
999064034;0622200000033746;ja
999064046;0622200000033746;ja
999064058;0622200000033750;ja
999064071;0622200000012324;ja
999064083;0622200000012326;ja
999064095;0622200000044669;ja
999064101;0622200000044670;ja
999064113;0622200000044671;ja
999064125;0622200000038290;ja
999064137;0622200000014455;ja
999064149;0622200000009666;ja
999064150;0622200000009666;ja
999064162;0622200000024586;ja
999064174;0622200000024587;ja
999064186;0622200000024587;ja
999064198;0622200000002422;ja
999064204;0622200000002421;ja
999064216;0622200000002420;ja
999064228;0622200000009554;ja
999064228;0622200000038429;ja
999064241;0622200000009553;ja
999064253;0622200000009551;ja
999064265;0622200000005001;ja
999064277;0622200000005002;ja
999064289;0622200000026461;ja
999064290;0622200000033950;ja
999064307;0622200000026461;ja
999064319;0622200000033950;ja
999064320;0622200000033951;ja
999064332;0622200000048311;ja
999064344;0622200000032813;ja
999064356;0622200000032813;ja
999064368;0622200000032937;ja
999064381;0622200000032939;ja
999064393;0622200000030246;ja
999064393;0622200000030247;ja
999064393;0622200000048416;ja
999064411;0622200000013295;ja
999064411;0622200000035050;ja
999064423;0622200000013295;ja
999064423;0622200000035049;ja
999064423;0622200000035050;ja
999064423;0622200000035054;ja
999064435;0622200000035049;ja
999064435;0622200000035054;ja
999064447;0622200000005199;ja
999064459;0622200000005199;ja
999064472;0622200000009670;ja
999064484;0622200000009669;ja
999064496;0622200000029853;ja
999064502;0622200000029853;ja
999064514;0622200000028617;ja
999064514;0622200000029855;ja
999064526;0622200000015977;ja
999064538;0622200000015977;ja
999064551;0622200000027312;ja
999064551;0622200000034405;ja
999064551;0622200000048757;ja
999064551;0622200000048758;ja
999064587;0622200000012197;ja
999064599;0622200000035931;ja
999064605;0622200000035932;ja
999064617;0622200000035932;ja
999064629;0622200000035933;ja
999064630;0622200000035933;ja
999064642;0622200000035934;ja
999064654;0622200000035934;ja
999064666;0622200000035935;ja
999064678;0622200000035935;ja
999064691;0622200000035936;ja
999064708;0622200000035937;ja
999064903;0622200000035937;ja
999064915;0622200000035938;ja
999064939;0622200000035938;ja
999064940;0622200000035939;ja
999064952;0622200000041245;ja
999064964;0622200000030795;ja
999064976;0622200000030116;ja
999064976;0622200000030118;ja
999064988;0622200000007327;ja
999065002;0622200000012499;ja
999065014;0622200000039892;ja
999065026;0622200000029928;ja
999065038;0622200000041251;ja
999065051;0622200000005996;ja
999065051;0622200000037381;ja
999065063;0622200000032938;ja
999065075;0622200000023786;ja
999065087;0622200000041199;ja
999065099;0622200000039259;ja
999065105;0622200000041357;ja
999065117;0622200000022705;ja
999065129;0622200000002390;ja
999065130;0622200000024495;ja
999065142;0622200000009656;ja
999065154;0622200000032829;ja
999065178;0622200000041279;ja
999065208;0622200000039227;ja
999065221;0622200000039712;ja
999065233;0622200000039071;ja
999065245;0622200000028105;ja
999065270;0622200000013980;ja
999065282;0622200000035141;ja
999065294;0622200000041741;ja
999065300;0622200000005451;ja
999065312;0622200000004635;ja
999065324;0622200000038906;ja
999065336;0622200000013966;ja
999065336;0622200000036704;ja
999065336;0622200000044580;ja
999065336;0622200000044581;ja
999065348;0622200000039731;ja
999065361;0622200000009485;ja
999065373;0622200000041367;ja
999065385;0622200000039557;ja
999065397;0622200000039044;ja
999065403;0622200000042101;ja
999065415;0622200000014448;ja
999065427;0622200000024490;ja
999065452;0622200000039734;ja
999065464;0622200000016418;ja
999065476;0622200000012520;ja
999065488;0622200000039883;ja
999065506;0622200000041561;ja
999065506;0622200000041570;ja
999065506;0622200000044886;ja
999065518;0622200000002709;ja
999065518;0622200000039395;ja
999065531;0622200000016149;ja
999065543;0622200000009658;ja
999065555;0622200000033934;ja
999065567;0622200000006114;ja
999065579;0622200000041289;ja
999065580;0622200000012485;ja
999065592;0622200000009651;ja
999065609;0622200000037376;ja
999065610;0622200000039068;ja
999065622;0622200000042154;ja
999065634;0622200000034278;ja
999065646;0622200000038912;ja
999065658;0622200000033279;ja
999065671;0622200000027445;ja
999065683;0622200000038909;ja
999065695;0622200000040358;ja
999065695;0622200000046059;ja
999065701;0622200000039726;ja
999065713;0622200000041366;ja
999065725;0622200000012394;ja
999065737;0622200000035143;ja
999065749;0622200000039733;ja
999065750;0622200000038935;ja
999065762;0622200000030641;ja
999065774;0622200000009665;ja
999065786;0622200000041369;ja
999065798;0622200000012395;ja
999065804;0622200000041050;ja
999065816;0622200000035142;ja
999065828;0622200000041447;ja
999065841;0622200000039699;ja
999065853;0622200000039233;ja
999065865;0622200000023954;ja
999065889;0622200000039061;ja
999065890;0622200000037114;ja
999065907;0622200000035273;ja
999065919;0622200000004841;ja
999065932;0622200000039235;ja
999065932;0622200000046529;ja
999065944;0622200000029930;ja
999065956;0622200000039242;ja
999065968;0622200000041453;ja
999065981;0622200000023917;ja
999065993;0622200000030792;ja
999066006;0622200000041344;ja
999066018;0622200000039889;ja
999066031;0622200000041254;ja
999066043;0622200000039738;ja
999066055;0622200000027437;ja
999066067;0622200000041249;ja
999066079;0622200000015979;ja
999066080;0622200000035941;ja
999066092;0622200000039058;ja
999066109;0622200000041358;ja
999066110;0622200000013966;ja
999066110;0622200000026456;ja
999066110;0622200000036704;ja
999066110;0622200000041048;ja
999066110;0622200000042485;ja
999066110;0622200000044580;ja
999066110;0622200000044581;ja
999066122;0622200000012051;ja
999066134;0622200000029915;ja
999066146;0622200000032845;ja
999066158;0622200000006112;ja
999066171;0622200000033627;ja
999066183;0622200000039069;ja
999066195;0622200000041351;ja
999066201;0622200000039710;ja
999066213;0622200000014422;ja
999066225;0622200000028103;ja
999066237;0622200000012484;ja
999066249;0622200000038228;ja
999066250;0622200000028238;ja
999066262;0622200000042160;ja
999066274;0622200000039074;ja
999066286;0622200000039897;ja
999066298;0622200000029931;ja
999066304;0622200000039248;ja
999066316;0622200000019159;ja
999066316;0622200000023777;ja
999066328;0622200000002393;ja
999066341;0622200000041353;ja
999066353;0622200000041357;ja
999066353;0622200000041561;ja
999066353;0622200000041570;ja
999066365;0622200000039879;ja
999066377;0622200000032825;ja
999066389;0622200000041274;ja
999066390;0622200000040023;ja
999066390;0622200000041566;ja
999066390;0622200000042614;ja
999066390;0622200000042615;ja
999066390;0622200000042617;ja
999066390;0622200000042618;ja
999066390;0622200000042620;ja
999066390;0622200000042622;ja
999066407;0622200000039232;ja
999066419;0622200000005114;ja
999066420;0622200000012172;ja
999066432;0622200000041251;ja
999066444;0622200000039725;ja
999066456;0622200000038774;ja
999066456;0622200000038905;ja
999066456;0622200000040350;ja
999066468;0622200000039737;ja
999066481;0622200000039223;ja
999066493;0622200000041386;ja
999066511;0622200000002770;ja
999066511;0622200000002772;ja
999066511;0622200000005018;ja
999066511;0622200000005019;ja
999066523;0622200000039051;ja
999066547;0622200000014449;ja
999066559;0622200000035139;ja
999066560;0622200000039077;ja
999066572;0622200000039230;ja
999066584;0622200000041376;ja
999066596;0622200000039729;ja
999066602;0622200000038900;ja
999066614;0622200000009663;ja
999066626;0622200000033938;ja
999066638;0622200000041378;ja
999066651;0622200000027446;ja
999066663;0622200000039045;ja
999066687;0622200000039047;ja
999066699;0622200000039735;ja
999066705;0622200000015499;ja
999066717;0622200000041374;ja
999066729;0622200000012522;ja
999066730;0622200000028751;ja
999066742;0622200000039228;ja
999066754;0622200000009696;ja
999066766;0622200000038399;ja
999066766;0622200000041037;ja
999066778;0622200000042567;ja
999066791;0622200000039718;ja
999066808;0622200000015738;ja
999066808;0622200000039062;ja
999066821;0622200000022877;ja
999066833;0622200000039885;ja
999066845;0622200000039234;ja
999066857;0622200000041445;ja
999066869;0622200000039702;ja
999066870;0622200000006637;ja
999066882;0622200000039241;ja
999066894;0622200000024489;ja
999066900;0622200000030793;ja
999066912;0622200000041253;ja
999066924;0622200000041262;ja
999066936;0622200000005137;ja
999066936;0622200000041704;ja
999066948;0622200000015980;ja
999066961;0622200000039252;ja
999066973;0622200000041355;ja
999066985;0622200000035941;ja
999066997;0622200000039057;ja
999067011;0622200000037729;ja
999067011;0622200000037730;ja
999067023;0622200000029913;ja
999067035;0622200000039258;ja
999067047;0622200000023531;ja
999067059;0622200000012049;ja
999067060;0622200000032845;ja
999067072;0622200000006114;ja
999067084;0622200000041278;ja
999067096;0622200000039070;ja
999067102;0622200000041361;ja
999067114;0622200000039713;ja
999067126;0622200000014422;ja
999067151;0622200000028104;ja
999067163;0622200000025551;ja
999067175;0622200000030245;ja
999067187;0622200000042161;ja
999067199;0622200000037377;ja
999067205;0622200000039074;ja
999067217;0622200000041197;ja
999067229;0622200000039059;ja
999067230;0622200000035276;ja
999067242;0622200000004853;ja
999067254;0622200000041193;ja
999067266;0622200000030092;ja
999067278;0622200000006119;ja
999067291;0622200000041276;ja
999067308;0622200000027970;ja
999067321;0622200000041360;ja
999067333;0622200000042484;ja
999067345;0622200000041345;ja
999067357;0622200000030080;ja
999067382;0622200000039703;ja
999067497;0622200000022707;ja
999067515;0622200000022911;ja
999067527;0622200000041273;ja
999067539;0622200000041241;ja
999067540;0622200000035945;ja
999067564;0622200000039249;ja
999067564;0622200000039806;ja
999067564;0622200000049222;ja
999067564;0622200000049223;ja
999067576;0622200000041389;ja
999067588;0622200000039046;ja
999067588;0622200000040364;ja
999067606;0622200000039737;ja
999067618;0622200000041455;ja
999067631;0622200000042484;ja
999067643;0622200000039067;ja
999067655;0622200000039246;ja
999067667;0622200000029334;ja
999067667;0622200000039121;ja
999067667;0622200000039890;ja
999067679;0622200000038399;ja
999067680;0622200000039877;ja
999067692;0622200000039234;ja
999067709;0622200000035141;ja
999067710;0622200000042157;ja
999067722;0622200000039239;ja
999067734;0622200000039393;ja
999067746;0622200000039245;ja
999067758;0622200000004844;ja
999067771;0622200000042648;ja
999067783;0622200000023935;ja
999067795;0622200000012353;ja
999067801;0622200000035942;ja
999067813;0622200000041385;ja
999067825;0622200000032827;ja
999067837;0622200000039728;ja
999067849;0622200000039241;ja
999067862;0622200000039715;ja
999067874;0622200000032774;ja
999067886;0622200000042100;ja
999067898;0622200000012187;ja
999067904;0622200000039221;ja
999067916;0622200000039058;ja
999067928;0622200000033195;ja
999067928;0622200000041565;ja
999067941;0622200000038902;ja
999067953;0622200000039895;ja
999067965;0622200000039055;ja
999067977;0622200000044507;ja
999067989;0622200000041453;ja
999067990;0622200000041451;ja
999068003;0622200000040364;ja
999068015;0622200000011265;ja
999068015;0622200000041290;ja
999068027;0622200000022877;ja
999068039;0622200000039895;ja
999068040;0622200000029933;ja
999068052;0622200000041367;ja
999068064;0622200000039254;ja
999068076;0622200000039712;ja
999068088;0622200000039046;ja
999068106;0622200000038912;ja
999068118;0622200000022918;ja
999068131;0622200000032832;ja
999068143;0622200000039236;ja
999068155;0622200000039716;ja
999068167;0622200000041388;ja
999068179;0622200000038909;ja
999068180;0622200000004857;ja
999068209;0622200000039231;ja
999068210;0622200000041281;ja
999068222;0622200000041380;ja
999068234;0622200000005253;ja
999068234;0622200000029929;ja
999068246;0622200000041200;ja
999068258;0622200000039393;ja
999068271;0622200000039706;ja
999068283;0622200000041279;ja
999068295;0622200000039258;ja
999068301;0622200000011600;ja
999068313;0622200000039229;ja
999068325;0622200000012354;ja
999068337;0622200000039727;ja
999068349;0622200000004849;ja
999068350;0622200000033187;ja
999068362;0622200000016443;ja
999068362;0622200000037850;ja
999068362;0622200000041898;ja
999068362;0622200000041899;ja
999068362;0622200000043821;ja
999068362;0622200000045960;ja
999068362;0622200000046660;ja
999068362;0622200000046661;ja
999068362;0622200000049983;ja
999068374;0622200000039054;ja
999068386;0622200000041271;ja
999068404;0622200000014903;ja
999068416;0622200000035264;ja
999068428;0622200000027962;ja
999068441;0622200000039238;ja
999068453;0622200000041348;ja
999068465;0622200000039872;ja
999068489;0622200000007461;ja
999068490;0622200000041452;ja
999068519;0622200000041459;ja
999068532;0622200000039298;ja
999068544;0622200000006635;ja
999068556;0622200000004390;ja
999068556;0622200000039396;ja
999068568;0622200000012399;ja
999068581;0622200000014905;ja
999068593;0622200000009540;ja
999068611;0622200000012354;ja
999068623;0622200000042480;ja
999068635;0622200000014423;ja
999068647;0622200000012493;ja
999068659;0622200000006118;ja
999068659;0622200000017219;ja
999068672;0622200000035264;ja
999068684;0622200000042162;ja
999068696;0622200000002805;ja
999068696;0622200000005125;ja
999068696;0622200000005128;ja
999068696;0622200000041701;ja
999068702;0622200000039236;ja
999068714;0622200000039734;ja
999068726;0622200000002393;ja
999068738;0622200000016418;ja
999068751;0622200000016147;ja
999068763;0622200000022706;ja
999068775;0622200000038936;ja
999068787;0622200000023952;ja
999068799;0622200000035943;ja
999068805;0622200000032820;ja
999068817;0622200000029935;ja
999068829;0622200000039724;ja
999068830;0622200000039898;ja
999068842;0622200000041291;ja
999068854;0622200000033921;ja
999068854;0622200000033923;ja
999068866;0622200000041051;ja
999068866;0622200000045267;ja
999068878;0622200000039052;ja
999068891;0622200000041352;ja
999068908;0622200000039225;ja
999068921;0622200000006113;ja
999068933;0622200000041280;ja
999068945;0622200000009487;ja
999068957;0622200000006631;ja
999068969;0622200000025493;ja
999068969;0622200000041567;ja
999068969;0622200000045313;ja
999068970;0622200000012447;ja
999068982;0622200000041345;ja
999068994;0622200000041741;ja
999069007;0622200000040118;ja
999069007;0622200000045277;ja
999069020;0622200000039901;ja
999069032;0622200000039887;ja
999069068;0622200000041265;ja
999069081;0622200000024839;ja
999069081;0622200000042762;ja
999069093;0622200000023944;ja
999069111;0622200000012049;ja
999069123;0622200000039729;ja
999069135;0622200000038911;ja
999069147;0622200000035274;ja
999069159;0622200000009655;ja
999069160;0622200000038987;ja
999069172;0622200000038288;ja
999069184;0622200000010386;ja
999069196;0622200000041361;ja
999069202;0622200000023918;ja
999069214;0622200000041363;ja
999069226;0622200000009645;ja
999069238;0622200000006637;ja
999069251;0622200000012357;ja
999069263;0622200000006105;ja
999069275;0622200000039053;ja
999069287;0622200000035274;ja
999069299;0622200000013199;ja
999069305;0622200000032775;ja
999069317;0622200000030427;ja
999069329;0622200000042159;ja
999069330;0622200000041272;ja
999069342;0622200000041381;ja
999069354;0622200000041380;ja
999069366;0622200000044508;ja
999069378;0622200000028757;ja
999069391;0622200000038903;ja
999069408;0622200000041194;ja
999069421;0622200000038908;ja
999069433;0622200000005451;ja
999069433;0622200000041897;ja
999069445;0622200000023946;ja
999069457;0622200000035272;ja
999069469;0622200000039896;ja
999069470;0622200000039253;ja
999069482;0622200000023783;ja
999069494;0622200000015979;ja
999069500;0622200000039070;ja
999069512;0622200000041445;ja
999069524;0622200000004766;ja
999069536;0622200000002388;ja
999069548;0622200000012522;ja
999069561;0622200000041266;ja
999069573;0622200000028418;ja
999069585;0622200000041387;ja
999069597;0622200000035946;ja
999069603;0622200000028753;ja
999069603;0622200000040029;ja
999069615;0622200000009683;ja
999069627;0622200000039720;ja
999069639;0622200000041366;ja
999069640;0622200000041790;ja
999069652;0622200000041197;ja
999069664;0622200000039740;ja
999069676;0622200000038933;ja
999069688;0622200000041269;ja
999069718;0622200000039732;ja
999069731;0622200000012494;ja
999069743;0622200000041349;ja
999069755;0622200000027955;ja
999069767;0622200000028418;ja
999069779;0622200000042161;ja
999069780;0622200000045411;ja
999069792;0622200000035276;ja
999069809;0622200000039874;ja
999069810;0622200000041370;ja
999069834;0622200000022540;ja
999069846;0622200000041446;ja
999069858;0622200000041377;ja
999069871;0622200000039882;ja
999069883;0622200000041045;ja
999069895;0622200000033347;ja
999069895;0622200000039060;ja
999069913;0622200000039733;ja
999069937;0622200000038788;ja
999069949;0622200000041388;ja
999069950;0622200000009538;ja
999069962;0622200000039875;ja
999069986;0622200000039902;ja
999069998;0622200000016149;ja
999070009;0622200000041350;ja
999070010;0622200000041354;ja
999070022;0622200000007334;ja
999070034;0622200000041371;ja
999070046;0622200000039073;ja
999070058;0622200000035263;ja
999070071;0622200000035275;ja
999070083;0622200000009694;ja
999070095;0622200000032943;ja
999070101;0622200000041193;ja
999070113;0622200000041360;ja
999070125;0622200000006111;ja
999070125;0622200000029622;ja
999070137;0622200000031231;ja
999070149;0622200000009664;ja
999070150;0622200000030109;ja
999070174;0622200000009681;ja
999070186;0622200000006105;ja
999070204;0622200000041364;ja
999070216;0622200000014420;ja
999070228;0622200000002392;ja
999070241;0622200000012187;ja
999070253;0622200000041354;ja
999070265;0622200000023784;ja
999070277;0622200000039056;ja
999070289;0622200000039075;ja
999070290;0622200000009550;ja
999070290;0622200000028059;ja
999070290;0622200000028060;ja
999070290;0622200000044663;ja
999070307;0622200000041257;ja
999070307;0622200000043339;ja
999070307;0622200000043340;ja
999070319;0622200000039136;ja
999070320;0622200000041349;ja
999070332;0622200000041261;ja
999070344;0622200000005091;ja
999070356;0622200000039710;ja
999070368;0622200000039256;ja
999070381;0622200000009650;ja
999070393;0622200000030795;ja
999070411;0622200000009643;ja
999070423;0622200000006107;ja
999070435;0622200000012186;ja
999070447;0622200000012170;ja
999070459;0622200000027437;ja
999070460;0622200000024593;ja
999070484;0622200000041364;ja
999070496;0622200000012396;ja
999070502;0622200000012398;ja
999070514;0622200000041287;ja
999070526;0622200000014292;ja
999070538;0622200000041195;ja
999070563;0622200000039722;ja
999070575;0622200000012300;ja
999070575;0622200000042160;ja
999070587;0622200000039067;ja
999070599;0622200000026463;ja
999070599;0622200000033697;ja
999070605;0622200000041198;ja
999070617;0622200000023792;ja
999070629;0622200000022706;ja
999070630;0622200000015981;ja
999070642;0622200000009645;ja
999070654;0622200000039897;ja
999070666;0622200000039072;ja
999070678;0622200000039556;ja
999070691;0622200000016443;ja
999070691;0622200000043150;ja
999070691;0622200000043821;ja
999070691;0622200000046534;ja
999070691;0622200000046535;ja
999070691;0622200000046536;ja
999070691;0622200000046537;ja
999070708;0622200000009691;ja
999070708;0622200000038631;ja
999070708;0622200000041192;ja
999070721;0622200000041244;ja
999070733;0622200000032973;ja
999070745;0622200000032839;ja
999070757;0622200000041241;ja
999070769;0622200000029334;ja
999070769;0622200000029335;ja
999070769;0622200000029336;ja
999070769;0622200000039121;ja
999070769;0622200000039890;ja
999070770;0622200000042651;ja
999070782;0622200000039072;ja
999070794;0622200000012174;ja
999070800;0622200000022911;ja
999070812;0622200000024627;ja
999070812;0622200000038434;ja
999070824;0622200000015101;ja
999070824;0622200000039717;ja
999070836;0622200000039879;ja
999070848;0622200000041282;ja
999070861;0622200000014904;ja
999070873;0622200000027316;ja
999070885;0622200000016602;ja
999070897;0622200000035273;ja
999070903;0622200000039242;ja
999070915;0622200000039735;ja
999070927;0622200000004841;ja
999070939;0622200000022707;ja
999070940;0622200000041256;ja
999070952;0622200000002388;ja
999070964;0622200000039248;ja
999070976;0622200000013199;ja
999070988;0622200000039711;ja
999071002;0622200000039252;ja
999071014;0622200000039142;ja
999071026;0622200000039703;ja
999071038;0622200000015978;ja
999071051;0622200000038900;ja
999071063;0622200000027970;ja
999071075;0622200000041356;ja
999071087;0622200000023781;ja
999071099;0622200000006631;ja
999071105;0622200000032774;ja
999071117;0622200000035142;ja
999071129;0622200000023774;ja
999071130;0622200000027308;ja
999071142;0622200000014420;ja
999071154;0622200000004994;ja
999071154;0622200000043129;ja
999071154;0622200000043130;ja
999071154;0622200000043131;ja
999071154;0622200000043132;ja
999071154;0622200000043133;ja
999071154;0622200000043134;ja
999071154;0622200000043135;ja
999071154;0622200000043136;ja
999071154;0622200000043137;ja
999071154;0622200000043138;ja
999071154;0622200000043139;ja
999071154;0622200000043140;ja
999071154;0622200000043141;ja
999071154;0622200000043142;ja
999071154;0622200000043143;ja
999071154;0622200000043144;ja
999071154;0622200000043145;ja
999071154;0622200000043146;ja
999071166;0622200000041744;ja
999071178;0622200000041252;ja
999071191;0622200000039238;ja
999071208;0622200000003854;ja
999071208;0622200000037762;ja
999071221;0622200000041347;ja
999071233;0622200000039257;ja
999071245;0622200000041450;ja
999071257;0622200000013966;ja
999071257;0622200000026456;ja
999071257;0622200000041048;ja
999071257;0622200000042485;ja
999071257;0622200000044580;ja
999071257;0622200000044581;ja
999071269;0622200000006113;ja
999071270;0622200000012491;ja
999071282;0622200000041460;ja
999071294;0622200000029930;ja
999071312;0622200000030092;ja
999071324;0622200000039254;ja
999071336;0622200000012491;ja
999071348;0622200000041274;ja
999071361;0622200000039130;ja
999071373;0622200000041277;ja
999071385;0622200000022708;ja
999071403;0622200000032606;ja
999071403;0622200000045010;ja
999071403;0622200000045512;ja
999071403;0622200000045519;ja
999071415;0622200000041247;ja
999071427;0622200000039656;ja
999071439;0622200000041049;ja
999071440;0622200000039225;ja
999071452;0622200000041264;ja
999071464;0622200000039888;ja
999071476;0622200000030106;ja
999071488;0622200000012189;ja
999071506;0622200000039048;ja
999071518;0622200000023917;ja
999071531;0622200000039701;ja
999071543;0622200000039705;ja
999071555;0622200000039878;ja
999071567;0622200000033933;ja
999071579;0622200000039223;ja
999071580;0622200000038933;ja
999071592;0622200000041346;ja
999071609;0622200000004995;ja
999071610;0622200000041194;ja
999071622;0622200000041264;ja
999071634;0622200000005030;ja
999071634;0622200000005032;ja
999071634;0622200000041697;ja
999071646;0622200000028101;ja
999071658;0622200000028103;ja
999071671;0622200000042746;ja
999071671;0622200000045920;ja
999071683;0622200000039730;ja
999071695;0622200000041258;ja
999071701;0622200000012166;ja
999071713;0622200000006115;ja
999071725;0622200000041352;ja
999071749;0622200000039052;ja
999071750;0622200000030078;ja
999071762;0622200000032837;ja
999071774;0622200000004848;ja
999071786;0622200000039054;ja
999071804;0622200000039719;ja
999071816;0622200000041275;ja
999071828;0622200000039559;ja
999071865;0622200000030426;ja
999071877;0622200000039247;ja
999071889;0622200000028105;ja
999071890;0622200000038903;ja
999071907;0622200000039394;ja
999071919;0622200000037114;ja
999071920;0622200000038629;ja
999071920;0622200000043291;ja
999071920;0622200000044476;ja
999071944;0622200000032826;ja
999071968;0622200000039881;ja
999071981;0622200000032474;ja
999071981;0622200000039222;ja
999071981;0622200000047802;ja
999071981;0622200000047803;ja
999071993;0622200000030100;ja
999072006;0622200000041387;ja
999072018;0622200000012525;ja
999072031;0622200000035942;ja
999072055;0622200000039069;ja
999072067;0622200000028759;ja
999072079;0622200000004842;ja
999072080;0622200000009683;ja
999072171;0622200000023919;ja
999072183;0622200000005016;ja
999072213;0622200000041242;ja
999072225;0622200000009541;ja
999072237;0622200000039259;ja
999072250;0622200000039061;ja
999072262;0622200000039720;ja
999072274;0622200000009654;ja
999072286;0622200000005111;ja
999072298;0622200000039068;ja
999072304;0622200000037376;ja
999072316;0622200000009651;ja
999072328;0622200000038989;ja
999072341;0622200000042480;ja
999072353;0622200000042155;ja
999072365;0622200000038911;ja
999072377;0622200000027444;ja
999072377;0622200000039071;ja
999072389;0622200000038907;ja
999072390;0622200000040354;ja
999072390;0622200000046052;ja
999072407;0622200000039728;ja
999072419;0622200000042724;ja
999072420;0622200000035272;ja
999072432;0622200000033347;ja
999072432;0622200000039060;ja
999072444;0622200000039880;ja
999072456;0622200000039053;ja
999072468;0622200000032606;ja
999072468;0622200000045010;ja
999072468;0622200000045512;ja
999072468;0622200000045519;ja
999072481;0622200000009665;ja
999072493;0622200000039715;ja
999072511;0622200000041363;ja
999072523;0622200000039226;ja
999072535;0622200000005017;ja
999072535;0622200000034645;ja
999072547;0622200000025261;ja
999072559;0622200000035263;ja
999072560;0622200000012394;ja
999072572;0622200000041273;ja
999072596;0622200000039396;ja
999072602;0622200000030102;ja
999072614;0622200000027957;ja
999072626;0622200000032649;ja
999072638;0622200000009658;ja
999072651;0622200000041277;ja
999072663;0622200000033934;ja
999072675;0622200000006115;ja
999072687;0622200000041289;ja
999072699;0622200000039708;ja
999072705;0622200000040118;ja
999072705;0622200000045277;ja
999072717;0622200000004996;ja
999072729;0622200000028755;ja
999072730;0622200000041373;ja
999072742;0622200000038284;ja
999072754;0622200000014449;ja
999072766;0622200000039049;ja
999072778;0622200000041045;ja
999072791;0622200000012191;ja
999072808;0622200000045913;ja
999072833;0622200000041368;ja
999072845;0622200000002770;ja
999072845;0622200000002772;ja
999072845;0622200000005018;ja
999072845;0622200000005019;ja
999072857;0622200000039237;ja
999072869;0622200000041267;ja
999072870;0622200000039065;ja
999072882;0622200000027303;ja
999072894;0622200000023779;ja
999072900;0622200000012183;ja
999072912;0622200000041283;ja
999072924;0622200000038904;ja
999072936;0622200000016457;ja
999072948;0622200000027303;ja
999072961;0622200000039240;ja
999072973;0622200000041460;ja
999072985;0622200000039713;ja
999072997;0622200000039073;ja
999073011;0622200000030092;ja
999073023;0622200000028104;ja
999073035;0622200000042159;ja
999073047;0622200000028238;ja
999073059;0622200000042158;ja
999073060;0622200000037850;ja
999073072;0622200000030245;ja
999073084;0622200000038390;ja
999073084;0622200000039900;ja
999073096;0622200000027308;ja
999073102;0622200000004766;ja
999073114;0622200000012520;ja
999073126;0622200000041246;ja
999073138;0622200000032648;ja
999073151;0622200000038906;ja
999073163;0622200000041249;ja
999073175;0622200000039244;ja
999073187;0622200000041457;ja
999073199;0622200000016458;ja
999073205;0622200000004842;ja
999073217;0622200000039222;ja
999073217;0622200000047802;ja
999073217;0622200000047803;ja
999073229;0622200000041458;ja
999073230;0622200000039244;ja
999073254;0622200000041455;ja
999073266;0622200000039246;ja
999073278;0622200000002389;ja
999073291;0622200000038788;ja
999073308;0622200000011598;ja
999073321;0622200000035265;ja
999073333;0622200000041271;ja
999073345;0622200000039051;ja
999073357;0622200000039077;ja
999073369;0622200000042650;ja
999073370;0622200000003838;ja
999073370;0622200000039721;ja
999073382;0622200000038937;ja
999073394;0622200000039557;ja
999073394;0622200000046222;ja
999073400;0622200000039224;ja
999073412;0622200000012490;ja
999073412;0622200000015369;ja
999073424;0622200000041358;ja
999073436;0622200000039394;ja
999073448;0622200000039898;ja
999073461;0622200000041750;ja
999073473;0622200000039055;ja
999073485;0622200000039873;ja
999073497;0622200000041285;ja
999073503;0622200000039739;ja
999073515;0622200000004848;ja
999073527;0622200000030426;ja
999073539;0622200000012397;ja
999073540;0622200000041276;ja
999073552;0622200000012179;ja
999073564;0622200000039392;ja
999073576;0622200000041286;ja
999073588;0622200000039397;ja
999073606;0622200000041288;ja
999073618;0622200000041268;ja
999073631;0622200000009644;ja
999073655;0622200000028759;ja
999073667;0622200000041561;ja
999073667;0622200000041570;ja
999073679;0622200000024413;ja
999073680;0622200000005027;ja
999073692;0622200000039723;ja
999073709;0622200000014902;ja
999073710;0622200000041372;ja
999073722;0622200000028757;ja
999073734;0622200000038284;ja
999073746;0622200000039045;ja
999073758;0622200000041454;ja
999073771;0622200000029933;ja
999073783;0622200000022914;ja
999073795;0622200000041252;ja
999073801;0622200000039894;ja
999073813;0622200000030242;ja
999073825;0622200000015980;ja
999073837;0622200000041259;ja
999073849;0622200000039738;ja
999074222;0622200000029524;ja
999074222;0622200000041284;ja
999074234;0622200000012525;ja
999074234;0622200000014939;ja
999074246;0622200000042725;ja
999074258;0622200000041348;ja
999074271;0622200000022708;ja
999074283;0622200000032773;ja
999074295;0622200000009657;ja
999074313;0622200000004831;ja
999074325;0622200000039707;ja
999074337;0622200000039878;ja
999074349;0622200000004839;ja
999074350;0622200000041243;ja
999074362;0622200000039237;ja
999074374;0622200000041267;ja
999074386;0622200000039065;ja
999074398;0622200000012188;ja
999074404;0622200000041283;ja
999074416;0622200000019159;ja
999074428;0622200000041243;ja
999074441;0622200000016456;ja
999074441;0622200000037758;ja
999074453;0622200000039245;ja
999074465;0622200000038904;ja
999074477;0622200000041458;ja
999074489;0622200000039255;ja
999074490;0622200000041449;ja
999074507;0622200000034401;ja
999074507;0622200000039147;ja
999074519;0622200000041346;ja
999074520;0622200000035944;ja
999074532;0622200000041262;ja
999074544;0622200000039875;ja
999074556;0622200000012497;ja
999074568;0622200000028427;ja
999074581;0622200000022709;ja
999074593;0622200000032823;ja
999074611;0622200000041272;ja
999074623;0622200000009653;ja
999074635;0622200000041287;ja
999074647;0622200000024546;ja
999074647;0622200000024547;ja
999074647;0622200000043360;ja
999074647;0622200000043795;ja
999074647;0622200000043796;ja
999074659;0622200000039716;ja
999074660;0622200000003838;ja
999074660;0622200000039721;ja
999074672;0622200000004635;ja
999074684;0622200000039726;ja
999074696;0622200000041378;ja
999074702;0622200000039557;ja
999074702;0622200000046222;ja
999074714;0622200000023933;ja
999074726;0622200000023783;ja
999074738;0622200000033938;ja
999074763;0622200000042101;ja
999074775;0622200000039048;ja
999074787;0622200000018202;ja
999074787;0622200000041560;ja
999074787;0622200000041738;ja
999074799;0622200000039736;ja
999074805;0622200000033921;ja
999074805;0622200000033923;ja
999074817;0622200000021210;ja
999074817;0622200000024411;ja
999074817;0622200000047511;ja
999074829;0622200000041375;ja
999074830;0622200000005024;ja
999074830;0622200000011415;ja
999074830;0622200000017227;ja
999074830;0622200000017356;ja
999074830;0622200000038188;ja
999074842;0622200000014375;ja
999074842;0622200000041051;ja
999074854;0622200000035140;ja
999074866;0622200000033187;ja
999074878;0622200000041448;ja
999074891;0622200000039698;ja
999074891;0622200000046208;ja
999074908;0622200000039059;ja
999074921;0622200000039899;ja
999074933;0622200000038901;ja
999074945;0622200000041247;ja
999074957;0622200000039249;ja
999074957;0622200000039806;ja
999074957;0622200000049222;ja
999074957;0622200000049223;ja
999074969;0622200000041198;ja
999074970;0622200000041353;ja
999074982;0622200000039056;ja
999074994;0622200000041258;ja
999075007;0622200000039876;ja
999075019;0622200000004857;ja
999075020;0622200000039567;ja
999075032;0622200000039256;ja
999075044;0622200000039233;ja
999075056;0622200000041448;ja
999075068;0622200000039709;ja
999075068;0622200000039891;ja
999075081;0622200000030082;ja
999075093;0622200000004765;ja
999075111;0622200000041242;ja
999075123;0622200000042476;ja
999075135;0622200000006457;ja
999075147;0622200000027308;ja
999075159;0622200000009550;ja
999075159;0622200000028059;ja
999075159;0622200000028060;ja
999075159;0622200000044663;ja
999075160;0622200000042158;ja
999075172;0622200000005253;ja
999075172;0622200000029929;ja
999075184;0622200000041288;ja
999075196;0622200000030100;ja
999075202;0622200000040022;ja
999075202;0622200000045369;ja
999075214;0622200000041045;ja
999075226;0622200000038931;ja
999075238;0622200000041359;ja
999075251;0622200000015978;ja
999075263;0622200000014292;ja
999075275;0622200000009484;ja
999075287;0622200000039902;ja
999075299;0622200000015272;ja
999075305;0622200000039220;ja
999075317;0622200000022710;ja
999075329;0622200000041452;ja
999075330;0622200000023918;ja
999075342;0622200000013977;ja
999075354;0622200000026455;ja
999075378;0622200000038939;ja
999075408;0622200000041362;ja
999075421;0622200000032775;ja
999075433;0622200000030640;ja
999075433;0622200000039812;ja
999075445;0622200000006107;ja
999075469;0622200000041808;ja
999075470;0622200000014103;ja
999075482;0622200000035143;ja
999075494;0622200000014903;ja
999075500;0622200000041196;ja
999075512;0622200000039724;ja
999075524;0622200000039231;ja
999075536;0622200000041370;ja
999075548;0622200000012395;ja
999075561;0622200000009478;ja
999075573;0622200000028761;ja
999075585;0622200000038910;ja
999075597;0622200000005114;ja
999075603;0622200000038907;ja
999075615;0622200000041270;ja
999075627;0622200000033195;ja
999075639;0622200000038931;ja
999075640;0622200000009646;ja
999075652;0622200000035266;ja
999075664;0622200000039050;ja
999075676;0622200000041449;ja
999075688;0622200000027316;ja
999075706;0622200000041356;ja
999075718;0622200000035944;ja
999075731;0622200000041263;ja
999075743;0622200000039873;ja
999075755;0622200000029953;ja
999075767;0622200000004846;ja
999075779;0622200000039239;ja
999075780;0622200000041389;ja
999075792;0622200000039700;ja
999075809;0622200000039066;ja
999075810;0622200000027301;ja
999075822;0622200000012184;ja
999075834;0622200000041281;ja
999075846;0622200000039896;ja
999075858;0622200000038902;ja
999075871;0622200000041244;ja
999075883;0622200000026464;ja
999075883;0622200000033697;ja
999075895;0622200000038784;ja
999075901;0622200000041259;ja
999075913;0622200000039253;ja
999075925;0622200000035943;ja
999075937;0622200000012399;ja
999075949;0622200000039063;ja
999075950;0622200000041200;ja
999075962;0622200000039884;ja
999075974;0622200000041275;ja
999075986;0622200000039704;ja
999076012;0622200000041245;ja
999076024;0622200000006635;ja
999076048;0622200000041344;ja
999076061;0622200000024489;ja
999076073;0622200000012498;ja
999076085;0622200000012168;ja
999076097;0622200000007334;ja
999076103;0622200000042162;ja
999076115;0622200000041266;ja
999076127;0622200000032942;ja
999076139;0622200000041286;ja
999076334;0622200000042154;ja
999076425;0622200000042153;ja
999076449;0622200000042152;ja
999076504;0622200000042152;ja
999076590;0622200000042151;ja
999076668;0622200000042151;ja
999076784;0622200000042150;ja
999076796;0622200000042150;ja
999076814;0622200000042149;ja
999076838;0622200000042149;ja
999076899;0622200000042148;ja
999076905;0622200000042148;ja
999076917;0622200000042147;ja
999076966;0622200000042144;ja
999077004;0622200000042144;ja
999077077;0622200000002665;ja
999077077;0622200000042143;ja
999077077;0622200000043319;ja
999077119;0622200000042168;ja
999077168;0622200000042167;ja
999077181;0622200000042166;ja
999077223;0622200000032946;ja
999077296;0622200000006261;ja
999077338;0622200000006261;ja
999077351;0622200000032641;ja
999077399;0622200000027117;ja
999077399;0622200000032640;ja
999077430;0622200000006257;ja
999077533;0622200000041619;ja
999077533;0622200000041902;ja
999077533;0622200000043773;ja
999077533;0622200000043799;ja
999077533;0622200000043800;ja
999077569;0622200000039078;ja
999077582;0622200000039078;ja
999077600;0622200000039079;ja
999077648;0622200000039079;ja
999077727;0622200000039080;ja
999077764;0622200000005781;ja
999077764;0622200000016465;ja
999077831;0622200000029952;ja
999077867;0622200000032944;ja
999077892;0622200000029950;ja
999077971;0622200000042146;ja
999077995;0622200000042146;ja
999078008;0622200000045920;ja
999078021;0622200000003935;ja
999078021;0622200000021285;ja
999078021;0622200000042742;ja
999078021;0622200000042744;ja
999078021;0622200000043103;ja
999078033;0622200000042742;ja
999078033;0622200000042744;ja
999078033;0622200000043103;ja
999078227;0622200000043074;ja
999078227;0622200000043075;ja
999078276;0622200000030054;ja
999078276;0622200000037115;ja
999078288;0622200000043044;ja
999078306;0622200000037115;ja
999078331;0622200000025897;ja
999078331;0622200000041687;ja
999078331;0622200000043767;ja
999078343;0622200000043767;ja
999078355;0622200000041619;ja
999078380;0622200000043775;ja
999078409;0622200000010289;ja
999078501;0622200000005131;ja
999078501;0622200000005134;ja
999078562;0622200000028125;ja
999078574;0622200000028125;ja
999078628;0622200000033631;ja
999078641;0622200000033754;ja
999078653;0622200000033754;ja
999078665;0622200000033756;ja
999078720;0622200000033956;ja
999078744;0622200000033758;ja
999078768;0622200000015567;ja
999078768;0622200000043348;ja
999078781;0622200000033957;ja
999078811;0622200000033957;ja
999078847;0622200000043316;ja
999078847;0622200000043317;ja
999078847;0622200000043352;ja
999078860;0622200000043074;ja
999078860;0622200000043075;ja
999079025;0622200000015721;ja
999079025;0622200000026879;ja
999079025;0622200000032998;ja
999079025;0622200000043312;ja
999079025;0622200000043342;ja
999079050;0622200000043313;ja
999079050;0622200000043344;ja
999079141;0622200000043314;ja
999079141;0622200000045248;ja
999079207;0622200000043315;ja
999079207;0622200000046212;ja
999079207;0622200000046213;ja
999079220;0622200000036052;ja
999079244;0622200000043323;ja
999079244;0622200000043324;ja
999079281;0622200000043325;ja
999079281;0622200000043326;ja
999079281;0622200000043328;ja
999079311;0622200000043159;ja
999079311;0622200000043329;ja
999079311;0622200000046206;ja
999079347;0622200000043159;ja
999079347;0622200000043329;ja
999079359;0622200000043046;ja
999079384;0622200000004433;ja
999079384;0622200000010042;ja
999079384;0622200000014631;ja
999079384;0622200000041896;ja
999079384;0622200000042719;ja
999079384;0622200000049989;ja
999079384;0622200000049990;ja
999079384;0622200000049991;ja
999079384;0622200000049995;ja
999079384;0622200000049996;ja
999079384;0622200000049997;ja
999079402;0622200000004433;ja
999079402;0622200000010042;ja
999079402;0622200000014631;ja
999079402;0622200000041896;ja
999079402;0622200000042719;ja
999079402;0622200000049989;ja
999079402;0622200000049990;ja
999079402;0622200000049991;ja
999079402;0622200000049995;ja
999079402;0622200000049996;ja
999079402;0622200000049997;ja
999079414;0622200000004433;ja
999079414;0622200000010042;ja
999079414;0622200000014631;ja
999079414;0622200000041896;ja
999079414;0622200000042719;ja
999079414;0622200000049989;ja
999079414;0622200000049990;ja
999079414;0622200000049991;ja
999079414;0622200000049995;ja
999079414;0622200000049996;ja
999079414;0622200000049997;ja
999079426;0622200000012583;ja
999079426;0622200000044657;ja
999079499;0622200000030094;ja
999079505;0622200000009547;ja
999079505;0622200000009549;ja
999079566;0622200000012481;ja
999079608;0622200000044577;ja
999079621;0622200000044577;ja
999079657;0622200000044575;ja
999079670;0622200000044574;ja
999079682;0622200000044574;ja
999079852;0622200000044595;ja
999079864;0622200000044596;ja
999080106;0622200000014415;ja
999080179;0622200000014415;ja
999080180;0622200000014417;ja
999080192;0622200000014417;ja
999080209;0622200000014413;ja
999080210;0622200000014413;ja
999080222;0622200000014409;ja
999080234;0622200000032785;ja
999080246;0622200000032787;ja
999080258;0622200000032787;ja
999080271;0622200000032788;ja
999080283;0622200000032791;ja
999080295;0622200000032790;ja
999080301;0622200000032790;ja
999080313;0622200000032793;ja
999080325;0622200000032793;ja
999080337;0622200000032800;ja
999080349;0622200000032798;ja
999080350;0622200000032798;ja
999080362;0622200000032797;ja
999080386;0622200000032801;ja
999080404;0622200000032808;ja
999080416;0622200000032806;ja
999080428;0622200000032806;ja
999080441;0622200000006358;ja
999080453;0622200000006359;ja
999080465;0622200000006350;ja
999080477;0622200000006346;ja
999080489;0622200000006346;ja
999080490;0622200000006345;ja
999080507;0622200000006345;ja
999080519;0622200000042145;ja
999080520;0622200000045388;ja
999080532;0622200000036834;ja
999080532;0622200000045388;ja
999080544;0622200000045389;ja
999080556;0622200000045389;ja
999080568;0622200000045390;ja
999080581;0622200000045390;ja
999080593;0622200000045391;ja
999080611;0622200000045393;ja
999080623;0622200000045393;ja
999080635;0622200000045394;ja
999080660;0622200000045385;ja
999080672;0622200000045386;ja
999080684;0622200000045386;ja
999080696;0622200000045387;ja
999080702;0622200000045385;ja
999080714;0622200000045387;ja
999080726;0622200000045395;ja
999080738;0622200000045395;ja
999080751;0622200000045396;ja
999080763;0622200000045399;ja
999080775;0622200000045400;ja
999080787;0622200000045400;ja
999080799;0622200000045401;ja
999080805;0622200000045401;ja
999080817;0622200000045402;ja
999080829;0622200000045404;ja
999080830;0622200000045404;ja
999080842;0622200000045403;ja
999080854;0622200000045403;ja
999080866;0622200000045406;ja
999080866;0622200000048892;ja
999080878;0622200000045408;ja
999080891;0622200000045407;ja
999080908;0622200000045407;ja
999080921;0622200000045408;ja
999080933;0622200000045409;ja
999080945;0622200000042782;ja
999080945;0622200000043264;ja
999080945;0622200000043265;ja
999080957;0622200000045409;ja
999080970;0622200000045515;ja
999080982;0622200000045511;ja
999080994;0622200000045515;ja
999081007;0622200000045513;ja
999081019;0622200000045510;ja
999081020;0622200000045509;ja
999081032;0622200000045509;ja
999081044;0622200000045530;ja
999081056;0622200000045523;ja
999081056;0622200000050127;ja
999081068;0622200000045530;ja
999081081;0622200000045396;ja
999081093;0622200000045523;ja
999081111;0622200000045531;ja
999081123;0622200000045531;ja
999081135;0622200000045527;ja
999081147;0622200000045527;ja
999081159;0622200000045528;ja
999081160;0622200000045528;ja
999081172;0622200000045526;ja
999081184;0622200000045526;ja
999081196;0622200000045529;ja
999081202;0622200000045529;ja
999081214;0622200000045532;ja
999081226;0622200000045532;ja
999081238;0622200000045524;ja
999081251;0622200000045524;ja
999081263;0622200000045525;ja
999081275;0622200000045525;ja
999081287;0622200000045544;ja
999081299;0622200000045544;ja
999081305;0622200000045534;ja
999081317;0622200000045516;ja
999081329;0622200000045516;ja
999081330;0622200000045541;ja
999081342;0622200000045541;ja
999081354;0622200000045535;ja
999081366;0622200000014409;ja
999081378;0622200000032779;ja
999081391;0622200000032780;ja
999081408;0622200000032783;ja
999081421;0622200000034751;ja
999081421;0622200000045542;ja
999081433;0622200000045542;ja
999081445;0622200000045518;ja
999081457;0622200000045538;ja
999081469;0622200000045518;ja
999081470;0622200000045517;ja
999081482;0622200000045517;ja
999081494;0622200000045533;ja
999081500;0622200000045533;ja
999081512;0622200000045519;ja
999081524;0622200000045519;ja
999081536;0622200000045537;ja
999081548;0622200000045540;ja
999081561;0622200000045537;ja
999081573;0622200000045540;ja
999081585;0622200000045522;ja
999081597;0622200000045522;ja
999081603;0622200000045520;ja
999081615;0622200000045520;ja
999081627;0622200000045521;ja
999081639;0622200000045521;ja
999081640;0622200000045539;ja
999081652;0622200000045539;ja
999081664;0622200000045536;ja
999081676;0622200000045543;ja
999081688;0622200000045543;ja
999081706;0622200000037067;ja
999081706;0622200000037068;ja
999081706;0622200000039122;ja
999081706;0622200000039123;ja
999081706;0622200000039124;ja
999081706;0622200000039125;ja
999081706;0622200000039261;ja
999081706;0622200000039262;ja
999081706;0622200000039263;ja
999081706;0622200000039264;ja
999081706;0622200000039266;ja
999081706;0622200000039267;ja
999081718;0622200000002099;ja
999081718;0622200000002103;ja
999081755;0622200000044324;ja
999081767;0622200000045835;ja
999081779;0622200000045829;ja
999081780;0622200000045835;ja
999081792;0622200000045837;ja
999081809;0622200000045837;ja
999081810;0622200000045841;ja
999081822;0622200000045841;ja
999081834;0622200000045839;ja
999081846;0622200000045829;ja
999081858;0622200000045836;ja
999081871;0622200000045830;ja
999081883;0622200000045830;ja
999081895;0622200000045840;ja
999081901;0622200000045840;ja
999081913;0622200000045832;ja
999081925;0622200000045832;ja
999081937;0622200000045833;ja
999081949;0622200000045834;ja
999081950;0622200000045838;ja
999081962;0622200000045833;ja
999081974;0622200000045834;ja
999081986;0622200000045514;ja
999081998;0622200000045514;ja
999082000;0622200000045511;ja
999082012;0622200000045831;ja
999082024;0622200000045843;ja
999082036;0622200000045831;ja
999082048;0622200000045843;ja
999082061;0622200000045849;ja
999082073;0622200000045849;ja
999082085;0622200000045854;ja
999082097;0622200000045854;ja
999082103;0622200000045844;ja
999082115;0622200000045844;ja
999082127;0622200000045847;ja
999082139;0622200000045847;ja
999082140;0622200000045842;ja
999082152;0622200000045842;ja
999082164;0622200000045856;ja
999082176;0622200000045856;ja
999082188;0622200000045848;ja
999082206;0622200000045848;ja
999082218;0622200000045845;ja
999082231;0622200000045845;ja
999082243;0622200000045851;ja
999082255;0622200000045851;ja
999082267;0622200000045852;ja
999082279;0622200000045852;ja
999082280;0622200000045397;ja
999082292;0622200000045397;ja
999082309;0622200000045398;ja
999082310;0622200000045398;ja
999082322;0622200000032807;ja
999082334;0622200000045846;ja
999082346;0622200000045855;ja
999082358;0622200000045855;ja
999082371;0622200000045859;ja
999082383;0622200000045859;ja
999082395;0622200000045853;ja
999082401;0622200000045850;ja
999082413;0622200000045853;ja
999082425;0622200000045850;ja
999082437;0622200000045405;ja
999082449;0622200000045406;ja
999082450;0622200000045858;ja
999082462;0622200000045858;ja
999082474;0622200000006479;ja
999082486;0622200000006479;ja
999082498;0622200000040569;ja
999082498;0622200000046321;ja
999082504;0622200000045001;ja
999082504;0622200000046320;ja
999082516;0622200000045839;ja
999082528;0622200000045846;ja
999082541;0622200000046320;ja
999082553;0622200000045892;ja
999082589;0622200000045893;ja
999082693;0622200000045885;ja
999082723;0622200000045887;ja
999082735;0622200000045889;ja
999082747;0622200000045889;ja
999082759;0622200000045890;ja
999082772;0622200000045891;ja
999082784;0622200000045902;ja
999082796;0622200000045902;ja
999082802;0622200000045903;ja
999082814;0622200000045903;ja
999082826;0622200000045904;ja
999082838;0622200000045904;ja
999082851;0622200000045905;ja
999082863;0622200000045906;ja
999082875;0622200000045907;ja
999082887;0622200000045907;ja
999082899;0622200000045908;ja
999082905;0622200000045909;ja
999082917;0622200000045906;ja
999082929;0622200000045909;ja
999082930;0622200000045908;ja
999082942;0622200000045910;ja
999082954;0622200000045910;ja
999082966;0622200000045911;ja
999082978;0622200000045911;ja
999082991;0622200000046126;ja
999083004;0622200000046126;ja
999083016;0622200000046128;ja
999083028;0622200000046130;ja
999083041;0622200000046132;ja
999083053;0622200000046132;ja
999083065;0622200000046128;ja
999083077;0622200000046134;ja
999083089;0622200000046134;ja
999083090;0622200000046135;ja
999083107;0622200000046136;ja
999083119;0622200000046138;ja
999083120;0622200000046139;ja
999083132;0622200000046140;ja
999083144;0622200000045894;ja
999083156;0622200000045894;ja
999083168;0622200000046140;ja
999083181;0622200000046141;ja
999083193;0622200000046141;ja
999083211;0622200000046142;ja
999083223;0622200000046125;ja
999083235;0622200000046125;ja
999083247;0622200000046127;ja
999083259;0622200000046127;ja
999083260;0622200000046131;ja
999083272;0622200000046227;ja
999083284;0622200000046142;ja
999083296;0622200000046227;ja
999083302;0622200000046231;ja
999083314;0622200000025590;ja
999083314;0622200000046232;ja
999083326;0622200000046241;ja
999083338;0622200000039560;ja
999083338;0622200000042209;ja
999083338;0622200000046242;ja
999083351;0622200000039560;ja
999083351;0622200000042209;ja
999083351;0622200000046242;ja
999083363;0622200000044653;ja
999083363;0622200000046207;ja
999083375;0622200000024763;ja
999083375;0622200000024764;ja
999083375;0622200000046340;ja
999083399;0622200000046133;ja
999083405;0622200000046143;ja
999083417;0622200000041628;ja
999083417;0622200000046208;ja
999083429;0622200000034080;ja
999083430;0622200000046211;ja
999083442;0622200000033960;ja
999083454;0622200000033960;ja
999083466;0622200000025160;ja
999083466;0622200000042743;ja
999083466;0622200000042744;ja
999083478;0622200000046143;ja
999083491;0622200000025160;ja
999083491;0622200000042743;ja
999083491;0622200000042744;ja
999083508;0622200000030141;ja
999083533;0622200000046343;ja
999083545;0622200000006484;ja
999083545;0622200000042805;ja
999083557;0622200000006486;ja
999083569;0622200000006486;ja
999083570;0622200000046212;ja
999083570;0622200000046213;ja
999083582;0622200000046215;ja
999083594;0622200000046288;ja
999083600;0622200000046288;ja
999083624;0622200000005097;ja
999083624;0622200000005100;ja
999083636;0622200000046289;ja
999083648;0622200000015479;ja
999083661;0622200000005097;ja
999083661;0622200000005100;ja
999083673;0622200000015479;ja
999083685;0622200000046144;ja
999083685;0622200000048375;ja
999083697;0622200000046332;ja
999083703;0622200000029834;ja
999083715;0622200000046332;ja
999083739;0622200000046534;ja
999083739;0622200000046535;ja
999083739;0622200000046536;ja
999083739;0622200000046537;ja
999083752;0622200000040386;ja
999083752;0622200000046688;ja
999083764;0622200000046891;ja
999083776;0622200000046891;ja
999083788;0622200000046892;ja
999083806;0622200000046892;ja
999083818;0622200000046893;ja
999083831;0622200000046894;ja
999083843;0622200000046894;ja
999083855;0622200000046893;ja
999083867;0622200000046895;ja
999083879;0622200000045885;ja
999083880;0622200000046895;ja
999083892;0622200000046896;ja
999083909;0622200000046896;ja
999083910;0622200000046896;ja
999083922;0622200000046897;ja
999083934;0622200000046897;ja
999083946;0622200000046898;ja
999083958;0622200000046899;ja
999083971;0622200000046899;ja
999083983;0622200000046900;ja
999083995;0622200000046901;ja
999084008;0622200000046901;ja
999084021;0622200000046902;ja
999084033;0622200000046903;ja
999084045;0622200000046903;ja
999084057;0622200000046904;ja
999084069;0622200000046904;ja
999084070;0622200000046905;ja
999084082;0622200000046905;ja
999084094;0622200000046906;ja
999084100;0622200000046907;ja
999084112;0622200000046908;ja
999084124;0622200000046908;ja
999084136;0622200000046909;ja
999084148;0622200000046909;ja
999084161;0622200000046910;ja
999084173;0622200000046910;ja
999084185;0622200000046911;ja
999084197;0622200000046912;ja
999084203;0622200000046912;ja
999084215;0622200000046913;ja
999084227;0622200000046913;ja
999084239;0622200000046914;ja
999084240;0622200000045890;ja
999084252;0622200000046914;ja
999084288;0622200000046916;ja
999084306;0622200000046925;ja
999084318;0622200000046925;ja
999084331;0622200000046924;ja
999084343;0622200000046923;ja
999084355;0622200000046922;ja
999084367;0622200000046922;ja
999084379;0622200000046921;ja
999084380;0622200000046920;ja
999084392;0622200000046920;ja
999084409;0622200000046919;ja
999084410;0622200000046919;ja
999084434;0622200000045895;ja
999084446;0622200000046916;ja
999084458;0622200000046917;ja
999084471;0622200000046917;ja
999084483;0622200000002802;ja
999084483;0622200000005119;ja
999084495;0622200000046216;ja
999084501;0622200000002800;ja
999084501;0622200000005122;ja
999084513;0622200000002800;ja
999084513;0622200000005122;ja
999084525;0622200000029630;ja
999084525;0622200000046233;ja
999084537;0622200000029836;ja
999084549;0622200000046233;ja
999084550;0622200000029836;ja
999084562;0622200000024615;ja
999084574;0622200000024616;ja
999084574;0622200000048364;ja
999084586;0622200000024616;ja
999084586;0622200000048364;ja
999084598;0622200000048365;ja
999084604;0622200000028763;ja
999084616;0622200000028765;ja
999084628;0622200000048342;ja
999084641;0622200000048337;ja
999084653;0622200000044331;ja
999084665;0622200000048337;ja
999084689;0622200000030085;ja
999084690;0622200000046220;ja
999084707;0622200000046221;ja
999084719;0622200000030085;ja
999084720;0622200000037763;ja
999084732;0622200000037763;ja
999084744;0622200000042169;ja
999084756;0622200000042169;ja
999084781;0622200000049984;ja
999084811;0622200000041510;ja
999084835;0622200000015949;ja
999084859;0622200000038272;ja
999084872;0622200000005380;ja
999084884;0622200000005380;ja
999084896;0622200000021499;ja
999084926;0622200000003834;ja
999085013;0622200000028893;ja
999085025;0622200000021499;ja
999085062;0622200000019838;ja
999085062;0622200000019842;ja
999085062;0622200000019843;ja
999085062;0622200000024776;ja
999085086;0622200000012419;ja
999085116;0622200000050035;ja
999085128;0622200000029745;ja
999085141;0622200000015205;ja
999085153;0622200000010228;ja
999085177;0622200000048539;ja
999085219;0622200000003834;ja
999085281;0622200000010228;ja
999085360;0622200000010651;ja
999085384;0622200000032530;ja
999085487;0622200000035121;ja
999085499;0622200000035121;ja
999085608;0622200000041510;ja
999085657;0622200000024491;ja
999085670;0622200000010651;ja
999085839;0622200000020065;ja
999085955;0622200000002706;ja
999085967;0622200000002706;ja
999085980;0622200000015480;ja
999086005;0622200000049322;ja
999086005;0622200000049323;ja
999086017;0622200000029834;ja
999086042;0622200000044464;ja
999086042;0622200000046845;ja
999086066;0622200000046221;ja
999086078;0622200000047822;ja
999086078;0622200000047823;ja
999086108;0622200000046844;ja
999086121;0622200000046333;ja
999086133;0622200000046224;ja
999086145;0622200000046221;ja
999086157;0622200000046333;ja
999086170;0622200000046221;ja
999086248;0622200000030423;ja
999086261;0622200000016445;ja
999086273;0622200000050104;ja
999086285;0622200000050111;ja
999086297;0622200000050111;ja
999086303;0622200000050109;ja
999086315;0622200000043415;ja
999086315;0622200000050115;ja
999086327;0622200000005452;ja
999086327;0622200000014841;ja
999086327;0622200000050125;ja
999086339;0622200000002683;ja
999086339;0622200000002685;ja
999086340;0622200000048911;ja
999086352;0622200000038403;ja
999086352;0622200000048896;ja
999086364;0622200000048890;ja
999086376;0622200000018340;ja
999086388;0622200000018342;ja
999086418;0622200000018676;ja
999086431;0622200000007010;ja
999086443;0622200000018677;ja
999086455;0622200000018677;ja
999086467;0622200000026720;ja
999086480;0622200000026720;ja
999086492;0622200000026718;ja
999086509;0622200000026718;ja
999086510;0622200000026716;ja
999086534;0622200000026714;ja
999086546;0622200000018675;ja
999086571;0622200000015949;ja
999086595;0622200000026710;ja
999086601;0622200000046226;ja
999086613;0622200000018344;ja
999086625;0622200000026709;ja
999086650;0622200000017498;ja
999086662;0622200000017496;ja
999086686;0622200000017496;ja
999086698;0622200000050104;ja
999086704;0622200000026712;ja
999086741;0622200000017490;ja
999086753;0622200000017490;ja
999086765;0622200000017488;ja
999086777;0622200000030423;ja
999086807;0622200000017488;ja
999086832;0622200000018523;ja
999086844;0622200000018523;ja
999086856;0622200000026712;ja
999086881;0622200000029510;ja
999086911;0622200000026710;ja
999086923;0622200000026716;ja
999086935;0622200000017494;ja
999086947;0622200000017498;ja
999086959;0622200000048912;ja
999086960;0622200000024638;ja
999086972;0622200000018675;ja
999086984;0622200000041793;ja
999086996;0622200000017492;ja
999087009;0622200000041793;ja
999087022;0622200000024644;ja
999087034;0622200000024646;ja
999087046;0622200000024648;ja
999087083;0622200000024654;ja
999087095;0622200000024656;ja
999087101;0622200000024656;ja
999087113;0622200000024658;ja
999087125;0622200000024658;ja
999087137;0622200000024660;ja
999087149;0622200000024660;ja
999087162;0622200000024662;ja
999087186;0622200000024666;ja
999087198;0622200000014927;ja
999087198;0622200000024668;ja
999087198;0622200000036809;ja
999087204;0622200000017499;ja
999087216;0622200000024662;ja
999087228;0622200000017497;ja
999087241;0622200000017493;ja
999087265;0622200000017491;ja
999087277;0622200000018525;ja
999087289;0622200000017489;ja
999087290;0622200000017489;ja
999087381;0622200000024644;ja
999087393;0622200000024647;ja
999087435;0622200000024651;ja
999087447;0622200000024651;ja
999087459;0622200000024653;ja
999087472;0622200000017493;ja
999087484;0622200000024655;ja
999087496;0622200000024655;ja
999087502;0622200000024657;ja
999087514;0622200000024659;ja
999087526;0622200000024663;ja
999087538;0622200000024663;ja
999087551;0622200000024665;ja
999087563;0622200000024665;ja
999087575;0622200000017502;ja
999087587;0622200000017502;ja
999087599;0622200000017501;ja
999087605;0622200000017501;ja
999087617;0622200000017500;ja
999087629;0622200000017500;ja
999087630;0622200000021825;ja
999087642;0622200000021825;ja
999087654;0622200000021823;ja
999087666;0622200000021823;ja
999087678;0622200000021702;ja
999087691;0622200000021700;ja
999087708;0622200000021698;ja
999087721;0622200000021696;ja
999087733;0622200000021696;ja
999087745;0622200000021694;ja
999087757;0622200000021692;ja
999087769;0622200000021692;ja
999087770;0622200000021690;ja
999087782;0622200000021688;ja
999087794;0622200000011590;ja
999087794;0622200000021686;ja
999087794;0622200000042094;ja
999087800;0622200000011590;ja
999087800;0622200000021686;ja
999087800;0622200000035571;ja
999087812;0622200000021684;ja
999087824;0622200000021684;ja
999087836;0622200000021682;ja
999087848;0622200000021682;ja
999087861;0622200000021680;ja
999087873;0622200000021678;ja
999087885;0622200000021678;ja
999087897;0622200000021676;ja
999087903;0622200000021676;ja
999087915;0622200000021674;ja
999087927;0622200000021674;ja
999087939;0622200000021672;ja
999087940;0622200000021672;ja
999087952;0622200000021670;ja
999087964;0622200000021670;ja
999087976;0622200000021668;ja
999087988;0622200000017503;ja
999088002;0622200000021842;ja
999088014;0622200000021841;ja
999088026;0622200000021841;ja
999088038;0622200000021839;ja
999088051;0622200000021837;ja
999088063;0622200000046926;ja
999088075;0622200000046926;ja
999088087;0622200000021837;ja
999088099;0622200000021835;ja
999088105;0622200000021833;ja
999088117;0622200000021833;ja
999088129;0622200000021831;ja
999088130;0622200000021829;ja
999088142;0622200000021829;ja
999088154;0622200000021827;ja
999088166;0622200000021827;ja
999088178;0622200000024667;ja
999088191;0622200000022345;ja
999088208;0622200000046136;ja
999088221;0622200000046137;ja
999088233;0622200000046138;ja
999088245;0622200000046902;ja
999088257;0622200000048335;ja
999088269;0622200000017492;ja
999088270;0622200000045905;ja
999088282;0622200000030083;ja
999088294;0622200000022347;ja
999088300;0622200000022349;ja
999088324;0622200000022349;ja
999088336;0622200000022351;ja
999088348;0622200000046921;ja
999088361;0622200000022351;ja
999088373;0622200000022353;ja
999088385;0622200000022355;ja
999088397;0622200000022357;ja
999088403;0622200000022359;ja
999088415;0622200000022359;ja
999088427;0622200000022347;ja
999088439;0622200000022361;ja
999088440;0622200000022363;ja
999088452;0622200000022365;ja
999088464;0622200000022346;ja
999088476;0622200000022348;ja
999088488;0622200000022348;ja
999088506;0622200000022350;ja
999088518;0622200000022350;ja
999088531;0622200000022352;ja
999088543;0622200000022365;ja
999088555;0622200000022356;ja
999088567;0622200000022352;ja
999088579;0622200000022354;ja
999088580;0622200000022346;ja
999088592;0622200000022358;ja
999088609;0622200000022358;ja
999088610;0622200000022360;ja
999088622;0622200000022360;ja
999088634;0622200000022364;ja
999088646;0622200000022366;ja
999088658;0622200000022366;ja
999088671;0622200000022368;ja
999088683;0622200000022369;ja
999088695;0622200000022369;ja
999088701;0622200000022371;ja
999088713;0622200000022370;ja
999088725;0622200000022370;ja
999088737;0622200000022371;ja
999088749;0622200000022362;ja
999088750;0622200000022355;ja
999088762;0622200000022372;ja
999088774;0622200000022373;ja
999088786;0622200000022373;ja
999088798;0622200000022374;ja
999088804;0622200000022374;ja
999088816;0622200000022375;ja
999088828;0622200000022375;ja
999088841;0622200000020536;ja
999088853;0622200000020535;ja
999088865;0622200000020534;ja
999088877;0622200000020534;ja
999088889;0622200000020533;ja
999088890;0622200000020533;ja
999088907;0622200000030224;ja
999088919;0622200000030226;ja
999088920;0622200000030226;ja
999088932;0622200000030228;ja
999088944;0622200000030230;ja
999088956;0622200000030230;ja
999088968;0622200000030232;ja
999088981;0622200000030234;ja
999088993;0622200000030234;ja
999089006;0622200000030236;ja
999089018;0622200000030236;ja
999089031;0622200000030238;ja
999089031;0622200000033584;ja
999089043;0622200000030238;ja
999089043;0622200000033584;ja
999089055;0622200000030240;ja
999089067;0622200000030240;ja
999089432;0622200000017499;ja
999089444;0622200000038272;ja
999089456;0622200000045888;ja
999089468;0622200000022395;ja
999089493;0622200000022395;ja
999089511;0622200000022393;ja
999089535;0622200000021840;ja
999089547;0622200000030217;ja
999089559;0622200000030215;ja
999089560;0622200000030213;ja
999089572;0622200000030211;ja
999089584;0622200000030211;ja
999089596;0622200000030209;ja
999089602;0622200000030207;ja
999089614;0622200000030207;ja
999089626;0622200000030205;ja
999089638;0622200000030205;ja
999089651;0622200000030203;ja
999089663;0622200000017795;ja
999089675;0622200000017795;ja
999089687;0622200000022420;ja
999089699;0622200000022418;ja
999089705;0622200000022418;ja
999089717;0622200000022416;ja
999089729;0622200000022416;ja
999089730;0622200000022412;ja
999089742;0622200000022412;ja
999089754;0622200000022410;ja
999089766;0622200000022410;ja
999089778;0622200000022408;ja
999089791;0622200000024766;ja
999089791;0622200000030201;ja
999089808;0622200000030199;ja
999089821;0622200000030076;ja
999089833;0622200000030076;ja
999089845;0622200000030072;ja
999089857;0622200000030074;ja
999089869;0622200000030070;ja
999089870;0622200000030074;ja
999089882;0622200000017495;ja
999089894;0622200000030069;ja
999089900;0622200000030067;ja
999089912;0622200000018680;ja
999089924;0622200000045886;ja
999089936;0622200000045886;ja
999089948;0622200000022372;ja
999089961;0622200000030067;ja
999089973;0622200000030065;ja
999089985;0622200000030061;ja
999089997;0622200000030059;ja
999090008;0622200000030059;ja
999090021;0622200000021838;ja
999090033;0622200000021836;ja
999090045;0622200000021834;ja
999090057;0622200000021834;ja
999090069;0622200000021832;ja
999090070;0622200000021832;ja
999090082;0622200000021830;ja
999090094;0622200000021828;ja
999090100;0622200000021828;ja
999090112;0622200000021826;ja
999090124;0622200000021826;ja
999090136;0622200000021824;ja
999090148;0622200000021703;ja
999090161;0622200000021703;ja
999090173;0622200000021701;ja
999090185;0622200000021699;ja
999090197;0622200000021697;ja
999090203;0622200000021695;ja
999090215;0622200000021693;ja
999090227;0622200000021695;ja
999090239;0622200000021691;ja
999090240;0622200000021689;ja
999090252;0622200000021691;ja
999090276;0622200000021685;ja
999090288;0622200000021687;ja
999090306;0622200000021687;ja
999090318;0622200000021683;ja
999090331;0622200000021681;ja
999090343;0622200000021666;ja
999090343;0622200000021679;ja
999090355;0622200000021666;ja
999090355;0622200000021679;ja
999090367;0622200000021677;ja
999090379;0622200000021677;ja
999090380;0622200000021675;ja
999090392;0622200000021675;ja
999090409;0622200000021673;ja
999090410;0622200000021673;ja
999090422;0622200000021671;ja
999090434;0622200000046911;ja
999090446;0622200000021671;ja
999090458;0622200000021669;ja
999090471;0622200000021669;ja
999090483;0622200000017929;ja
999090495;0622200000017933;ja
999090501;0622200000017931;ja
999090513;0622200000017931;ja
999090525;0622200000017929;ja
999090537;0622200000017921;ja
999090549;0622200000017927;ja
999090550;0622200000017927;ja
999090562;0622200000017925;ja
999090574;0622200000017923;ja
999090598;0622200000017799;ja
999090604;0622200000017797;ja
999090616;0622200000017797;ja
999090628;0622200000019477;ja
999090641;0622200000019477;ja
999090653;0622200000019475;ja
999090677;0622200000019351;ja
999090689;0622200000019349;ja
999090690;0622200000019349;ja
999090707;0622200000019347;ja
999090719;0622200000019345;ja
999090720;0622200000019345;ja
999090732;0622200000030385;ja
999090744;0622200000030385;ja
999090756;0622200000029210;ja
999090756;0622200000030363;ja
999090756;0622200000030383;ja
999090768;0622200000029210;ja
999090768;0622200000030363;ja
999090768;0622200000030383;ja
999090781;0622200000029309;ja
999090781;0622200000030381;ja
999090793;0622200000029309;ja
999090793;0622200000030381;ja
999090811;0622200000030379;ja
999090823;0622200000030379;ja
999090835;0622200000030377;ja
999090847;0622200000030375;ja
999090860;0622200000030371;ja
999090872;0622200000030371;ja
999090884;0622200000030369;ja
999090896;0622200000030367;ja
999090902;0622200000030365;ja
999090914;0622200000030365;ja
999090926;0622200000019476;ja
999090938;0622200000019476;ja
999090951;0622200000019472;ja
999090963;0622200000019474;ja
999090975;0622200000019472;ja
999090987;0622200000019350;ja
999090999;0622200000019350;ja
999091001;0622200000019348;ja
999091013;0622200000019348;ja
999091025;0622200000019346;ja
999091037;0622200000019344;ja
999091049;0622200000019344;ja
999091050;0622200000019342;ja
999091062;0622200000019340;ja
999091074;0622200000019338;ja
999091086;0622200000019338;ja
999091098;0622200000022428;ja
999091104;0622200000022426;ja
999091116;0622200000022426;ja
999091128;0622200000022424;ja
999091141;0622200000022424;ja
999091153;0622200000022422;ja
999091165;0622200000030388;ja
999091177;0622200000030388;ja
999091189;0622200000030387;ja
999091190;0622200000030386;ja
999091220;0622200000030382;ja
999091232;0622200000030382;ja
999091244;0622200000030380;ja
999091256;0622200000030380;ja
999091268;0622200000030378;ja
999091281;0622200000030376;ja
999091293;0622200000030376;ja
999091311;0622200000030374;ja
999091323;0622200000030374;ja
999091335;0622200000011742;ja
999091335;0622200000030372;ja
999091347;0622200000028562;ja
999091347;0622200000030370;ja
999091359;0622200000030368;ja
999091542;0622200000030368;ja
999091554;0622200000030366;ja
999091566;0622200000030364;ja
999091578;0622200000030364;ja
999091591;0622200000030241;ja
999091608;0622200000030241;ja
999091621;0622200000030235;ja
999091633;0622200000030233;ja
999091645;0622200000030233;ja
999091657;0622200000030231;ja
999091669;0622200000030229;ja
999091670;0622200000030227;ja
999091682;0622200000030225;ja
999091694;0622200000030225;ja
999091700;0622200000030223;ja
999091712;0622200000030223;ja
999091724;0622200000026707;ja
999091736;0622200000022830;ja
999091748;0622200000022830;ja
999091773;0622200000022832;ja
999091797;0622200000017798;ja
999091803;0622200000017800;ja
999091815;0622200000017800;ja
999091827;0622200000017922;ja
999091839;0622200000017924;ja
999091840;0622200000017924;ja
999091852;0622200000017926;ja
999091864;0622200000017928;ja
999091876;0622200000017930;ja
999091888;0622200000017930;ja
999091906;0622200000042625;ja
999091918;0622200000017934;ja
999091931;0622200000017936;ja
999091943;0622200000017938;ja
999091955;0622200000017938;ja
999091967;0622200000017940;ja
999091979;0622200000017942;ja
999091980;0622200000017942;ja
999091992;0622200000017944;ja
999092005;0622200000017944;ja
999092017;0622200000017946;ja
999092042;0622200000017948;ja
999092054;0622200000017950;ja
999092066;0622200000017952;ja
999092078;0622200000017954;ja
999092091;0622200000017950;ja
999092108;0622200000017954;ja
999092121;0622200000017956;ja
999092133;0622200000017958;ja
999092145;0622200000017958;ja
999092157;0622200000017937;ja
999092169;0622200000017939;ja
999092170;0622200000017941;ja
999092182;0622200000017941;ja
999092194;0622200000017943;ja
999092200;0622200000017943;ja
999092212;0622200000017947;ja
999092212;0622200000030057;ja
999092224;0622200000017947;ja
999092224;0622200000030057;ja
999092236;0622200000017945;ja
999092248;0622200000017945;ja
999092261;0622200000017951;ja
999092273;0622200000017955;ja
999092285;0622200000017951;ja
999092297;0622200000017953;ja
999092303;0622200000017953;ja
999092315;0622200000017955;ja
999092327;0622200000017957;ja
999092339;0622200000017957;ja
999092340;0622200000017959;ja
999092352;0622200000017959;ja
999092364;0622200000020540;ja
999092376;0622200000030389;ja
999092388;0622200000030389;ja
999092406;0622200000020540;ja
999092418;0622200000020539;ja
999092431;0622200000020538;ja
999092443;0622200000020537;ja
999092455;0622200000020537;ja
999092467;0622200000020538;ja
999092479;0622200000017960;ja
999092480;0622200000022367;ja
999092492;0622200000022367;ja
999092509;0622200000030071;ja
999092510;0622200000030071;ja
999092522;0622200000030073;ja
999092534;0622200000030075;ja
999092546;0622200000030077;ja
999092558;0622200000030200;ja
999092571;0622200000030200;ja
999092583;0622200000030202;ja
999092595;0622200000030202;ja
999092601;0622200000030204;ja
999092613;0622200000030204;ja
999092625;0622200000030206;ja
999092637;0622200000030206;ja
999092649;0622200000030208;ja
999092650;0622200000030208;ja
999092662;0622200000030210;ja
999092674;0622200000030210;ja
999092686;0622200000030212;ja
999092698;0622200000030212;ja
999092704;0622200000030214;ja
999092716;0622200000030214;ja
999092728;0622200000030216;ja
999092741;0622200000030218;ja
999092753;0622200000030239;ja
999092765;0622200000030239;ja
999092777;0622200000030237;ja
999092789;0622200000030237;ja
999092790;0622200000030218;ja
999092807;0622200000026871;ja
999092819;0622200000022990;ja
999092820;0622200000022989;ja
999092820;0622200000027930;ja
999092832;0622200000026871;ja
999092844;0622200000022988;ja
999092856;0622200000022988;ja
999092868;0622200000038306;ja
999092881;0622200000022987;ja
999092893;0622200000022987;ja
999092911;0622200000026281;ja
999092923;0622200000026279;ja
999092935;0622200000026156;ja
999092947;0622200000026279;ja
999092959;0622200000026156;ja
999092960;0622200000026154;ja
999092972;0622200000026154;ja
999092984;0622200000026152;ja
999092996;0622200000026152;ja
999093009;0622200000026150;ja
999093009;0622200000030130;ja
999093010;0622200000026148;ja
999093022;0622200000026148;ja
999093034;0622200000026146;ja
999093046;0622200000026146;ja
999093058;0622200000026142;ja
999093071;0622200000026286;ja
999093083;0622200000026286;ja
999093095;0622200000026157;ja
999093101;0622200000026284;ja
999093113;0622200000026282;ja
999093125;0622200000026280;ja
999093137;0622200000026151;ja
999093149;0622200000026141;ja
999093150;0622200000026149;ja
999093162;0622200000026149;ja
999093174;0622200000026147;ja
999093186;0622200000026145;ja
999093198;0622200000026145;ja
999093204;0622200000026143;ja
999093216;0622200000026141;ja
999093228;0622200000026139;ja
999093241;0622200000026139;ja
999093253;0622200000026137;ja
999093265;0622200000026137;ja
999093277;0622200000026135;ja
999093289;0622200000019478;ja
999093290;0622200000026135;ja
999093307;0622200000019478;ja
999093319;0622200000022419;ja
999093320;0622200000022419;ja
999093332;0622200000022421;ja
999093344;0622200000022421;ja
999093356;0622200000020542;ja
999093368;0622200000020541;ja
999093381;0622200000020541;ja
999093393;0622200000022417;ja
999093411;0622200000022413;ja
999093423;0622200000022415;ja
999093435;0622200000022415;ja
999093447;0622200000022413;ja
999093459;0622200000022411;ja
999093460;0622200000022411;ja
999093472;0622200000022409;ja
999093484;0622200000022409;ja
999093496;0622200000030220;ja
999093502;0622200000030220;ja
999093514;0622200000022849;ja
999093551;0622200000022847;ja
999093563;0622200000022847;ja
999093575;0622200000022843;ja
999093587;0622200000022843;ja
999093599;0622200000022842;ja
999093605;0622200000022842;ja
999093617;0622200000022841;ja
999093629;0622200000022841;ja
999093630;0622200000022840;ja
999093642;0622200000022840;ja
999093654;0622200000017961;ja
999093666;0622200000017961;ja
999093678;0622200000017935;ja
999093691;0622200000017935;ja
999093708;0622200000017798;ja
999093721;0622200000022849;ja
999093733;0622200000022839;ja
999093733;0622200000029193;ja
999093745;0622200000022839;ja
999093745;0622200000029193;ja
999093757;0622200000022839;ja
999093757;0622200000029193;ja
999093769;0622200000022555;ja
999093770;0622200000022555;ja
999093782;0622200000022986;ja
999093794;0622200000006571;ja
999093800;0622200000006571;ja
999093812;0622200000017949;ja
999093824;0622200000017949;ja
999093836;0622200000022986;ja
999093848;0622200000022985;ja
999093861;0622200000022984;ja
999093873;0622200000022984;ja
999093885;0622200000022983;ja
999093897;0622200000022983;ja
999093903;0622200000026143;ja
999093915;0622200000022848;ja
999093927;0622200000022982;ja
999093939;0622200000022981;ja
999093964;0622200000003569;ja
999093964;0622200000022169;ja
999093964;0622200000022980;ja
999094087;0622200000027047;ja
999094105;0622200000027041;ja
999094117;0622200000022744;ja
999094129;0622200000022746;ja
999094130;0622200000022750;ja
999094154;0622200000022752;ja
999094166;0622200000022752;ja
999094178;0622200000022754;ja
999094191;0622200000022754;ja
999094208;0622200000022756;ja
999094221;0622200000022756;ja
999094233;0622200000022758;ja
999094245;0622200000026854;ja
999094257;0622200000026852;ja
999094269;0622200000022846;ja
999094270;0622200000022846;ja
999094282;0622200000022845;ja
999094294;0622200000026140;ja
999094300;0622200000026852;ja
999094312;0622200000022844;ja
999094324;0622200000022845;ja
999094336;0622200000026715;ja
999094348;0622200000026140;ja
999094361;0622200000026715;ja
999094373;0622200000026864;ja
999094385;0622200000026863;ja
999094397;0622200000026859;ja
999094403;0622200000026859;ja
999094415;0622200000026857;ja
999094427;0622200000026856;ja
999094439;0622200000026876;ja
999094440;0622200000026857;ja
999094452;0622200000026875;ja
999094464;0622200000026875;ja
999094476;0622200000026874;ja
999094488;0622200000026874;ja
999094506;0622200000026872;ja
999094518;0622200000026865;ja
999094518;0622200000043230;ja
999094531;0622200000026865;ja
999094531;0622200000043230;ja
999094543;0622200000022979;ja
999094555;0622200000022978;ja
999094567;0622200000027189;ja
999094579;0622200000027189;ja
999094580;0622200000027190;ja
999094592;0622200000027190;ja
999094609;0622200000027192;ja
999094610;0622200000027193;ja
999094622;0622200000027193;ja
999094634;0622200000027194;ja
999094646;0622200000027194;ja
999094658;0622200000027199;ja
999094671;0622200000027191;ja
999094683;0622200000027199;ja
999094695;0622200000027200;ja
999094701;0622200000027200;ja
999094713;0622200000022735;ja
999094725;0622200000022733;ja
999094737;0622200000022733;ja
999094749;0622200000022731;ja
999094750;0622200000026293;ja
999094762;0622200000026293;ja
999094774;0622200000027195;ja
999094786;0622200000027195;ja
999094798;0622200000022729;ja
999094804;0622200000027046;ja
999094816;0622200000022729;ja
999094828;0622200000027046;ja
999094841;0622200000027048;ja
999094853;0622200000027048;ja
999094865;0622200000027196;ja
999094877;0622200000027169;ja
999094889;0622200000027169;ja
999094890;0622200000027171;ja
999094907;0622200000027032;ja
999094919;0622200000027034;ja
999094920;0622200000027034;ja
999094932;0622200000027036;ja
999094944;0622200000022727;ja
999094956;0622200000022725;ja
999094956;0622200000036636;ja
999094968;0622200000027173;ja
999094981;0622200000026289;ja
999095006;0622200000027036;ja
999095018;0622200000026287;ja
999095031;0622200000026285;ja
999095043;0622200000027038;ja
999095055;0622200000026283;ja
999095067;0622200000027197;ja
999095079;0622200000026292;ja
999095080;0622200000027040;ja
999095092;0622200000026292;ja
999095110;0622200000026288;ja
999095134;0622200000019343;ja
999095146;0622200000026877;ja
999095158;0622200000026877;ja
999095171;0622200000026862;ja
999095183;0622200000026862;ja
999095195;0622200000027188;ja
999095201;0622200000027187;ja
999095213;0622200000027187;ja
999095225;0622200000027188;ja
999095237;0622200000027186;ja
999095249;0622200000027045;ja
999095250;0622200000027186;ja
999095262;0622200000027185;ja
999095274;0622200000027185;ja
999095286;0622200000027184;ja
999095298;0622200000027184;ja
999095304;0622200000027183;ja
999095316;0622200000027183;ja
999095328;0622200000027182;ja
999095341;0622200000027182;ja
999095353;0622200000027181;ja
999095365;0622200000027180;ja
999095377;0622200000027180;ja
999095389;0622200000027179;ja
999095390;0622200000027178;ja
999095407;0622200000027177;ja
999095419;0622200000027177;ja
999095420;0622200000027175;ja
999095432;0622200000027175;ja
999095444;0622200000027028;ja
999095444;0622200000038610;ja
999095456;0622200000027026;ja
999095468;0622200000027026;ja
999095481;0622200000027024;ja
999095493;0622200000027022;ja
999095511;0622200000027022;ja
999095523;0622200000027020;ja
999095535;0622200000027020;ja
999095547;0622200000022834;ja
999095559;0622200000022834;ja
999095560;0622200000022836;ja
999095572;0622200000022836;ja
999095584;0622200000022837;ja
999095596;0622200000022837;ja
999095602;0622200000022838;ja
999095614;0622200000022748;ja
999095626;0622200000022838;ja
999095663;0622200000006574;ja
999095675;0622200000027016;ja
999095687;0622200000027016;ja
999095699;0622200000027014;ja
999095705;0622200000027012;ja
999095717;0622200000027012;ja
999095729;0622200000027010;ja
999095730;0622200000026891;ja
999095742;0622200000026891;ja
999095754;0622200000026889;ja
999095766;0622200000026889;ja
999095778;0622200000026887;ja
999095791;0622200000026887;ja
999095808;0622200000022977;ja
999095821;0622200000006574;ja
999095833;0622200000026885;ja
999095845;0622200000026885;ja
999095857;0622200000027039;ja
999095870;0622200000027037;ja
999095882;0622200000027035;ja
999095894;0622200000019336;ja
999095900;0622200000027033;ja
999095912;0622200000022735;ja
999095924;0622200000027031;ja
999095936;0622200000027031;ja
999095948;0622200000027029;ja
999095961;0622200000027029;ja
999095973;0622200000027027;ja
999095985;0622200000027027;ja
999095997;0622200000027025;ja
999096011;0622200000027025;ja
999096023;0622200000027023;ja
999096035;0622200000027021;ja
999096047;0622200000027021;ja
999096059;0622200000027019;ja
999096060;0622200000027009;ja
999096072;0622200000026299;ja
999096084;0622200000026299;ja
999096096;0622200000026890;ja
999096102;0622200000026890;ja
999096114;0622200000026888;ja
999096126;0622200000026888;ja
999096138;0622200000026886;ja
999096151;0622200000026884;ja
999096163;0622200000011572;ja
999096163;0622200000026882;ja
999096175;0622200000026880;ja
999096187;0622200000027017;ja
999096199;0622200000027015;ja
999096205;0622200000027011;ja
999096217;0622200000027011;ja
999096229;0622200000019341;ja
999096230;0622200000019335;ja
999096242;0622200000019335;ja
999096254;0622200000019333;ja
999096266;0622200000019331;ja
999096278;0622200000019327;ja
999096308;0622200000027015;ja
999096321;0622200000019315;ja
999096333;0622200000030068;ja
999096345;0622200000030066;ja
999096357;0622200000030066;ja
999096369;0622200000030062;ja
999096370;0622200000030060;ja
999096382;0622200000030058;ja
999096394;0622200000030052;ja
999096400;0622200000019331;ja
999096424;0622200000019310;ja
999096436;0622200000006799;ja
999096448;0622200000019327;ja
999096461;0622200000006799;ja
999096473;0622200000006798;ja
999096485;0622200000006796;ja
999096503;0622200000026881;ja
999096515;0622200000019339;ja
999096527;0622200000006052;ja
999096527;0622200000006793;ja
999096539;0622200000006792;ja
999096540;0622200000030049;ja
999096552;0622200000030049;ja
999096576;0622200000019315;ja
999096588;0622200000006796;ja
999096606;0622200000027013;ja
999096618;0622200000030050;ja
999096631;0622200000026880;ja
999096643;0622200000030050;ja
999096655;0622200000006790;ja
999096667;0622200000006788;ja
999096679;0622200000006792;ja
999096680;0622200000006786;ja
999096692;0622200000006784;ja
999096709;0622200000006784;ja
999096710;0622200000019321;ja
999096722;0622200000021667;ja
999096734;0622200000021667;ja
999096746;0622200000006797;ja
999096758;0622200000006794;ja
999096771;0622200000036096;ja
999096783;0622200000036108;ja
999096795;0622200000036107;ja
999096813;0622200000030064;ja
999096825;0622200000026303;ja
999096837;0622200000006782;ja
999096849;0622200000030056;ja
999096850;0622200000015721;ja
999096850;0622200000026879;ja
999096850;0622200000032998;ja
999096862;0622200000019329;ja
999096874;0622200000019329;ja
999096886;0622200000006778;ja
999096898;0622200000019325;ja
999096904;0622200000026301;ja
999096916;0622200000026868;ja
999096928;0622200000030055;ja
999096941;0622200000030055;ja
999096953;0622200000030060;ja
999096965;0622200000026300;ja
999096977;0622200000006795;ja
999096989;0622200000027017;ja
999096990;0622200000026867;ja
999097003;0622200000026300;ja
999097015;0622200000027176;ja
999097027;0622200000026882;ja
999097039;0622200000027174;ja
999097040;0622200000006797;ja
999097052;0622200000018139;ja
999097052;0622200000036095;ja
999097064;0622200000030053;ja
999097076;0622200000019318;ja
999097088;0622200000030053;ja
999097106;0622200000019314;ja
999097118;0622200000027172;ja
999097131;0622200000019337;ja
999097143;0622200000022760;ja
999097167;0622200000026303;ja
999097179;0622200000022762;ja
999097180;0622200000036098;ja
999097192;0622200000030052;ja
999097209;0622200000030048;ja
999097210;0622200000019312;ja
999097222;0622200000006794;ja
999097234;0622200000006786;ja
999097246;0622200000036105;ja
999097258;0622200000036104;ja
999097271;0622200000036103;ja
999097283;0622200000022764;ja
999097295;0622200000036106;ja
999097301;0622200000036098;ja
999097313;0622200000036103;ja
999097325;0622200000006311;ja
999097337;0622200000006311;ja
999097349;0622200000026302;ja
999097350;0622200000026298;ja
999097362;0622200000006310;ja
999097374;0622200000026298;ja
999097386;0622200000027042;ja
999097398;0622200000006310;ja
999097404;0622200000006309;ja
999097404;0622200000013797;ja
999097416;0622200000026296;ja
999097428;0622200000006308;ja
999097441;0622200000026297;ja
999097453;0622200000027044;ja
999097465;0622200000036108;ja
999097477;0622200000026296;ja
999097489;0622200000026294;ja
999097490;0622200000027198;ja
999097507;0622200000026295;ja
999097519;0622200000026294;ja
999097520;0622200000006308;ja
999097532;0622200000026295;ja
999097544;0622200000006307;ja
999097556;0622200000006307;ja
999097568;0622200000006805;ja
999097581;0622200000006804;ja
999097593;0622200000006804;ja
999097611;0622200000019325;ja
999097623;0622200000006803;ja
999097635;0622200000006802;ja
999097647;0622200000006801;ja
999097659;0622200000006801;ja
999097660;0622200000006800;ja
999097672;0622200000006800;ja
999097684;0622200000019311;ja
999097696;0622200000019311;ja
999097702;0622200000036102;ja
999097714;0622200000036102;ja
999097726;0622200000036101;ja
999097738;0622200000036100;ja
999097751;0622200000036100;ja
999097763;0622200000036099;ja
999097775;0622200000030051;ja
999097787;0622200000018679;ja
999097799;0622200000036106;ja
999097805;0622200000018679;ja
999097817;0622200000019330;ja
999097829;0622200000019330;ja
999097830;0622200000036097;ja
999097830;0622200000040312;ja
999097830;0622200000040954;ja
999097830;0622200000050276;ja
999097842;0622200000009726;ja
999097854;0622200000009726;ja
999097866;0622200000009725;ja
999097866;0622200000048659;ja
999097878;0622200000009725;ja
999097908;0622200000022907;ja
999097921;0622200000018678;ja
999097933;0622200000019337;ja
999097945;0622200000027013;ja
999097957;0622200000036097;ja
999097957;0622200000040312;ja
999097957;0622200000040954;ja
999097957;0622200000050276;ja
999097969;0622200000022906;ja
999097970;0622200000027198;ja
999097982;0622200000036099;ja
999097994;0622200000022905;ja
999098007;0622200000006776;ja
999098019;0622200000006776;ja
999098020;0622200000022903;ja
999098032;0622200000022902;ja
999098044;0622200000022904;ja
999098056;0622200000022902;ja
999098068;0622200000006802;ja
999098081;0622200000022905;ja
999098093;0622200000026301;ja
999098111;0622200000030068;ja
999098123;0622200000022899;ja
999098135;0622200000022898;ja
999098147;0622200000022897;ja
999098159;0622200000006803;ja
999098160;0622200000027172;ja
999098172;0622200000006805;ja
999098184;0622200000022897;ja
999098196;0622200000006780;ja
999098202;0622200000036096;ja
999098214;0622200000022895;ja
999098226;0622200000022896;ja
999098238;0622200000022904;ja
999098251;0622200000006778;ja
999098263;0622200000036105;ja
999098275;0622200000019323;ja
999098287;0622200000022907;ja
999098299;0622200000009724;ja
999098305;0622200000022901;ja
999098317;0622200000022903;ja
999098329;0622200000036101;ja
999098330;0622200000009723;ja
999098330;0622200000016395;ja
999098330;0622200000016734;ja
999098330;0622200000041009;ja
999098342;0622200000018678;ja
999098354;0622200000009722;ja
999098366;0622200000022900;ja
999098378;0622200000009721;ja
999098408;0622200000018144;ja
999098421;0622200000018142;ja
999098433;0622200000018142;ja
999098469;0622200000018136;ja
999098470;0622200000018136;ja
999098482;0622200000018134;ja
999098494;0622200000018134;ja
999098500;0622200000018132;ja
999098512;0622200000018132;ja
999098524;0622200000018130;ja
999098548;0622200000018128;ja
999098573;0622200000015387;ja
999098585;0622200000015387;ja
999098597;0622200000015385;ja
999098603;0622200000018130;ja
999098615;0622200000015383;ja
999098627;0622200000015381;ja
999098640;0622200000015377;ja
999098652;0622200000015375;ja
999098664;0622200000015377;ja
999098676;0622200000015375;ja
999098779;0622200000018144;ja
999098780;0622200000015365;ja
999098810;0622200000015359;ja
999098810;0622200000048948;ja
999098822;0622200000015357;ja
999098834;0622200000015355;ja
999098858;0622200000015379;ja
999098871;0622200000015353;ja
999098883;0622200000015353;ja
999098895;0622200000015351;ja
999098901;0622200000015349;ja
999098913;0622200000015227;ja
999098925;0622200000015227;ja
999098949;0622200000015225;ja
999098950;0622200000015223;ja
999098962;0622200000015223;ja
999098974;0622200000015221;ja
999098986;0622200000015221;ja
999098998;0622200000015219;ja
999099000;0622200000015219;ja
999099012;0622200000015217;ja
999099024;0622200000015217;ja
999099036;0622200000015216;ja
999099048;0622200000015215;ja
999099061;0622200000026132;ja
999099061;0622200000026134;ja
999099073;0622200000026132;ja
999099073;0622200000026134;ja
999099085;0622200000026136;ja
999099097;0622200000026136;ja
999099103;0622200000015213;ja
999099115;0622200000015211;ja
999099127;0622200000015211;ja
999099139;0622200000015209;ja
999099140;0622200000015209;ja
999099152;0622200000015207;ja
999099164;0622200000015203;ja
999099176;0622200000015203;ja
999099188;0622200000015201;ja
999099206;0622200000015201;ja
999099218;0622200000015199;ja
999099231;0622200000015199;ja
999099243;0622200000026708;ja
999099255;0622200000026708;ja
999099267;0622200000015198;ja
999099280;0622200000018150;ja
999099292;0622200000018149;ja
999099309;0622200000018148;ja
999099310;0622200000018148;ja
999099322;0622200000018147;ja
999099334;0622200000018146;ja
999099346;0622200000018146;ja
999099358;0622200000018145;ja
999099371;0622200000018143;ja
999099383;0622200000018143;ja
999099395;0622200000018141;ja
999099401;0622200000018139;ja
999099413;0622200000018137;ja
999099425;0622200000018135;ja
999099437;0622200000006575;ja
999099449;0622200000027018;ja
999099450;0622200000018135;ja
999099462;0622200000018133;ja
999099474;0622200000018133;ja
999099486;0622200000018131;ja
999099498;0622200000018131;ja
999099504;0622200000018129;ja
999099516;0622200000018129;ja
999099528;0622200000015390;ja
999099541;0622200000015388;ja
999099553;0622200000015388;ja
999099565;0622200000015386;ja
999099577;0622200000026873;ja
999099589;0622200000026873;ja
999099590;0622200000026872;ja
999099607;0622200000027178;ja
999099619;0622200000027023;ja
999099620;0622200000022900;ja
999099632;0622200000026854;ja
999099644;0622200000027009;ja
999099656;0622200000015382;ja
999099668;0622200000015382;ja
999099681;0622200000026868;ja
999099693;0622200000015380;ja
999099711;0622200000015380;ja
999099723;0622200000027010;ja
999099735;0622200000015378;ja
999099747;0622200000015378;ja
999099759;0622200000015376;ja
999099760;0622200000015374;ja
999099772;0622200000015374;ja
999099784;0622200000015372;ja
999099796;0622200000015384;ja
999099802;0622200000015370;ja
999099814;0622200000015370;ja
999099826;0622200000015368;ja
999099838;0622200000015366;ja
999099851;0622200000015364;ja
999099863;0622200000015362;ja
999099875;0622200000015360;ja
999099887;0622200000015358;ja
999099899;0622200000015358;ja
999099905;0622200000015368;ja
999099917;0622200000015354;ja
999099929;0622200000015356;ja
999099930;0622200000015356;ja
999099942;0622200000015366;ja
999099954;0622200000015354;ja
999099966;0622200000015352;ja
999099978;0622200000015352;ja
999099991;0622200000015350;ja
999100002;0622200000015348;ja
999100014;0622200000015348;ja
999100026;0622200000015226;ja
999100038;0622200000015226;ja
999100051;0622200000015224;ja
999100063;0622200000015222;ja
999100075;0622200000015218;ja
999100087;0622200000015222;ja
999100099;0622200000015220;ja
999100105;0622200000015220;ja
999100117;0622200000015350;ja
999100129;0622200000015376;ja
999100130;0622200000015212;ja
999100142;0622200000015212;ja
999100154;0622200000015210;ja
999100166;0622200000015208;ja
999100178;0622200000015208;ja
999100191;0622200000015206;ja
999100208;0622200000015206;ja
999100221;0622200000015204;ja
999100233;0622200000015202;ja
999100245;0622200000015200;ja
999100257;0622200000015200;ja
999100269;0622200000022747;ja
999100270;0622200000022747;ja
999100282;0622200000022745;ja
999100294;0622200000022743;ja
999100300;0622200000022743;ja
999100312;0622200000022741;ja
999100324;0622200000022741;ja
999100336;0622200000022739;ja
999100348;0622200000022737;ja
999100361;0622200000022894;ja
999100373;0622200000022894;ja
999100385;0622200000022893;ja
999100397;0622200000022892;ja
999100403;0622200000022765;ja
999100415;0622200000022763;ja
999100427;0622200000022763;ja
999100439;0622200000022761;ja
999100816;0622200000015385;ja
999100828;0622200000019341;ja
999100853;0622200000009727;ja
999100865;0622200000030058;ja
999100889;0622200000027201;ja
999100889;0622200000043098;ja
999100907;0622200000036249;ja
999100919;0622200000036249;ja
999100920;0622200000036248;ja
999100932;0622200000036247;ja
999100956;0622200000036246;ja
999100981;0622200000036121;ja
999100993;0622200000036120;ja
999101006;0622200000036120;ja
999101018;0622200000036119;ja
999101031;0622200000036119;ja
999101043;0622200000036118;ja
999101055;0622200000036117;ja
999101067;0622200000036116;ja
999101079;0622200000036116;ja
999101080;0622200000036115;ja
999101092;0622200000036115;ja
999101109;0622200000008366;ja
999101109;0622200000036114;ja
999101110;0622200000036113;ja
999101122;0622200000003986;ja
999101122;0622200000036114;ja
999101134;0622200000036113;ja
999101146;0622200000036112;ja
999101158;0622200000036111;ja
999101171;0622200000036111;ja
999101183;0622200000036110;ja
999101195;0622200000036110;ja
999101201;0622200000036109;ja
999101213;0622200000006570;ja
999101225;0622200000036109;ja
999101237;0622200000022423;ja
999101249;0622200000006568;ja
999101250;0622200000015383;ja
999101250;0622200000015569;ja
999101262;0622200000006576;ja
999101274;0622200000006576;ja
999101286;0622200000022745;ja
999101298;0622200000027043;ja
999101304;0622200000027043;ja
999101316;0622200000015218;ja
999101328;0622200000006577;ja
999101341;0622200000006577;ja
999101353;0622200000006578;ja
999101365;0622200000006578;ja
999101377;0622200000006579;ja
999101389;0622200000006579;ja
999101390;0622200000006580;ja
999101407;0622200000006580;ja
999101419;0622200000006581;ja
999101420;0622200000006581;ja
999101432;0622200000021664;ja
999101444;0622200000021664;ja
999101456;0622200000006774;ja
999101456;0622200000021665;ja
999101468;0622200000006773;ja
999101481;0622200000006773;ja
999101493;0622200000006771;ja
999101511;0622200000006770;ja
999101523;0622200000006770;ja
999101535;0622200000006768;ja
999101547;0622200000006582;ja
999101559;0622200000006582;ja
999101560;0622200000006583;ja
999101572;0622200000006583;ja
999101584;0622200000006584;ja
999101596;0622200000006584;ja
999101602;0622200000006585;ja
999101602;0622200000009516;ja
999101614;0622200000006586;ja
999101626;0622200000006585;ja
999101626;0622200000009516;ja
999101638;0622200000006587;ja
999101651;0622200000020551;ja
999101663;0622200000006588;ja
999101675;0622200000006588;ja
999101687;0622200000020550;ja
999101699;0622200000020550;ja
999101705;0622200000026719;ja
999101717;0622200000026717;ja
999101729;0622200000026717;ja
999101730;0622200000006312;ja
999101742;0622200000006313;ja
999101754;0622200000006313;ja
999101766;0622200000006314;ja
999101778;0622200000006314;ja
999101791;0622200000006315;ja
999101808;0622200000022835;ja
999101821;0622200000006315;ja
999101833;0622200000006316;ja
999101845;0622200000006316;ja
999101857;0622200000006319;ja
999101869;0622200000006317;ja
999101870;0622200000006317;ja
999101882;0622200000006318;ja
999101894;0622200000006319;ja
999101900;0622200000006787;ja
999101912;0622200000006320;ja
999101924;0622200000006320;ja
999101936;0622200000006321;ja
999101948;0622200000006789;ja
999101973;0622200000006785;ja
999101985;0622200000006785;ja
999101997;0622200000006783;ja
999102011;0622200000006783;ja
999102023;0622200000006781;ja
999102023;0622200000013810;ja
999102035;0622200000006781;ja
999102059;0622200000006781;ja
999102059;0622200000027899;ja
999102059;0622200000039683;ja
999102060;0622200000006777;ja
999102072;0622200000006775;ja
999102084;0622200000006772;ja
999102096;0622200000006772;ja
999102102;0622200000006769;ja
999102114;0622200000006769;ja
999102126;0622200000022742;ja
999102138;0622200000022742;ja
999102151;0622200000022740;ja
999102163;0622200000022740;ja
999102175;0622200000022738;ja
999102187;0622200000022736;ja
999102199;0622200000022736;ja
999102205;0622200000022734;ja
999102217;0622200000022734;ja
999102229;0622200000022732;ja
999102230;0622200000022732;ja
999102242;0622200000022730;ja
999102254;0622200000022728;ja
999102266;0622200000022726;ja
999102278;0622200000022726;ja
999102291;0622200000022724;ja
999102308;0622200000022724;ja
999102321;0622200000026155;ja
999102333;0622200000026153;ja
999102345;0622200000026155;ja
999102357;0622200000026870;ja
999102369;0622200000002657;ja
999102369;0622200000026869;ja
999102370;0622200000025881;ja
999102370;0622200000026869;ja
999102382;0622200000018674;ja
999102394;0622200000018674;ja
999102400;0622200000018664;ja
999102412;0622200000018664;ja
999102424;0622200000018666;ja
999102436;0622200000018667;ja
999102436;0622200000018671;ja
999102448;0622200000018667;ja
999102448;0622200000018671;ja
999102461;0622200000018668;ja
999102473;0622200000018668;ja
999102485;0622200000020543;ja
999102497;0622200000020543;ja
999102503;0622200000026713;ja
999102515;0622200000026713;ja
999102527;0622200000026711;ja
999102539;0622200000026711;ja
999102540;0622200000020548;ja
999102552;0622200000020548;ja
999102564;0622200000020547;ja
999102576;0622200000020547;ja
999102618;0622200000018499;ja
999102631;0622200000019334;ja
999102643;0622200000019334;ja
999102655;0622200000019332;ja
999102667;0622200000019332;ja
999102679;0622200000018504;ja
999102679;0622200000018532;ja
999102679;0622200000018533;ja
999102680;0622200000018504;ja
999102692;0622200000022425;ja
999102709;0622200000022425;ja
999102722;0622200000019319;ja
999102734;0622200000006569;ja
999102928;0622200000006569;ja
999102941;0622200000022427;ja
999102965;0622200000022427;ja
999102977;0622200000022429;ja
999102989;0622200000002846;ja
999102990;0622200000045881;ja
999103003;0622200000010421;ja
999103015;0622200000005202;ja
999103027;0622200000017647;ja
999103039;0622200000045136;ja
999103040;0622200000044866;ja
999103052;0622200000028973;ja
999103064;0622200000043220;ja
999103076;0622200000043222;ja
999103088;0622200000043194;ja
999103106;0622200000028972;ja
999103118;0622200000050084;ja
999103131;0622200000029151;ja
999103143;0622200000026130;ja
999103155;0622200000046068;ja
999103167;0622200000017651;ja
999103179;0622200000045557;ja
999103180;0622200000029133;ja
999103209;0622200000034043;ja
999103222;0622200000041766;ja
999103234;0622200000043646;ja
999103246;0622200000046525;ja
999103258;0622200000018212;ja
999103271;0622200000046077;ja
999103295;0622200000017646;ja
999103301;0622200000043185;ja
999103313;0622200000046054;ja
999103325;0622200000028980;ja
999103337;0622200000050055;ja
999103349;0622200000006462;ja
999103350;0622200000002989;ja
999103362;0622200000044590;ja
999103374;0622200000046508;ja
999103386;0622200000006291;ja
999103398;0622200000043277;ja
999103404;0622200000046062;ja
999103416;0622200000017504;ja
999103428;0622200000043204;ja
999103441;0622200000044869;ja
999103477;0622200000044586;ja
999103489;0622200000005206;ja
999103490;0622200000043219;ja
999103507;0622200000045128;ja
999103519;0622200000002993;ja
999103520;0622200000050071;ja
999103532;0622200000029141;ja
999103544;0622200000046075;ja
999103556;0622200000045561;ja
999103568;0622200000028998;ja
999103581;0622200000010428;ja
999103593;0622200000026858;ja
999103611;0622200000045872;ja
999103623;0622200000043214;ja
999103635;0622200000046528;ja
999103647;0622200000002984;ja
999103659;0622200000043292;ja
999103660;0622200000046061;ja
999103672;0622200000005203;ja
999103684;0622200000015214;ja
999103696;0622200000050066;ja
999103702;0622200000028989;ja
999103714;0622200000044323;ja
999103726;0622200000002979;ja
999103738;0622200000043237;ja
999103751;0622200000043199;ja
999103763;0622200000044588;ja
999103775;0622200000050079;ja
999103787;0622200000002996;ja
999103799;0622200000028820;ja
999103805;0622200000033149;ja
999103817;0622200000043238;ja
999103829;0622200000017646;ja
999103830;0622200000043184;ja
999103842;0622200000028819;ja
999103854;0622200000043543;ja
999103866;0622200000050046;ja
999103878;0622200000005210;ja
999103891;0622200000028984;ja
999103933;0622200000043192;ja
999103945;0622200000038796;ja
999103957;0622200000045132;ja
999103969;0622200000050044;ja
999103970;0622200000043273;ja
999103982;0622200000050036;ja
999103994;0622200000002843;ja
999104007;0622200000043212;ja
999104019;0622200000045879;ja
999104020;0622200000017513;ja
999104032;0622200000045135;ja
999104044;0622200000028828;ja
999104056;0622200000003966;ja
999104056;0622200000045117;ja
999104068;0622200000010426;ja
999104081;0622200000028811;ja
999104093;0622200000043536;ja
999104111;0622200000019313;ja
999104123;0622200000046087;ja
999104135;0622200000033003;ja
999104147;0622200000017655;ja
999104159;0622200000046072;ja
999104160;0622200000024650;ja
999104172;0622200000005208;ja
999104184;0622200000010441;ja
999104196;0622200000045883;ja
999104202;0622200000046527;ja
999104214;0622200000010430;ja
999104226;0622200000043642;ja
999104238;0622200000046076;ja
999104251;0622200000020544;ja
999104263;0622200000026858;ja
999104275;0622200000043292;ja
999104287;0622200000005218;ja
999104299;0622200000014542;ja
999104305;0622200000046513;ja
999104317;0622200000014140;ja
999104317;0622200000045141;ja
999104329;0622200000043272;ja
999104330;0622200000050096;ja
999104342;0622200000043198;ja
999104354;0622200000045876;ja
999104366;0622200000017510;ja
999104378;0622200000029151;ja
999104391;0622200000045125;ja
999104408;0622200000010423;ja
999104421;0622200000028815;ja
999104433;0622200000043542;ja
999104445;0622200000050048;ja
999104457;0622200000017656;ja
999104469;0622200000018521;ja
999104470;0622200000028973;ja
999104482;0622200000044321;ja
999104494;0622200000050063;ja
999104500;0622200000044585;ja
999104512;0622200000046517;ja
999104524;0622200000028805;ja
999104536;0622200000043233;ja
999104548;0622200000046090;ja
999104561;0622200000017517;ja
999104573;0622200000043203;ja
999104585;0622200000043187;ja
999104597;0622200000017654;ja
999104603;0622200000041095;ja
999104603;0622200000050051;ja
999104615;0622200000006298;ja
999104627;0622200000044591;ja
999104639;0622200000050058;ja
999104640;0622200000028993;ja
999104652;0622200000043268;ja
999104664;0622200000006290;ja
999104676;0622200000026131;ja
999104688;0622200000046063;ja
999104706;0622200000005203;ja
999104718;0622200000046066;ja
999104731;0622200000044587;ja
999104743;0622200000050069;ja
999104755;0622200000002970;ja
999104767;0622200000045129;ja
999104779;0622200000046505;ja
999104780;0622200000041766;ja
999104792;0622200000046053;ja
999104809;0622200000017646;ja
999104810;0622200000028818;ja
999104822;0622200000044317;ja
999104834;0622200000043282;ja
999104846;0622200000010437;ja
999104858;0622200000045132;ja
999104871;0622200000006300;ja
999104871;0622200000050045;ja
999104883;0622200000028823;ja
999104895;0622200000043547;ja
999104901;0622200000043274;ja
999104913;0622200000050037;ja
999104925;0622200000043211;ja
999104937;0622200000045879;ja
999104949;0622200000028828;ja
999104950;0622200000002839;ja
999104962;0622200000010422;ja
999104974;0622200000043535;ja
999104986;0622200000050093;ja
999104998;0622200000017515;ja
999105000;0622200000019316;ja
999105012;0622200000046088;ja
999105024;0622200000043225;ja
999105036;0622200000045560;ja
999105048;0622200000050086;ja
999105061;0622200000017651;ja
999105073;0622200000046073;ja
999105085;0622200000005208;ja
999105097;0622200000028999;ja
999105103;0622200000033916;ja
999105115;0622200000046526;ja
999105127;0622200000010430;ja
999105139;0622200000043641;ja
999105140;0622200000046076;ja
999105152;0622200000029002;ja
999105164;0622200000036836;ja
999105176;0622200000026138;ja
999105188;0622200000017645;ja
999105206;0622200000014543;ja
999105218;0622200000043221;ja
999105231;0622200000046512;ja
999105243;0622200000028969;ja
999105255;0622200000046081;ja
999105267;0622200000043188;ja
999105279;0622200000010433;ja
999105280;0622200000028972;ja
999105292;0622200000029139;ja
999105309;0622200000028996;ja
999105310;0622200000002990;ja
999105322;0622200000045561;ja
999105334;0622200000018197;ja
999105346;0622200000002989;ja
999105358;0622200000017512;ja
999105371;0622200000043215;ja
999105401;0622200000043547;ja
999105504;0622200000024635;ja
999105528;0622200000046068;ja
999105541;0622200000002986;ja
999105553;0622200000028966;ja
999105565;0622200000006779;ja
999105589;0622200000050095;ja
999105590;0622200000028827;ja
999105607;0622200000046064;ja
999105619;0622200000044584;ja
999105620;0622200000028814;ja
999105632;0622200000002991;ja
999105644;0622200000046530;ja
999105656;0622200000011061;ja
999105656;0622200000050099;ja
999105668;0622200000045133;ja
999105681;0622200000017646;ja
999105693;0622200000045127;ja
999105711;0622200000007886;ja
999105711;0622200000050044;ja
999105723;0622200000043185;ja
999105735;0622200000002982;ja
999105747;0622200000050038;ja
999105759;0622200000050083;ja
999105760;0622200000050100;ja
999105772;0622200000010431;ja
999105784;0622200000046054;ja
999105796;0622200000043540;ja
999105802;0622200000045559;ja
999105814;0622200000019317;ja
999105826;0622200000006293;ja
999105838;0622200000010445;ja
999105851;0622200000044321;ja
999105863;0622200000050037;ja
999105875;0622200000043251;ja
999105887;0622200000034770;ja
999105887;0622200000044491;ja
999105887;0622200000044492;ja
999105887;0622200000044493;ja
999105899;0622200000046078;ja
999105905;0622200000005207;ja
999105917;0622200000050075;ja
999105929;0622200000046518;ja
999105930;0622200000046087;ja
999105942;0622200000002995;ja
999105954;0622200000032999;ja
999105966;0622200000045139;ja
999105978;0622200000046091;ja
999105991;0622200000018531;ja
999106004;0622200000002843;ja
999106016;0622200000002972;ja
999106028;0622200000028991;ja
999106041;0622200000010434;ja
999106053;0622200000010437;ja
999106065;0622200000045138;ja
999106077;0622200000043210;ja
999106089;0622200000006290;ja
999106090;0622200000050091;ja
999106107;0622200000043646;ja
999106119;0622200000046065;ja
999106120;0622200000046062;ja
999106132;0622200000045875;ja
999106144;0622200000017639;ja
999106156;0622200000050042;ja
999106168;0622200000043639;ja
999106181;0622200000002972;ja
999106193;0622200000050066;ja
999106211;0622200000010425;ja
999106223;0622200000043221;ja
999106235;0622200000050050;ja
999106247;0622200000017507;ja
999106259;0622200000002970;ja
999106260;0622200000044869;ja
999106272;0622200000028970;ja
999106284;0622200000050083;ja
999106296;0622200000043550;ja
999106302;0622200000033918;ja
999106314;0622200000050088;ja
999106326;0622200000046069;ja
999106338;0622200000050052;ja
999106351;0622200000045878;ja
999106363;0622200000044322;ja
999106375;0622200000010435;ja
999106387;0622200000050062;ja
999106399;0622200000029002;ja
999106405;0622200000034508;ja
999106405;0622200000046092;ja
999106417;0622200000002981;ja
999106430;0622200000033595;ja
999106430;0622200000050057;ja
999106442;0622200000035494;ja
999106442;0622200000043200;ja
999106454;0622200000010426;ja
999106466;0622200000050041;ja
999106478;0622200000033008;ja
999106491;0622200000045118;ja
999106508;0622200000002842;ja
999106521;0622200000005228;ja
999106533;0622200000028959;ja
999106557;0622200000002846;ja
999106570;0622200000046080;ja
999106582;0622200000043242;ja
999106594;0622200000007927;ja
999106594;0622200000050071;ja
999106600;0622200000005219;ja
999106612;0622200000046522;ja
999106624;0622200000039747;ja
999106624;0622200000046510;ja
999106636;0622200000045884;ja
999106648;0622200000026860;ja
999106661;0622200000043541;ja
999106673;0622200000010419;ja
999106685;0622200000028996;ja
999106697;0622200000017646;ja
999106703;0622200000043201;ja
999106715;0622200000002976;ja
999106727;0622200000043536;ja
999106739;0622200000034879;ja
999106739;0622200000050043;ja
999106740;0622200000044586;ja
999106752;0622200000045876;ja
999106764;0622200000005206;ja
999106776;0622200000029139;ja
999106788;0622200000022392;ja
999106806;0622200000046625;ja
999106806;0622200000050081;ja
999106818;0622200000005210;ja
999106831;0622200000019320;ja
999106843;0622200000028987;ja
999106855;0622200000043210;ja
999106867;0622200000044319;ja
999106879;0622200000045142;ja
999106880;0622200000017508;ja
999106892;0622200000008226;ja
999106892;0622200000050080;ja
999106909;0622200000017646;ja
999106910;0622200000046082;ja
999106922;0622200000010436;ja
999106934;0622200000046738;ja
999106946;0622200000029001;ja
999106958;0622200000034043;ja
999106971;0622200000046509;ja
999106983;0622200000043242;ja
999106995;0622200000002996;ja
999107008;0622200000017647;ja
999107021;0622200000017512;ja
999107033;0622200000046055;ja
999107045;0622200000050065;ja
999107057;0622200000043224;ja
999107069;0622200000043365;ja
999107070;0622200000038213;ja
999107100;0622200000015971;ja
999107112;0622200000017663;ja
999107124;0622200000046056;ja
999107136;0622200000046073;ja
999107148;0622200000044591;ja
999107161;0622200000046060;ja
999107173;0622200000034974;ja
999107173;0622200000043191;ja
999107185;0622200000045557;ja
999107197;0622200000029134;ja
999107203;0622200000050069;ja
999107215;0622200000046079;ja
999107227;0622200000010432;ja
999107239;0622200000026291;ja
999107252;0622200000043235;ja
999107264;0622200000043281;ja
999107276;0622200000005209;ja
999107288;0622200000005216;ja
999107306;0622200000046082;ja
999107318;0622200000034974;ja
999107318;0622200000043191;ja
999107331;0622200000002978;ja
999107343;0622200000046078;ja
999107355;0622200000005201;ja
999107367;0622200000014541;ja
999107379;0622200000002985;ja
999107380;0622200000006303;ja
999107392;0622200000028805;ja
999107409;0622200000018529;ja
999107410;0622200000046507;ja
999107422;0622200000050061;ja
999107434;0622200000028974;ja
999107446;0622200000050067;ja
999107458;0622200000028982;ja
999107471;0622200000046057;ja
999107483;0622200000043193;ja
999107495;0622200000045138;ja
999107501;0622200000050092;ja
999107513;0622200000043196;ja
999107525;0622200000043535;ja
999107537;0622200000046526;ja
999107549;0622200000028823;ja
999107550;0622200000046523;ja
999107562;0622200000046067;ja
999107574;0622200000045124;ja
999107586;0622200000028971;ja
999107598;0622200000044867;ja
999107604;0622200000028829;ja
999107616;0622200000006779;ja
999107628;0622200000046506;ja
999107641;0622200000018334;ja
999107653;0622200000018502;ja
999107665;0622200000002977;ja
999107677;0622200000028985;ja
999107689;0622200000028967;ja
999107690;0622200000044584;ja
999107707;0622200000050078;ja
999107719;0622200000033145;ja
999107732;0622200000044590;ja
999107744;0622200000010417;ja
999107756;0622200000033016;ja
999107768;0622200000029143;ja
999107781;0622200000044867;ja
999107793;0622200000014543;ja
999107811;0622200000017652;ja
999107823;0622200000043189;ja
999107835;0622200000045120;ja
999107847;0622200000006301;ja
999107860;0622200000007749;ja
999107872;0622200000028821;ja
999107884;0622200000002975;ja
999107896;0622200000045130;ja
999107902;0622200000017646;ja
999107914;0622200000046085;ja
999107938;0622200000044589;ja
999107951;0622200000043537;ja
999107963;0622200000017655;ja
999107975;0622200000028807;ja
999107987;0622200000046524;ja
999107999;0622200000045119;ja
999108013;0622200000043365;ja
999108025;0622200000029141;ja
999108037;0622200000018197;ja
999108049;0622200000017514;ja
999108050;0622200000005204;ja
999108062;0622200000002975;ja
999108074;0622200000046514;ja
999108086;0622200000035488;ja
999108086;0622200000035494;ja
999108086;0622200000043200;ja
999108098;0622200000043190;ja
999108104;0622200000046053;ja
999108116;0622200000043229;ja
999108128;0622200000028974;ja
999108141;0622200000018198;ja
999108153;0622200000010441;ja
999108165;0622200000045564;ja
999108177;0622200000028822;ja
999108189;0622200000043208;ja
999108189;0622200000044664;ja
999108190;0622200000043272;ja
999108207;0622200000018212;ja
999108219;0622200000005216;ja
999108232;0622200000006302;ja
999108244;0622200000017661;ja
999108256;0622200000045882;ja
999108268;0622200000050073;ja
999108281;0622200000017506;ja
999108293;0622200000043195;ja
999108311;0622200000046088;ja
999108323;0622200000046511;ja
999108335;0622200000005226;ja
999108347;0622200000028826;ja
999108359;0622200000005201;ja
999108360;0622200000033018;ja
999108372;0622200000002837;ja
999108384;0622200000005223;ja
999108396;0622200000043642;ja
999108402;0622200000050089;ja
999108414;0622200000045872;ja
999108426;0622200000045881;ja
999108438;0622200000044868;ja
999108451;0622200000005214;ja
999108463;0622200000045882;ja
999108475;0622200000018521;ja
999108487;0622200000010424;ja
999108499;0622200000043198;ja
999108505;0622200000006044;ja
999108505;0622200000050054;ja
999108517;0622200000006302;ja
999108529;0622200000043239;ja
999108530;0622200000028975;ja
999108542;0622200000033020;ja
999108554;0622200000043216;ja
999108566;0622200000028976;ja
999108591;0622200000044320;ja
999108608;0622200000026291;ja
999108621;0622200000046530;ja
999108633;0622200000043270;ja
999108645;0622200000028814;ja
999108657;0622200000043213;ja
999108669;0622200000022392;ja
999108670;0622200000017231;ja
999108670;0622200000043236;ja
999108682;0622200000043234;ja
999108694;0622200000045139;ja
999108700;0622200000046514;ja
999108712;0622200000043277;ja
999108724;0622200000005231;ja
999108736;0622200000046080;ja
999108748;0622200000028962;ja
999108761;0622200000017637;ja
999108773;0622200000029131;ja
999108785;0622200000028968;ja
999108797;0622200000045135;ja
999108803;0622200000002838;ja
999108815;0622200000046525;ja
999108827;0622200000018519;ja
999108839;0622200000046069;ja
999108840;0622200000017663;ja
999108852;0622200000043643;ja
999108864;0622200000045125;ja
999108876;0622200000017511;ja
999108888;0622200000046522;ja
999108906;0622200000043539;ja
999108918;0622200000017653;ja
999108931;0622200000043193;ja
999108943;0622200000050036;ja
999108955;0622200000044587;ja
999108967;0622200000038796;ja
999108979;0622200000024635;ja
999108980;0622200000028971;ja
999108992;0622200000045871;ja
999109005;0622200000050096;ja
999109017;0622200000002976;ja
999109029;0622200000043645;ja
999109030;0622200000050093;ja
999109042;0622200000045883;ja
999109054;0622200000043546;ja
999109066;0622200000043278;ja
999109078;0622200000009432;ja
999109078;0622200000050060;ja
999109091;0622200000045559;ja
999109108;0622200000010418;ja
999109121;0622200000043195;ja
999109133;0622200000043243;ja
999109145;0622200000046077;ja
999109157;0622200000043184;ja
999109169;0622200000010420;ja
999109170;0622200000043293;ja
999109182;0622200000017659;ja
999109194;0622200000028995;ja
999109200;0622200000010423;ja
999109212;0622200000028832;ja
999109224;0622200000050039;ja
999109236;0622200000005215;ja
999109248;0622200000029149;ja
999109261;0622200000050089;ja
999109273;0622200000028809;ja
999109285;0622200000017653;ja
999109297;0622200000029001;ja
999109315;0622200000028831;ja
999109327;0622200000043273;ja
999109340;0622200000029137;ja
999109352;0622200000050091;ja
999109364;0622200000017207;ja
999109364;0622200000017229;ja
999109364;0622200000041007;ja
999109376;0622200000028817;ja
999109388;0622200000017638;ja
999109406;0622200000002992;ja
999109418;0622200000006791;ja
999109431;0622200000019313;ja
999109443;0622200000017640;ja
999109455;0622200000028960;ja
999109467;0622200000043223;ja
999109479;0622200000017646;ja
999109480;0622200000022143;ja
999109492;0622200000006294;ja
999109492;0622200000006295;ja
999109509;0622200000045133;ja
999109510;0622200000043208;ja
999109510;0622200000044664;ja
999109522;0622200000050070;ja
999109534;0622200000046083;ja
999109546;0622200000043212;ja
999109558;0622200000043545;ja
999109571;0622200000043548;ja
999109583;0622200000045126;ja
999109595;0622200000045565;ja
999109601;0622200000046517;ja
999109613;0622200000050079;ja
999109625;0622200000029138;ja
999109637;0622200000002987;ja
999109649;0622200000028976;ja
999109650;0622200000028804;ja
999109662;0622200000043240;ja
999109674;0622200000020545;ja
999109686;0622200000020545;ja
999109698;0622200000046058;ja
999109704;0622200000044589;ja
999109716;0622200000028824;ja
999109728;0622200000026138;ja
999109741;0622200000028997;ja
999109753;0622200000010438;ja
999109765;0622200000005205;ja
999109777;0622200000046090;ja
999109789;0622200000010443;ja
999109790;0622200000029133;ja
999109807;0622200000010427;ja
999109819;0622200000046084;ja
999109832;0622200000044317;ja
999109844;0622200000028825;ja
999109856;0622200000043275;ja
999109893;0622200000017660;ja
999109911;0622200000050098;ja
999109923;0622200000046681;ja
999109935;0622200000009432;ja
999109935;0622200000050060;ja
999109947;0622200000050068;ja
999109959;0622200000046058;ja
999109960;0622200000017656;ja
999109984;0622200000029135;ja
999110019;0622200000046518;ja
999110020;0622200000046071;ja
999110032;0622200000028829;ja
999110044;0622200000043231;ja
999110056;0622200000019317;ja
999110081;0622200000046527;ja
999110093;0622200000030536;ja
999110093;0622200000043205;ja
999110111;0622200000010431;ja
999110123;0622200000018336;ja
999110202;0622200000018515;ja
999110214;0622200000046520;ja
999110251;0622200000028963;ja
999110263;0622200000039747;ja
999110263;0622200000046510;ja
999110275;0622200000035020;ja
999110275;0622200000050085;ja
999110299;0622200000018669;ja
999110305;0622200000018502;ja
999110317;0622200000045562;ja
999110329;0622200000017658;ja
999110330;0622200000046528;ja
999110342;0622200000043214;ja
999110354;0622200000045871;ja
999110366;0622200000017641;ja
999110378;0622200000026860;ja
999110391;0622200000002982;ja
999110408;0622200000046060;ja
999110421;0622200000015214;ja
999110433;0622200000050064;ja
999110445;0622200000028989;ja
999110457;0622200000044322;ja
999110469;0622200000005211;ja
999110470;0622200000043194;ja
999110482;0622200000046085;ja
999110494;0622200000045127;ja
999110500;0622200000046084;ja
999110512;0622200000017638;ja
999110524;0622200000028822;ja
999110536;0622200000043644;ja
999110548;0622200000033149;ja
999110561;0622200000046738;ja
999110573;0622200000046521;ja
999110585;0622200000043279;ja
999110597;0622200000043199;ja
999110603;0622200000043237;ja
999110615;0622200000002986;ja
999110627;0622200000043220;ja
999110639;0622200000050074;ja
999110640;0622200000046072;ja
999110652;0622200000029145;ja
999110664;0622200000026883;ja
999110676;0622200000046074;ja
999110688;0622200000002992;ja
999110706;0622200000045565;ja
999110718;0622200000028997;ja
999110731;0622200000010428;ja
999110743;0622200000043549;ja
999110755;0622200000006044;ja
999110755;0622200000050054;ja
999110767;0622200000002987;ja
999110779;0622200000046508;ja
999110780;0622200000006292;ja
999110792;0622200000018672;ja
999110809;0622200000043204;ja
999110810;0622200000046083;ja
999110822;0622200000017646;ja
999110834;0622200000050070;ja
999110846;0622200000002991;ja
999110858;0622200000045134;ja
999110871;0622200000006293;ja
999110883;0622200000045134;ja
999110895;0622200000050041;ja
999110901;0622200000002844;ja
999110913;0622200000046430;ja
999110925;0622200000005227;ja
999110937;0622200000043197;ja
999110949;0622200000045877;ja
999110950;0622200000006542;ja
999110950;0622200000017509;ja
999110962;0622200000006461;ja
999110962;0622200000006463;ja
999110974;0622200000043271;ja
999110986;0622200000005225;ja
999110998;0622200000050038;ja
999111000;0622200000028831;ja
999111012;0622200000043640;ja
999111024;0622200000046513;ja
999111036;0622200000029137;ja
999111061;0622200000014541;ja
999111073;0622200000005220;ja
999111085;0622200000002980;ja
999111097;0622200000029132;ja
999111103;0622200000017643;ja
999111115;0622200000045144;ja
999111127;0622200000043294;ja
999111139;0622200000046523;ja
999111140;0622200000043218;ja
999111152;0622200000028963;ja
999111164;0622200000026883;ja
999111176;0622200000006462;ja
999111188;0622200000028813;ja
999111206;0622200000020940;ja
999111206;0622200000050101;ja
999111218;0622200000028810;ja
999111231;0622200000043270;ja
999111243;0622200000010433;ja
999111255;0622200000046516;ja
999111267;0622200000032997;ja
999111279;0622200000020940;ja
999111279;0622200000050101;ja
999111280;0622200000017517;ja
999111292;0622200000028816;ja
999111309;0622200000050098;ja
999111310;0622200000046067;ja
999111322;0622200000017657;ja
999111334;0622200000046070;ja
999111346;0622200000043202;ja
999111358;0622200000002983;ja
999111371;0622200000046089;ja
999111383;0622200000017652;ja
999111395;0622200000002838;ja
999111449;0622200000043216;ja
999111450;0622200000033146;ja
999111450;0622200000033147;ja
999111462;0622200000038549;ja
999111462;0622200000050068;ja
999111474;0622200000045143;ja
999111486;0622200000028834;ja
999111498;0622200000034508;ja
999111498;0622200000046092;ja
999111504;0622200000045122;ja
999111516;0622200000010418;ja
999111528;0622200000044583;ja
999111541;0622200000010427;ja
999111553;0622200000017660;ja
999111577;0622200000002988;ja
999111589;0622200000045563;ja
999111590;0622200000050084;ja
999111607;0622200000033008;ja
999111619;0622200000050077;ja
999111620;0622200000018196;ja
999111632;0622200000033145;ja
999111644;0622200000044868;ja
999111656;0622200000017646;ja
999111668;0622200000043206;ja
999111681;0622200000002993;ja
999111693;0622200000046515;ja
999111711;0622200000043244;ja
999111723;0622200000044320;ja
999111735;0622200000050058;ja
999111747;0622200000006289;ja
999111759;0622200000046506;ja
999111760;0622200000018672;ja
999111772;0622200000046063;ja
999111784;0622200000028816;ja
999111796;0622200000043217;ja
999111802;0622200000045874;ja
999111814;0622200000028830;ja
999111826;0622200000045137;ja
999111838;0622200000010420;ja
999111851;0622200000043243;ja
999111863;0622200000002837;ja
999111875;0622200000003966;ja
999111875;0622200000045117;ja
999112260;0622200000029138;ja
999112272;0622200000007404;ja
999112272;0622200000043231;ja
999112284;0622200000029132;ja
999112296;0622200000033005;ja
999112296;0622200000033006;ja
999112302;0622200000018531;ja
999112314;0622200000018336;ja
999112326;0622200000046074;ja
999112351;0622200000028994;ja
999112363;0622200000043549;ja
999112375;0622200000045126;ja
999112387;0622200000028992;ja
999112399;0622200000028966;ja
999112405;0622200000050042;ja
999112417;0622200000002844;ja
999112429;0622200000018534;ja
999112429;0622200000018535;ja
999112429;0622200000018536;ja
999112429;0622200000018537;ja
999112429;0622200000018658;ja
999112429;0622200000018659;ja
999112429;0622200000018660;ja
999112429;0622200000018661;ja
999112429;0622200000018662;ja
999112429;0622200000035423;ja
999112430;0622200000005229;ja
999112442;0622200000006542;ja
999112442;0622200000017509;ja
999112454;0622200000043197;ja
999112466;0622200000028964;ja
999112478;0622200000043271;ja
999112491;0622200000006076;ja
999112491;0622200000050100;ja
999112508;0622200000040312;ja
999112508;0622200000040886;ja
999112508;0622200000040946;ja
999112508;0622200000050276;ja
999112521;0622200000028806;ja
999112533;0622200000050090;ja
999112545;0622200000028813;ja
999112557;0622200000043537;ja
999112569;0622200000029140;ja
999112570;0622200000019322;ja
999112582;0622200000002839;ja
999112594;0622200000017233;ja
999112594;0622200000045119;ja
999112600;0622200000046070;ja
999112612;0622200000017657;ja
999112624;0622200000026133;ja
999112636;0622200000029135;ja
999112648;0622200000002983;ja
999112661;0622200000045562;ja
999112673;0622200000033020;ja
999112685;0622200000043251;ja
999112697;0622200000043640;ja
999112703;0622200000044318;ja
999112715;0622200000050055;ja
999112727;0622200000044323;ja
999112739;0622200000006289;ja
999112740;0622200000043276;ja
999112752;0622200000043539;ja
999112764;0622200000043196;ja
999112776;0622200000043269;ja
999112788;0622200000046505;ja
999112806;0622200000017504;ja
999112818;0622200000046066;ja
999112831;0622200000002994;ja
999112843;0622200000044588;ja
999112855;0622200000008226;ja
999112855;0622200000050080;ja
999112867;0622200000046519;ja
999112879;0622200000006303;ja
999112880;0622200000043244;ja
999112892;0622200000006304;ja
999112892;0622200000017646;ja
999112909;0622200000043186;ja
999112910;0622200000050065;ja
999112922;0622200000028817;ja
999112934;0622200000043544;ja
999112946;0622200000046081;ja
999112971;0622200000007749;ja
999112971;0622200000007908;ja
999112983;0622200000028960;ja
999112995;0622200000011226;ja
999112995;0622200000050095;ja
999113008;0622200000028812;ja
999113021;0622200000017510;ja
999113033;0622200000046091;ja
999113045;0622200000028826;ja
999113057;0622200000045122;ja
999113069;0622200000010425;ja
999113070;0622200000043542;ja
999113082;0622200000050090;ja
999113094;0622200000050047;ja
999113100;0622200000028819;ja
999113112;0622200000043550;ja
999113124;0622200000043215;ja
999113136;0622200000046524;ja
999113148;0622200000028965;ja
999113161;0622200000027030;ja
999113173;0622200000017637;ja
999113185;0622200000043293;ja
999113197;0622200000005228;ja
999113203;0622200000002980;ja
999113215;0622200000044866;ja
999113227;0622200000018196;ja
999113239;0622200000046071;ja
999113240;0622200000043235;ja
999113252;0622200000017644;ja
999113264;0622200000050076;ja
999113276;0622200000006288;ja
999113288;0622200000043278;ja
999113306;0622200000043217;ja
999113318;0622200000046520;ja
999113331;0622200000045144;ja
999113343;0622200000005222;ja
999113355;0622200000046511;ja
999113367;0622200000006791;ja
999113379;0622200000028833;ja
999113380;0622200000018515;ja
999113392;0622200000029145;ja
999113409;0622200000017661;ja
999113422;0622200000020677;ja
999113422;0622200000050059;ja
999113434;0622200000002842;ja
999113446;0622200000033148;ja
999113458;0622200000046079;ja
999113471;0622200000018513;ja
999113483;0622200000005214;ja
999113501;0622200000046056;ja
999113513;0622200000017648;ja
999113525;0622200000043207;ja
999113537;0622200000033595;ja
999113537;0622200000050057;ja
999113549;0622200000028978;ja
999113550;0622200000044319;ja
999113562;0622200000050050;ja
999113574;0622200000006301;ja
999113586;0622200000043238;ja
999113598;0622200000046521;ja
999113604;0622200000043206;ja
999113616;0622200000046059;ja
999113628;0622200000017658;ja
999113641;0622200000050064;ja
999113653;0622200000028975;ja
999113665;0622200000002995;ja
999113677;0622200000050076;ja
999113689;0622200000043234;ja
999113690;0622200000043203;ja
999113707;0622200000046086;ja
999113719;0622200000028815;ja
999113720;0622200000043538;ja
999113732;0622200000029140;ja
999113744;0622200000019322;ja
999113756;0622200000002841;ja
999113768;0622200000045121;ja
999113781;0622200000010443;ja
999113793;0622200000010429;ja
999113793;0622200000014087;ja
999113811;0622200000050039;ja
999113823;0622200000028827;ja
999113835;0622200000043543;ja
999113847;0622200000046430;ja
999113859;0622200000005223;ja
999113860;0622200000045877;ja
999113872;0622200000017505;ja
999113884;0622200000045137;ja
999113896;0622200000033001;ja
999113902;0622200000028964;ja
999113914;0622200000043269;ja
999113926;0622200000010426;ja
999113938;0622200000028824;ja
999113951;0622200000050092;ja
999113963;0622200000019320;ja
999113975;0622200000005221;ja
999113987;0622200000043282;ja
999113999;0622200000028968;ja
999114001;0622200000045131;ja
999114013;0622200000028825;ja
999114025;0622200000043546;ja
999114050;0622200000032997;ja
999114062;0622200000043281;ja
999114074;0622200000045875;ja
999114086;0622200000017514;ja
999114098;0622200000043211;ja
999114104;0622200000017649;ja
999114116;0622200000018519;ja
999114128;0622200000005202;ja
999114141;0622200000014544;ja
999114153;0622200000028969;ja
999114165;0622200000043222;ja
999114177;0622200000033017;ja
999114372;0622200000008149;ja
999114463;0622200000008149;ja
999114487;0622200000008151;ja
999114542;0622200000008151;ja
999114645;0622200000008153;ja
999114712;0622200000008153;ja
999114827;0622200000008150;ja
999114839;0622200000008150;ja
999114852;0622200000008152;ja
999114876;0622200000008152;ja
999114943;0622200000008154;ja
999114955;0622200000008156;ja
999114967;0622200000008156;ja
999115017;0622200000033896;ja
999115042;0622200000033896;ja
999115121;0622200000033898;ja
999115169;0622200000033900;ja
999115212;0622200000033900;ja
999115224;0622200000033902;ja
999115261;0622200000002848;ja
999115285;0622200000002848;ja
999115339;0622200000002850;ja
999115376;0622200000002852;ja
999115443;0622200000002570;ja
999115480;0622200000002570;ja
999115571;0622200000002572;ja
999115601;0622200000002574;ja
999115625;0622200000002576;ja
999115649;0622200000002576;ja
999115686;0622200000002845;ja
999115765;0622200000002845;ja
999115807;0622200000002849;ja
999115856;0622200000002851;ja
999115893;0622200000033904;ja
999115935;0622200000002851;ja
999115959;0622200000002853;ja
999116009;0622200000002571;ja
999116022;0622200000002571;ja
999116034;0622200000015440;ja
999116046;0622200000003000;ja
999116058;0622200000003000;ja
999116253;0622200000003002;ja
999116307;0622200000003003;ja
999116319;0622200000003001;ja
999116320;0622200000003004;ja
999116344;0622200000003006;ja
999116356;0622200000003007;ja
999116368;0622200000003008;ja
999116411;0622200000003008;ja
999116435;0622200000014537;ja
999116526;0622200000014537;ja
999116599;0622200000014538;ja
999116605;0622200000014538;ja
999116629;0622200000014539;ja
999116642;0622200000014539;ja
999116654;0622200000039156;ja
999116666;0622200000034042;ja
999116678;0622200000014545;ja
999116691;0622200000014546;ja
999116769;0622200000014540;ja
999116782;0622200000014546;ja
999116800;0622200000014547;ja
999116812;0622200000014540;ja
999116836;0622200000039156;ja
999116873;0622200000014547;ja
999116897;0622200000003003;ja
999116952;0622200000014667;ja
999117051;0622200000014667;ja
999117063;0622200000014668;ja
999117099;0622200000014669;ja
999117178;0622200000014669;ja
999117257;0622200000014670;ja
999117270;0622200000014670;ja
999117294;0622200000033893;ja
999117324;0622200000033893;ja
999117348;0622200000008158;ja
999117385;0622200000008158;ja
999117397;0622200000008159;ja
999117427;0622200000008279;ja
999117440;0622200000008280;ja
999117452;0622200000008280;ja
999117464;0622200000008281;ja
999117543;0622200000008282;ja
999117555;0622200000008282;ja
999117610;0622200000022576;ja
999117646;0622200000033906;ja
999117658;0622200000022576;ja
999117695;0622200000033906;ja
999117713;0622200000022557;ja
999117713;0622200000039280;ja
999117725;0622200000022559;ja
999117890;0622200000022562;ja
999117907;0622200000022563;ja
999117932;0622200000022563;ja
999118018;0622200000022564;ja
999118031;0622200000022564;ja
999118055;0622200000022566;ja
999118080;0622200000008160;ja
999118092;0622200000008160;ja
999118092;0622200000014637;ja
999118109;0622200000008157;ja
999118110;0622200000018349;ja
999118134;0622200000018349;ja
999118201;0622200000018348;ja
999118213;0622200000018348;ja
999118225;0622200000018347;ja
999118237;0622200000018346;ja
999118249;0622200000018346;ja
999118250;0622200000018345;ja
999118262;0622200000018339;ja
999118274;0622200000018337;ja
999118286;0622200000018337;ja
999118298;0622200000018335;ja
999118304;0622200000018335;ja
999118316;0622200000018333;ja
999118328;0622200000018333;ja
999118341;0622200000018211;ja
999118353;0622200000018210;ja
999118365;0622200000018210;ja
999118377;0622200000018210;ja
999118389;0622200000033908;ja
999118390;0622200000033910;ja
999118419;0622200000033912;ja
999118432;0622200000033914;ja
999118444;0622200000033895;ja
999118456;0622200000033895;ja
999118468;0622200000033897;ja
999118481;0622200000033899;ja
999118493;0622200000033901;ja
999118511;0622200000033903;ja
999118523;0622200000033903;ja
999118535;0622200000033905;ja
999118547;0622200000033907;ja
999118559;0622200000033909;ja
999118560;0622200000033911;ja
999118572;0622200000033911;ja
999118584;0622200000033913;ja
999118596;0622200000033915;ja
999118602;0622200000033915;ja
999118614;0622200000033917;ja
999118626;0622200000033917;ja
999118638;0622200000022579;ja
999118651;0622200000022579;ja
999118663;0622200000022581;ja
999118699;0622200000022585;ja
999118705;0622200000022587;ja
999118717;0622200000022587;ja
999118729;0622200000022589;ja
999118730;0622200000022585;ja
999118742;0622200000022591;ja
999118754;0622200000022591;ja
999118766;0622200000022593;ja
999118778;0622200000022593;ja
999118791;0622200000002575;ja
999118808;0622200000018204;ja
999118821;0622200000018204;ja
999118833;0622200000002577;ja
999118845;0622200000002577;ja
999118857;0622200000015843;ja
999118869;0622200000013118;ja
999118870;0622200000013118;ja
999118882;0622200000015442;ja
999118894;0622200000015442;ja
999118900;0622200000013122;ja
999118912;0622200000013128;ja
999118924;0622200000013124;ja
999118936;0622200000013124;ja
999118948;0622200000013126;ja
999118961;0622200000013253;ja
999118973;0622200000013119;ja
999118985;0622200000013116;ja
999118997;0622200000013119;ja
999119011;0622200000013121;ja
999119023;0622200000013252;ja
999119035;0622200000013123;ja
999119047;0622200000013125;ja
999119059;0622200000029148;ja
999119060;0622200000029148;ja
999119072;0622200000029146;ja
999119084;0622200000029144;ja
999119096;0622200000029144;ja
999119102;0622200000029146;ja
999119114;0622200000022595;ja
999119126;0622200000029142;ja
999119138;0622200000013254;ja
999119151;0622200000029161;ja
999119163;0622200000029161;ja
999119175;0622200000029159;ja
999119187;0622200000029157;ja
999119199;0622200000029157;ja
999119205;0622200000029155;ja
999119217;0622200000029155;ja
999119229;0622200000029153;ja
999119230;0622200000029153;ja
999119242;0622200000012416;ja
999119242;0622200000015441;ja
999119254;0622200000015441;ja
999119266;0622200000015443;ja
999119278;0622200000018506;ja
999119278;0622200000040391;ja
999119291;0622200000018508;ja
999119308;0622200000018508;ja
999119321;0622200000018516;ja
999119333;0622200000018517;ja
999119345;0622200000018518;ja
999119357;0622200000013256;ja
999119369;0622200000013256;ja
999119370;0622200000013258;ja
999119382;0622200000013258;ja
999119394;0622200000013260;ja
999119400;0622200000018345;ja
999119412;0622200000018343;ja
999119424;0622200000018343;ja
999119436;0622200000018341;ja
999119448;0622200000013260;ja
999119461;0622200000013262;ja
999119473;0622200000013264;ja
999119485;0622200000013266;ja
999119497;0622200000013264;ja
999119503;0622200000002675;ja
999119503;0622200000009869;ja
999119503;0622200000018206;ja
999119515;0622200000018209;ja
999119527;0622200000018209;ja
999119539;0622200000018354;ja
999119540;0622200000018354;ja
999119552;0622200000018357;ja
999119564;0622200000018357;ja
999119576;0622200000018358;ja
999119588;0622200000018358;ja
999119606;0622200000018360;ja
999119618;0622200000018361;ja
999119631;0622200000018362;ja
999119643;0622200000018362;ja
999119655;0622200000018363;ja
999119667;0622200000018363;ja
999119679;0622200000018364;ja
999119680;0622200000018364;ja
999119692;0622200000018365;ja
999119709;0622200000018365;ja
999119710;0622200000018371;ja
999119722;0622200000018375;ja
999119734;0622200000018498;ja
999119746;0622200000029299;ja
999119758;0622200000018498;ja
999119771;0622200000018505;ja
999119783;0622200000029299;ja
999119795;0622200000029172;ja
999119801;0622200000029164;ja
999119813;0622200000029172;ja
999119825;0622200000029170;ja
999119837;0622200000029170;ja
999119849;0622200000029168;ja
999119850;0622200000029166;ja
999119862;0622200000029166;ja
999119874;0622200000029162;ja
999119886;0622200000029162;ja
999119898;0622200000029160;ja
999119904;0622200000029160;ja
999119916;0622200000029158;ja
999119928;0622200000029156;ja
999119941;0622200000029154;ja
999119953;0622200000029154;ja
999119965;0622200000029152;ja
999119977;0622200000029150;ja
999119989;0622200000029308;ja
999119990;0622200000029152;ja
999120001;0622200000029150;ja
999120013;0622200000013127;ja
999120025;0622200000013127;ja
999120037;0622200000013252;ja
999120049;0622200000029306;ja
999120050;0622200000029302;ja
999120062;0622200000029306;ja
999120074;0622200000029304;ja
999120086;0622200000029302;ja
999120098;0622200000029300;ja
999120104;0622200000029173;ja
999120116;0622200000029173;ja
999120128;0622200000029171;ja
999120141;0622200000029169;ja
999120153;0622200000029167;ja
999120165;0622200000029167;ja
999120177;0622200000029163;ja
999120189;0622200000029163;ja
999120190;0622200000013255;ja
999120207;0622200000013255;ja
999120219;0622200000013257;ja
999120220;0622200000013257;ja
999120232;0622200000013259;ja
999120244;0622200000013261;ja
999120256;0622200000013263;ja
999120268;0622200000013263;ja
999120281;0622200000013265;ja
999120293;0622200000013265;ja
999120311;0622200000022596;ja
999120323;0622200000022596;ja
999120335;0622200000022597;ja
999120347;0622200000002575;ja
999120359;0622200000033914;ja
999120360;0622200000029165;ja
999120372;0622200000013267;ja
999120384;0622200000013267;ja
999120396;0622200000013268;ja
999120402;0622200000013270;ja
999120414;0622200000013272;ja
999120426;0622200000013276;ja
999120438;0622200000013274;ja
999120451;0622200000013274;ja
999120463;0622200000013120;ja
999120475;0622200000013122;ja
999120487;0622200000013278;ja
999120499;0622200000013278;ja
999120505;0622200000013280;ja
999120517;0622200000002578;ja
999120529;0622200000022560;ja
999120530;0622200000009746;ja
999120542;0622200000029164;ja
999120554;0622200000029165;ja
999120566;0622200000022558;ja
999120578;0622200000022558;ja
999120621;0622200000022568;ja
999120724;0622200000022577;ja
999120748;0622200000022582;ja
999120761;0622200000022586;ja
999120773;0622200000022586;ja
999120785;0622200000022592;ja
999120803;0622200000014672;ja
999120815;0622200000014673;ja
999120827;0622200000014674;ja
999120839;0622200000014674;ja
999120840;0622200000014675;ja
999120852;0622200000014676;ja
999120864;0622200000014676;ja
999120876;0622200000014678;ja
999120888;0622200000014679;ja
999120906;0622200000014679;ja
999120918;0622200000014680;ja
999120931;0622200000014681;ja
999120943;0622200000014682;ja
999120955;0622200000014678;ja
999120967;0622200000014681;ja
999120979;0622200000014680;ja
999120980;0622200000014683;ja
999120992;0622200000014683;ja
999121005;0622200000014684;ja
999121017;0622200000014684;ja
999121029;0622200000014685;ja
999121030;0622200000014685;ja
999121042;0622200000014686;ja
999121054;0622200000033007;ja
999121066;0622200000033004;ja
999121078;0622200000033004;ja
999121091;0622200000014686;ja
999121108;0622200000033002;ja
999121121;0622200000033002;ja
999121133;0622200000018503;ja
999121145;0622200000018503;ja
999121157;0622200000018353;ja
999121169;0622200000018500;ja
999121170;0622200000018500;ja
999121182;0622200000022569;ja
999121194;0622200000022569;ja
999121200;0622200000018501;ja
999121212;0622200000017664;ja
999121224;0622200000017664;ja
999121236;0622200000002573;ja
999121248;0622200000013269;ja
999121261;0622200000033019;ja
999121273;0622200000033143;ja
999121285;0622200000033143;ja
999121297;0622200000002580;ja
999121303;0622200000002583;ja
999121315;0622200000002573;ja
999121327;0622200000002583;ja
999121339;0622200000002584;ja
999121340;0622200000002585;ja
999121352;0622200000002587;ja
999121364;0622200000002587;ja
999121376;0622200000002588;ja
999121388;0622200000002588;ja
999121406;0622200000013779;ja
999121418;0622200000013779;ja
999121431;0622200000002579;ja
999121443;0622200000002579;ja
999121455;0622200000005232;ja
999121455;0622200000005233;ja
999121455;0622200000013929;ja
999121455;0622200000041462;ja
999121467;0622200000014082;ja
999121479;0622200000013929;ja
999121480;0622200000014082;ja
999121492;0622200000014083;ja
999121509;0622200000014083;ja
999121510;0622200000002581;ja
999121510;0622200000038041;ja
999121522;0622200000013901;ja
999121534;0622200000013901;ja
999121546;0622200000002718;ja
999121546;0622200000013903;ja
999121558;0622200000014077;ja
999121571;0622200000014076;ja
999121583;0622200000014076;ja
999121595;0622200000014078;ja
999121601;0622200000010179;ja
999121601;0622200000013931;ja
999121601;0622200000040852;ja
999121613;0622200000013933;ja
999121625;0622200000002718;ja
999121625;0622200000013903;ja
999121637;0622200000013905;ja
999121650;0622200000014078;ja
999121662;0622200000013907;ja
999121674;0622200000013271;ja
999121686;0622200000014079;ja
999121698;0622200000013273;ja
999121704;0622200000002581;ja
999121704;0622200000038041;ja
999121716;0622200000013281;ja
999121728;0622200000014079;ja
999121741;0622200000013283;ja
999121765;0622200000009880;ja
999121789;0622200000009883;ja
999121790;0622200000015175;ja
999121807;0622200000015177;ja
999121819;0622200000015179;ja
999121820;0622200000015181;ja
999121832;0622200000015181;ja
999121844;0622200000012239;ja
999121856;0622200000012241;ja
999121868;0622200000015183;ja
999121881;0622200000012360;ja
999121893;0622200000022578;ja
999121911;0622200000012360;ja
999121923;0622200000012362;ja
999121935;0622200000012364;ja
999121947;0622200000012366;ja
999121959;0622200000012366;ja
999121960;0622200000012368;ja
999121972;0622200000012370;ja
999121984;0622200000012370;ja
999121996;0622200000012372;ja
999122009;0622200000012372;ja
999122010;0622200000012367;ja
999122022;0622200000012367;ja
999122034;0622200000012369;ja
999122046;0622200000012371;ja
999122058;0622200000002560;ja
999122058;0622200000002562;ja
999122058;0622200000012373;ja
999122071;0622200000012374;ja
999122083;0622200000012375;ja
999122095;0622200000012376;ja
999122101;0622200000012376;ja
999122113;0622200000012377;ja
999122125;0622200000012377;ja
999122137;0622200000024741;ja
999122149;0622200000002690;ja
999122150;0622200000002692;ja
999122162;0622200000002692;ja
999122174;0622200000002694;ja
999122186;0622200000002694;ja
999122198;0622200000002696;ja
999122204;0622200000002698;ja
999122216;0622200000002700;ja
999122216;0622200000002713;ja
999122216;0622200000002714;ja
999122228;0622200000002702;ja
999122241;0622200000002702;ja
999122253;0622200000002704;ja
999122265;0622200000022590;ja
999122277;0622200000005333;ja
999122307;0622200000005796;ja
999122319;0622200000005806;ja
999122320;0622200000005810;ja
999122332;0622200000026007;ja
999122344;0622200000026007;ja
999122356;0622200000026005;ja
999122368;0622200000026003;ja
999122381;0622200000026001;ja
999122393;0622200000026001;ja
999122411;0622200000025999;ja
999122423;0622200000025999;ja
999122447;0622200000009872;ja
999122459;0622200000022570;ja
999122460;0622200000005796;ja
999122472;0622200000015169;ja
999122484;0622200000009874;ja
999122496;0622200000009874;ja
999122502;0622200000013933;ja
999122514;0622200000015170;ja
999122526;0622200000015170;ja
999122538;0622200000002586;ja
999122538;0622200000041190;ja
999122551;0622200000009876;ja
999122563;0622200000002586;ja
999122563;0622200000041190;ja
999122575;0622200000009876;ja
999122587;0622200000009878;ja
999122599;0622200000009878;ja
999122605;0622200000015171;ja
999122617;0622200000010177;ja
999122617;0622200000015172;ja
999122629;0622200000018522;ja
999122630;0622200000018522;ja
999122642;0622200000018524;ja
999122654;0622200000018526;ja
999122666;0622200000018528;ja
999122678;0622200000018526;ja
999122691;0622200000018530;ja
999122708;0622200000018663;ja
999122721;0622200000013935;ja
999122733;0622200000013935;ja
999122745;0622200000015851;ja
999122757;0622200000015851;ja
999122769;0622200000015856;ja
999122770;0622200000015856;ja
999122782;0622200000015861;ja
999122794;0622200000015861;ja
999122800;0622200000015871;ja
999122812;0622200000015880;ja
999122824;0622200000029307;ja
999122836;0622200000029305;ja
999122848;0622200000029301;ja
999122861;0622200000015444;ja
999122873;0622200000015445;ja
999122885;0622200000015447;ja
999122897;0622200000015447;ja
999122903;0622200000015448;ja
999122915;0622200000013286;ja
999122927;0622200000014073;ja
999122940;0622200000029305;ja
999122952;0622200000018683;ja
999122964;0622200000018693;ja
999122976;0622200000018693;ja
999122988;0622200000018697;ja
999123002;0622200000018826;ja
999123002;0622200000030541;ja
999123014;0622200000018830;ja
999123014;0622200000030539;ja
999123026;0622200000018834;ja
999123026;0622200000030538;ja
999123038;0622200000018846;ja
999123051;0622200000013284;ja
999123075;0622200000030390;ja
999123087;0622200000030391;ja
999123099;0622200000014074;ja
999123105;0622200000030391;ja
999123117;0622200000030392;ja
999123129;0622200000030394;ja
999123142;0622200000015880;ja
999123154;0622200000015445;ja
999123166;0622200000030397;ja
999123178;0622200000030399;ja
999123191;0622200000030401;ja
999123208;0622200000022377;ja
999123233;0622200000018684;ja
999123245;0622200000030394;ja
999123257;0622200000029303;ja
999123269;0622200000022385;ja
999123270;0622200000015880;ja
999123282;0622200000022387;ja
999123294;0622200000022514;ja
999123300;0622200000022514;ja
999123312;0622200000030400;ja
999123324;0622200000022515;ja
999123336;0622200000022517;ja
999123348;0622200000022519;ja
999123361;0622200000018682;ja
999123373;0622200000030404;ja
999123385;0622200000030405;ja
999123397;0622200000030393;ja
999123403;0622200000030396;ja
999123415;0622200000030531;ja
999123427;0622200000021537;ja
999123439;0622200000014069;ja
999123452;0622200000018822;ja
999123464;0622200000014067;ja
999123476;0622200000022519;ja
999123488;0622200000018842;ja
999123506;0622200000029311;ja
999123518;0622200000013287;ja
999123531;0622200000014071;ja
999123555;0622200000014075;ja
999123567;0622200000014063;ja
999123579;0622200000013939;ja
999123580;0622200000022379;ja
999123592;0622200000022379;ja
999123609;0622200000018830;ja
999123609;0622200000030539;ja
999123610;0622200000014061;ja
999123622;0622200000030395;ja
999123634;0622200000029307;ja
999123646;0622200000026037;ja
999123658;0622200000014061;ja
999123671;0622200000026038;ja
999123671;0622200000026048;ja
999123683;0622200000015866;ja
999123695;0622200000026039;ja
999123701;0622200000030393;ja
999123713;0622200000030532;ja
999123725;0622200000022381;ja
999123737;0622200000018682;ja
999123749;0622200000022383;ja
999123750;0622200000018685;ja
999123750;0622200000043101;ja
999123762;0622200000026040;ja
999123774;0622200000015446;ja
999123786;0622200000026040;ja
999123804;0622200000014067;ja
999123816;0622200000026041;ja
999123828;0622200000030405;ja
999123841;0622200000018842;ja
999123853;0622200000022387;ja
999123865;0622200000018689;ja
999123877;0622200000030395;ja
999123889;0622200000022515;ja
999123890;0622200000026044;ja
999123890;0622200000026049;ja
999123890;0622200000026050;ja
999123907;0622200000026045;ja
999123907;0622200000026047;ja
999123919;0622200000026046;ja
999123919;0622200000035598;ja
999123920;0622200000026042;ja
999123932;0622200000026043;ja
999123932;0622200000048419;ja
999123944;0622200000030529;ja
999123956;0622200000026046;ja
999123956;0622200000035598;ja
999123968;0622200000026048;ja
999123981;0622200000026049;ja
999123993;0622200000014065;ja
999124006;0622200000013275;ja
999124018;0622200000021524;ja
999124031;0622200000013277;ja
999124043;0622200000014080;ja
999124055;0622200000021524;ja
999124067;0622200000021525;ja
999124079;0622200000013277;ja
999124080;0622200000021525;ja
999124092;0622200000013937;ja
999124109;0622200000014081;ja
999124109;0622200000016195;ja
999124110;0622200000014069;ja
999124122;0622200000013279;ja
999124134;0622200000013279;ja
999124146;0622200000002582;ja
999124158;0622200000013899;ja
999124171;0622200000013281;ja
999124183;0622200000021526;ja
999124195;0622200000013899;ja
999124201;0622200000021526;ja
999124213;0622200000021527;ja
999124225;0622200000021528;ja
999124237;0622200000021529;ja
999124249;0622200000021529;ja
999124250;0622200000013288;ja
999124262;0622200000021530;ja
999124274;0622200000021532;ja
999124286;0622200000021533;ja
999124298;0622200000021534;ja
999124304;0622200000021534;ja
999124316;0622200000021535;ja
999124328;0622200000021536;ja
999124341;0622200000021536;ja
999124353;0622200000028981;ja
999124365;0622200000028981;ja
999124377;0622200000010442;ja
999124389;0622200000013921;ja
999124390;0622200000013923;ja
999124407;0622200000013923;ja
999124419;0622200000022383;ja
999124420;0622200000005230;ja
999124444;0622200000039995;ja
999124456;0622200000039995;ja
999124468;0622200000039996;ja
999124481;0622200000030529;ja
999124493;0622200000039996;ja
999124511;0622200000015885;ja
999124523;0622200000015885;ja
999124535;0622200000009274;ja
999124535;0622200000016016;ja
999124535;0622200000029982;ja
999124559;0622200000016021;ja
999124560;0622200000013927;ja
999124572;0622200000015446;ja
999124584;0622200000029303;ja
999124596;0622200000030530;ja
999124602;0622200000016026;ja
999124614;0622200000002582;ja
999124626;0622200000013925;ja
999124626;0622200000016202;ja
999124638;0622200000047532;ja
999124651;0622200000030403;ja
999124663;0622200000030404;ja
999124675;0622200000016046;ja
999124687;0622200000016182;ja
999124699;0622200000016041;ja
999124705;0622200000016182;ja
999124717;0622200000021532;ja
999124729;0622200000046743;ja
999124730;0622200000014063;ja
999124742;0622200000018689;ja
999124754;0622200000016190;ja
999124766;0622200000022376;ja
999124778;0622200000022378;ja
999124791;0622200000021531;ja
999124808;0622200000026039;ja
999124821;0622200000021528;ja
999124833;0622200000022380;ja
999124845;0622200000030402;ja
999124857;0622200000030531;ja
999124869;0622200000022382;ja
999124870;0622200000022380;ja
999124882;0622200000046743;ja
999124894;0622200000030402;ja
999124912;0622200000018681;ja
999124924;0622200000016026;ja
999124936;0622200000009274;ja
999124936;0622200000016016;ja
999124948;0622200000016186;ja
999124961;0622200000016046;ja
999124973;0622200000010442;ja
999124973;0622200000010444;ja
999124985;0622200000022384;ja
999124997;0622200000013927;ja
999125011;0622200000022384;ja
999125023;0622200000016190;ja
999125035;0622200000022386;ja
999125060;0622200000022516;ja
999125072;0622200000022516;ja
999125102;0622200000004487;ja
999125102;0622200000016740;ja
999125102;0622200000016742;ja
999125102;0622200000027763;ja
999125102;0622200000027768;ja
999125102;0622200000027895;ja
999125102;0622200000027900;ja
999125102;0622200000027905;ja
999125102;0622200000027910;ja
999125102;0622200000027915;ja
999125102;0622200000027920;ja
999125114;0622200000009755;ja
999125114;0622200000027925;ja
999125126;0622200000027930;ja
999125138;0622200000002661;ja
999125151;0622200000002663;ja
999125151;0622200000044458;ja
999125163;0622200000002663;ja
999125163;0622200000044458;ja
999125175;0622200000002667;ja
999125199;0622200000002669;ja
999125217;0622200000002687;ja
999125229;0622200000002689;ja
999125230;0622200000002697;ja
999125242;0622200000002667;ja
999125254;0622200000002699;ja
999125254;0622200000002705;ja
999125266;0622200000002701;ja
999125266;0622200000002703;ja
999125291;0622200000013919;ja
999125291;0622200000040510;ja
999125308;0622200000013915;ja
999125321;0622200000013917;ja
999125333;0622200000013917;ja
999125461;0622200000030555;ja
999125473;0622200000030555;ja
999125485;0622200000030554;ja
999125503;0622200000002701;ja
999125503;0622200000002703;ja
999125515;0622200000030553;ja
999125527;0622200000030553;ja
999125539;0622200000030546;ja
999125539;0622200000030552;ja
999125540;0622200000030546;ja
999125540;0622200000030552;ja
999125552;0622200000030551;ja
999125564;0622200000030551;ja
999125576;0622200000030550;ja
999125588;0622200000014085;ja
999125606;0622200000014084;ja
999125618;0622200000031291;ja
999125618;0622200000031292;ja
999125631;0622200000031291;ja
999125631;0622200000031292;ja
999125643;0622200000019018;ja
999125655;0622200000019014;ja
999125667;0622200000019010;ja
999125679;0622200000019010;ja
999125680;0622200000019006;ja
999125692;0622200000019006;ja
999125709;0622200000019002;ja
999125710;0622200000019002;ja
999125722;0622200000018998;ja
999125734;0622200000018994;ja
999125746;0622200000018994;ja
999125758;0622200000018990;ja
999125771;0622200000018986;ja
999125783;0622200000018982;ja
999125795;0622200000018858;ja
999125801;0622200000018854;ja
999125813;0622200000018854;ja
999125825;0622200000014757;ja
999125837;0622200000014758;ja
999125849;0622200000014759;ja
999125850;0622200000014752;ja
999125862;0622200000014753;ja
999125874;0622200000014754;ja
999125886;0622200000014754;ja
999125898;0622200000014755;ja
999125904;0622200000014748;ja
999125916;0622200000014749;ja
999125928;0622200000014750;ja
999125941;0622200000014623;ja
999125953;0622200000014623;ja
999125965;0622200000014624;ja
999125977;0622200000014626;ja
999125989;0622200000002708;ja
999125989;0622200000006431;ja
999126003;0622200000002710;ja
999126003;0622200000043482;ja
999126015;0622200000002710;ja
999126015;0622200000043482;ja
999126027;0622200000014619;ja
999126039;0622200000014620;ja
999126040;0622200000014621;ja
999126052;0622200000014622;ja
999126064;0622200000014622;ja
999126076;0622200000005801;ja
999126088;0622200000005801;ja
999126106;0622200000014615;ja
999126118;0622200000002695;ja
999126118;0622200000014616;ja
999126131;0622200000014617;ja
999126155;0622200000014618;ja
999126167;0622200000014618;ja
999126179;0622200000014611;ja
999126179;0622200000029637;ja
999126179;0622200000029638;ja
999126180;0622200000014613;ja
999126192;0622200000014607;ja
999126209;0622200000014608;ja
999126210;0622200000014609;ja
999126222;0622200000018350;ja
999126222;0622200000018351;ja
999126234;0622200000018350;ja
999126234;0622200000018351;ja
999126246;0622200000018353;ja
999126258;0622200000012369;ja
999126271;0622200000018524;ja
999126283;0622200000016186;ja
999126295;0622200000014677;ja
999126301;0622200000018663;ja
999126313;0622200000002691;ja
999126313;0622200000031062;ja
999126337;0622200000025916;ja
999126349;0622200000039997;ja
999126350;0622200000039997;ja
999126362;0622200000026003;ja
999126374;0622200000039994;ja
999126386;0622200000029314;ja
999126398;0622200000029315;ja
999126404;0622200000018008;ja
999126416;0622200000018014;ja
999126428;0622200000018020;ja
999126428;0622200000046322;ja
999126441;0622200000014610;ja
999126453;0622200000018027;ja
999126465;0622200000018028;ja
999126477;0622200000018030;ja
999126489;0622200000018034;ja
999126489;0622200000022266;ja
999126490;0622200000018034;ja
999126490;0622200000022266;ja
999126507;0622200000018036;ja
999126519;0622200000018038;ja
999126520;0622200000018038;ja
999126532;0622200000018040;ja
999126532;0622200000022269;ja
999126544;0622200000018030;ja
999126556;0622200000018045;ja
999126568;0622200000018040;ja
999126568;0622200000022269;ja
999126581;0622200000018043;ja
999126593;0622200000018032;ja
999126611;0622200000018046;ja
999126623;0622200000018175;ja
999126635;0622200000018175;ja
999126647;0622200000018181;ja
999126659;0622200000018187;ja
999126660;0622200000017879;ja
999126672;0622200000017879;ja
999126684;0622200000018009;ja
999126696;0622200000018015;ja
999126702;0622200000018021;ja
999126714;0622200000018039;ja
999126726;0622200000018033;ja
999126738;0622200000018035;ja
999126751;0622200000003660;ja
999126751;0622200000018037;ja
999126763;0622200000018187;ja
999126775;0622200000004509;ja
999126775;0622200000017878;ja
999126787;0622200000018047;ja
999126799;0622200000018176;ja
999126805;0622200000018182;ja
999126817;0622200000018182;ja
999126829;0622200000018188;ja
999126830;0622200000018188;ja
999126842;0622200000017880;ja
999126854;0622200000018010;ja
999126866;0622200000018010;ja
999126878;0622200000018016;ja
999126891;0622200000018016;ja
999126908;0622200000018022;ja
999126921;0622200000018171;ja
999126933;0622200000018183;ja
999126945;0622200000018189;ja
999126957;0622200000017881;ja
999126969;0622200000018011;ja
999126970;0622200000018011;ja
999126982;0622200000003947;ja
999126982;0622200000018017;ja
999126994;0622200000018023;ja
999127007;0622200000018172;ja
999127007;0622200000024748;ja
999127019;0622200000018172;ja
999127019;0622200000024748;ja
999127020;0622200000018178;ja
999127032;0622200000018184;ja
999127044;0622200000018190;ja
999127056;0622200000018190;ja
999127068;0622200000018006;ja
999127081;0622200000018012;ja
999127470;0622200000002689;ja
999127482;0622200000015444;ja
999127494;0622200000022584;ja
999127500;0622200000022275;ja
999127512;0622200000018834;ja
999127512;0622200000030538;ja
999127524;0622200000010131;ja
999127524;0622200000022273;ja
999127561;0622200000002715;ja
999127561;0622200000002716;ja
999127573;0622200000002715;ja
999127573;0622200000002716;ja
999127585;0622200000002715;ja
999127585;0622200000002716;ja
999127597;0622200000002715;ja
999127597;0622200000002716;ja
999127603;0622200000002715;ja
999127603;0622200000002716;ja
999127615;0622200000002715;ja
999127615;0622200000002716;ja
999127627;0622200000002715;ja
999127627;0622200000002716;ja
999127639;0622200000002712;ja
999127639;0622200000014774;ja
999127640;0622200000002712;ja
999127652;0622200000014762;ja
999127664;0622200000014761;ja
999127676;0622200000014764;ja
999127688;0622200000014765;ja
999127706;0622200000014766;ja
999127718;0622200000014768;ja
999127731;0622200000014768;ja
999127743;0622200000014770;ja
999127755;0622200000014769;ja
999127767;0622200000014772;ja
999127779;0622200000014775;ja
999127780;0622200000014773;ja
999127792;0622200000014775;ja
999127809;0622200000014776;ja
999127810;0622200000014777;ja
999127822;0622200000014779;ja
999127834;0622200000014779;ja
999127846;0622200000014778;ja
999127858;0622200000014780;ja
999127871;0622200000014782;ja
999127883;0622200000014780;ja
999127895;0622200000014782;ja
999127901;0622200000014781;ja
999127913;0622200000002699;ja
999127913;0622200000002705;ja
999127925;0622200000014783;ja
999127937;0622200000014783;ja
999127949;0622200000018177;ja
999127950;0622200000022578;ja
999127974;0622200000018041;ja
999127986;0622200000014785;ja
999128000;0622200000014786;ja
999128012;0622200000014907;ja
999128024;0622200000014907;ja
999128036;0622200000014908;ja
999128048;0622200000014909;ja
999128061;0622200000014911;ja
999128073;0622200000014912;ja
999128085;0622200000014912;ja
999128097;0622200000014914;ja
999128103;0622200000014913;ja
999128115;0622200000011577;ja
999128115;0622200000014915;ja
999128115;0622200000015565;ja
999128127;0622200000014916;ja
999128139;0622200000014917;ja
999128140;0622200000014918;ja
999128152;0622200000014919;ja
999128164;0622200000014920;ja
999128176;0622200000014920;ja
999128188;0622200000014922;ja
999128206;0622200000014922;ja
999128218;0622200000014923;ja
999128231;0622200000014924;ja
999128243;0622200000014926;ja
999128255;0622200000014925;ja
999128267;0622200000014928;ja
999128279;0622200000014930;ja
999128280;0622200000014928;ja
999128280;0622200000026961;ja
999128292;0622200000014929;ja
999128309;0622200000014933;ja
999128310;0622200000014931;ja
999128322;0622200000014933;ja
999128334;0622200000014934;ja
999128346;0622200000014935;ja
999128358;0622200000014936;ja
999128371;0622200000014940;ja
999128383;0622200000014941;ja
999128395;0622200000014942;ja
999128401;0622200000014943;ja
999128413;0622200000014945;ja
999128425;0622200000014947;ja
999128437;0622200000015066;ja
999128449;0622200000015067;ja
999128450;0622200000002698;ja
999128450;0622200000022276;ja
999128462;0622200000015068;ja
999128474;0622200000015068;ja
999128486;0622200000015069;ja
999128498;0622200000015073;ja
999128504;0622200000015072;ja
999128516;0622200000015071;ja
999128528;0622200000015071;ja
999128541;0622200000015074;ja
999128553;0622200000015078;ja
999128565;0622200000015075;ja
999128577;0622200000015076;ja
999128589;0622200000015077;ja
999128590;0622200000015078;ja
999128619;0622200000018520;ja
999128620;0622200000022520;ja
999128620;0622200000030540;ja
999128632;0622200000022521;ja
999128644;0622200000022521;ja
999128656;0622200000022522;ja
999128668;0622200000022523;ja
999128693;0622200000030533;ja
999128693;0622200000030535;ja
999128711;0622200000030534;ja
999128723;0622200000030537;ja
999128735;0622200000030537;ja
999128747;0622200000030542;ja
999128759;0622200000005487;ja
999128759;0622200000030543;ja
999128760;0622200000018203;ja
999128772;0622200000018203;ja
999128784;0622200000014671;ja
999128796;0622200000014671;ja
999128802;0622200000015834;ja
999128802;0622200000022723;ja
999128814;0622200000022723;ja
999128826;0622200000018207;ja
999128838;0622200000018208;ja
999128851;0622200000018208;ja
999128863;0622200000028988;ja
999128875;0622200000028990;ja
999128887;0622200000007785;ja
999128887;0622200000028990;ja
999128899;0622200000015781;ja
999128905;0622200000015781;ja
999128917;0622200000015783;ja
999128929;0622200000015783;ja
999128930;0622200000015784;ja
999128942;0622200000015785;ja
999128954;0622200000029666;ja
999128966;0622200000019155;ja
999128978;0622200000029666;ja
999128991;0622200000019155;ja
999129016;0622200000036939;ja
999129028;0622200000019163;ja
999129053;0622200000007895;ja
999129065;0622200000007895;ja
999129077;0622200000029791;ja
999129089;0622200000029791;ja
999129090;0622200000046345;ja
999129107;0622200000046345;ja
999129119;0622200000015782;ja
999129120;0622200000015782;ja
999129132;0622200000006561;ja
999129132;0622200000029667;ja
999129132;0622200000043120;ja
999129132;0622200000043124;ja
999129132;0622200000043125;ja
999129144;0622200000010351;ja
999129156;0622200000010347;ja
999129168;0622200000010343;ja
999129181;0622200000010339;ja
999129193;0622200000010335;ja
999129211;0622200000010335;ja
999129223;0622200000010207;ja
999129235;0622200000010203;ja
999129260;0622200000010350;ja
999129272;0622200000010350;ja
999129284;0622200000010346;ja
999129296;0622200000010342;ja
999129302;0622200000010338;ja
999129314;0622200000010338;ja
999129326;0622200000010210;ja
999129338;0622200000010210;ja
999129351;0622200000010202;ja
999129363;0622200000010198;ja
999129375;0622200000010194;ja
999129375;0622200000042451;ja
999129387;0622200000010194;ja
999129387;0622200000042451;ja
999129582;0622200000010190;ja
999129594;0622200000010345;ja
999129600;0622200000010345;ja
999129612;0622200000010341;ja
999129624;0622200000010337;ja
999129636;0622200000010209;ja
999129648;0622200000010348;ja
999129661;0622200000010348;ja
999129673;0622200000010344;ja
999129685;0622200000010340;ja
999129697;0622200000010336;ja
999129703;0622200000010208;ja
999129715;0622200000010208;ja
999129727;0622200000010204;ja
999129727;0622200000014648;ja
999129739;0622200000010200;ja
999129740;0622200000010196;ja
999129752;0622200000010175;ja
999129764;0622200000010187;ja
999129776;0622200000010180;ja
999129806;0622200000010186;ja
999129831;0622200000010176;ja
999129843;0622200000010185;ja
999129855;0622200000010039;ja
999129867;0622200000010172;ja
999129879;0622200000010172;ja
999129880;0622200000010035;ja
999129892;0622200000010035;ja
999129909;0622200000010038;ja
999129910;0622200000010041;ja
999129922;0622200000010044;ja
999129934;0622200000010047;ja
999129946;0622200000010047;ja
999129958;0622200000010034;ja
999129971;0622200000010034;ja
999129983;0622200000010037;ja
999129995;0622200000010040;ja
999130006;0622200000010043;ja
999130018;0622200000010021;ja
999130031;0622200000010021;ja
999130043;0622200000010027;ja
999130055;0622200000010030;ja
999130080;0622200000010020;ja
999130092;0622200000010023;ja
999130109;0622200000010026;ja
999130110;0622200000010029;ja
999130122;0622200000010023;ja
999130134;0622200000010032;ja
999130146;0622200000010032;ja
999130158;0622200000010019;ja
999130158;0622200000040827;ja
999130171;0622200000010022;ja
999130183;0622200000027931;ja
999130195;0622200000028056;ja
999130201;0622200000027933;ja
999130213;0622200000027933;ja
999130225;0622200000028057;ja
999130237;0622200000027934;ja
999130249;0622200000027912;ja
999130250;0622200000027912;ja
999130262;0622200000028058;ja
999130274;0622200000027911;ja
999130286;0622200000027913;ja
999130298;0622200000025890;ja
999130298;0622200000025902;ja
999130304;0622200000027918;ja
999130316;0622200000027914;ja
999130328;0622200000027919;ja
999130341;0622200000025888;ja
999130341;0622200000025905;ja
999130353;0622200000025885;ja
999130353;0622200000029187;ja
999130365;0622200000025888;ja
999130365;0622200000025905;ja
999130377;0622200000025884;ja
999130377;0622200000025893;ja
999130389;0622200000025884;ja
999130389;0622200000025893;ja
999130390;0622200000025880;ja
999130390;0622200000025898;ja
999130407;0622200000025883;ja
999130407;0622200000039410;ja
999130419;0622200000025883;ja
999130419;0622200000039410;ja
999130420;0622200000025879;ja
999130420;0622200000025900;ja
999130432;0622200000025878;ja
999130432;0622200000025892;ja
999130444;0622200000025878;ja
999130444;0622200000025892;ja
999130456;0622200000025894;ja
999130468;0622200000025894;ja
999130481;0622200000025891;ja
999130481;0622200000040068;ja
999130493;0622200000010025;ja
999130511;0622200000025895;ja
999130523;0622200000025895;ja
999130535;0622200000025896;ja
999130547;0622200000025896;ja
999130559;0622200000014132;ja
999130559;0622200000025899;ja
999130559;0622200000040066;ja
999130560;0622200000025901;ja
999130560;0622200000025914;ja
999130572;0622200000025901;ja
999130572;0622200000025914;ja
999130584;0622200000025903;ja
999130596;0622200000025903;ja
999130602;0622200000025904;ja
999130614;0622200000025904;ja
999130626;0622200000025906;ja
999130638;0622200000025907;ja
999130638;0622200000025913;ja
999130651;0622200000025909;ja
999130663;0622200000025910;ja
999130675;0622200000025910;ja
999130687;0622200000025911;ja
999130699;0622200000025912;ja
999130705;0622200000039041;ja
999130705;0622200000040067;ja
999130717;0622200000021515;ja
999130730;0622200000027759;ja
999130742;0622200000027759;ja
999130754;0622200000027760;ja
999130766;0622200000027760;ja
999130778;0622200000010205;ja
999130791;0622200000010201;ja
999130808;0622200000010193;ja
999130821;0622200000010189;ja
999130833;0622200000027761;ja
999130845;0622200000027762;ja
999130857;0622200000027079;ja
999130857;0622200000027765;ja
999130869;0622200000027766;ja
999130870;0622200000027764;ja
999130882;0622200000027767;ja
999130894;0622200000027769;ja
999130900;0622200000027770;ja
999130912;0622200000027770;ja
999130924;0622200000027771;ja
999130936;0622200000027772;ja
999130948;0622200000027772;ja
999130961;0622200000027897;ja
999130973;0622200000027896;ja
999130985;0622200000027898;ja
999130997;0622200000039683;ja
999131011;0622200000006806;ja
999131023;0622200000006807;ja
999131035;0622200000006808;ja
999131047;0622200000006809;ja
999131047;0622200000016252;ja
999131047;0622200000037514;ja
999131059;0622200000006809;ja
999131059;0622200000016252;ja
999131059;0622200000037514;ja
999131060;0622200000006810;ja
999131072;0622200000006811;ja
999131084;0622200000006812;ja
999131096;0622200000006814;ja
999131096;0622200000043123;ja
999131102;0622200000006815;ja
999131114;0622200000006816;ja
999131126;0622200000006819;ja
999131138;0622200000006817;ja
999131151;0622200000006818;ja
999131163;0622200000006818;ja
999131175;0622200000006820;ja
999131187;0622200000006829;ja
999131199;0622200000006821;ja
999131205;0622200000006822;ja
999131217;0622200000006822;ja
999131229;0622200000006823;ja
999131230;0622200000006825;ja
999131242;0622200000006826;ja
999131254;0622200000006830;ja
999131266;0622200000006831;ja
999131266;0622200000024500;ja
999131266;0622200000024507;ja
999131278;0622200000006831;ja
999131278;0622200000024500;ja
999131278;0622200000024507;ja
999131291;0622200000006832;ja
999131308;0622200000006833;ja
999131321;0622200000006834;ja
999131333;0622200000006835;ja
999131345;0622200000006834;ja
999131357;0622200000006836;ja
999131369;0622200000006559;ja
999131369;0622200000006560;ja
999131369;0622200000006562;ja
999131369;0622200000006838;ja
999131369;0622200000043119;ja
999131369;0622200000043126;ja
999131369;0622200000043127;ja
999131370;0622200000006839;ja
999131382;0622200000006836;ja
999131394;0622200000006837;ja
999131400;0622200000025908;ja
999131400;0622200000038626;ja
999131412;0622200000025908;ja
999131412;0622200000038626;ja
999131424;0622200000025880;ja
999131424;0622200000025898;ja
999131436;0622200000006531;ja
999131448;0622200000006533;ja
999131461;0622200000006532;ja
999131473;0622200000006532;ja
999131485;0622200000006535;ja
999131497;0622200000006538;ja
999131503;0622200000006539;ja
999131515;0622200000006540;ja
999131527;0622200000006541;ja
999131539;0622200000006541;ja
999131540;0622200000006543;ja
999131552;0622200000006544;ja
999131552;0622200000016902;ja
999131564;0622200000006547;ja
999131576;0622200000006548;ja
999131588;0622200000036552;ja
999131606;0622200000036552;ja
999131606;0622200000043121;ja
999131618;0622200000028575;ja
999131618;0622200000043122;ja
999131631;0622200000006564;ja
999131631;0622200000043128;ja
999131643;0622200000006563;ja
999131655;0622200000042486;ja
999131667;0622200000042486;ja
999131679;0622200000040824;ja
999131680;0622200000040824;ja
999131692;0622200000040825;ja
999131709;0622200000010028;ja
999131710;0622200000010031;ja
999131722;0622200000013420;ja
999131722;0622200000039650;ja
999131734;0622200000017516;ja
999131746;0622200000010185;ja
999131758;0622200000006545;ja
999131771;0622200000040825;ja
999131783;0622200000040826;ja
999131795;0622200000040828;ja
999131801;0622200000040830;ja
999131813;0622200000040831;ja
999131825;0622200000040833;ja
999131825;0622200000042421;ja
999131837;0622200000040832;ja
999131849;0622200000040832;ja
999131850;0622200000027917;ja
999131862;0622200000027913;ja
999131874;0622200000040833;ja
999131874;0622200000042421;ja
999131886;0622200000040834;ja
999131898;0622200000040835;ja
999131904;0622200000040838;ja
999131916;0622200000040839;ja
999131928;0622200000040840;ja
999131941;0622200000006827;ja
999131953;0622200000006546;ja
999131965;0622200000040840;ja
999131977;0622200000040841;ja
999132003;0622200000040843;ja
999132118;0622200000040903;ja
999132118;0622200000047650;ja
999132143;0622200000040907;ja
999132155;0622200000040908;ja
999132167;0622200000040909;ja
999132179;0622200000005470;ja
999132179;0622200000012003;ja
999132179;0622200000015139;ja
999132179;0622200000015140;ja
999132179;0622200000017055;ja
999132192;0622200000017060;ja
999132209;0622200000017065;ja
999132210;0622200000014628;ja
999132210;0622200000044958;ja
999132222;0622200000014628;ja
999132222;0622200000044958;ja
999132234;0622200000014628;ja
999132234;0622200000044958;ja
999132246;0622200000014628;ja
999132246;0622200000044958;ja
999132258;0622200000017046;ja
999132271;0622200000017047;ja
999132283;0622200000017048;ja
999132295;0622200000017051;ja
999132301;0622200000017052;ja
999132313;0622200000017053;ja
999132325;0622200000017057;ja
999132337;0622200000017048;ja
999132349;0622200000017056;ja
999132350;0622200000017052;ja
999132362;0622200000038578;ja
999132374;0622200000017058;ja
999132374;0622200000032754;ja
999132374;0622200000038578;ja
999132386;0622200000017059;ja
999132398;0622200000017059;ja
999132404;0622200000017061;ja
999132416;0622200000017062;ja
999132428;0622200000017064;ja
999132441;0622200000017066;ja
999132453;0622200000017068;ja
999132465;0622200000017068;ja
999132477;0622200000017064;ja
999132489;0622200000017069;ja
999132490;0622200000017071;ja
999132507;0622200000017071;ja
999132519;0622200000017072;ja
999132520;0622200000014630;ja
999132532;0622200000014632;ja
999132544;0622200000014633;ja
999132556;0622200000032457;ja
999132556;0622200000040844;ja
999132568;0622200000040845;ja
999132581;0622200000014634;ja
999132593;0622200000014634;ja
999132611;0622200000014635;ja
999132623;0622200000014638;ja
999132623;0622200000045761;ja
999132623;0622200000045767;ja
999132635;0622200000014640;ja
999132647;0622200000014640;ja
999132659;0622200000014641;ja
999132660;0622200000014642;ja
999132672;0622200000014643;ja
999132684;0622200000026936;ja
999132696;0622200000014639;ja
999132702;0622200000025219;ja
999132702;0622200000026946;ja
999132714;0622200000026951;ja
999132714;0622200000026956;ja
999132714;0622200000047735;ja
999132714;0622200000047736;ja
999132726;0622200000026966;ja
999132738;0622200000016203;ja
999132751;0622200000016203;ja
999132763;0622200000016197;ja
999132775;0622200000016204;ja
999132787;0622200000014088;ja
999132799;0622200000014095;ja
999132805;0622200000014646;ja
999132817;0622200000014647;ja
999132829;0622200000016204;ja
999132830;0622200000019015;ja
999132842;0622200000016198;ja
999132854;0622200000019016;ja
999132866;0622200000019017;ja
999132878;0622200000019017;ja
999132891;0622200000014647;ja
999132908;0622200000019019;ja
999132921;0622200000019020;ja
999132933;0622200000019021;ja
999132945;0622200000014089;ja
999132957;0622200000014096;ja
999132969;0622200000014090;ja
999132970;0622200000014097;ja
999132982;0622200000016198;ja
999132994;0622200000016205;ja
999133007;0622200000013433;ja
999133007;0622200000019022;ja
999133019;0622200000013433;ja
999133019;0622200000019022;ja
999133032;0622200000014093;ja
999133044;0622200000019146;ja
999133056;0622200000019147;ja
999133068;0622200000014093;ja
999133081;0622200000019148;ja
999133093;0622200000014649;ja
999133111;0622200000019152;ja
999133123;0622200000014092;ja
999133123;0622200000045108;ja
999133135;0622200000019153;ja
999133159;0622200000019156;ja
999133172;0622200000019157;ja
999133184;0622200000019158;ja
999133196;0622200000019160;ja
999133202;0622200000019160;ja
999133214;0622200000019161;ja
999133226;0622200000019161;ja
999133238;0622200000019164;ja
999133251;0622200000019165;ja
999133263;0622200000019162;ja
999133275;0622200000013437;ja
999133275;0622200000019167;ja
999133287;0622200000040904;ja
999133299;0622200000013437;ja
999133299;0622200000019167;ja
999133305;0622200000019168;ja
999133317;0622200000019168;ja
999133329;0622200000019169;ja
999133330;0622200000019170;ja
999133342;0622200000019171;ja
999133354;0622200000019172;ja
999133366;0622200000019173;ja
999133378;0622200000019174;ja
999133391;0622200000019175;ja
999133408;0622200000019176;ja
999133421;0622200000019177;ja
999133433;0622200000019177;ja
999133445;0622200000019178;ja
999133457;0622200000019180;ja
999133469;0622200000019180;ja
999133470;0622200000019182;ja
999133482;0622200000019183;ja
999133494;0622200000019183;ja
999133494;0622200000040791;ja
999133500;0622200000019184;ja
999133512;0622200000019185;ja
999133524;0622200000019185;ja
999133536;0622200000019186;ja
999133548;0622200000019187;ja
999133561;0622200000019309;ja
999133573;0622200000013439;ja
999133585;0622200000017024;ja
999133597;0622200000017028;ja
999133603;0622200000017032;ja
999133615;0622200000014587;ja
999133627;0622200000017025;ja
999133639;0622200000017029;ja
999133640;0622200000017033;ja
999133652;0622200000040910;ja
999133664;0622200000014588;ja
999133706;0622200000017030;ja
999133718;0622200000014590;ja
999133731;0622200000002655;ja
999133731;0622200000002657;ja
999133743;0622200000002659;ja
999133767;0622200000014591;ja
999133779;0622200000014595;ja
999133780;0622200000014603;ja
999133792;0622200000014592;ja
999133809;0622200000014592;ja
999133810;0622200000014600;ja
999133822;0622200000014593;ja
999133834;0622200000014597;ja
999133846;0622200000040845;ja
999133858;0622200000017027;ja
999133871;0622200000014601;ja
999133883;0622200000014601;ja
999133895;0622200000014605;ja
999133901;0622200000016205;ja
999133925;0622200000014598;ja
999133937;0622200000027092;ja
999133937;0622200000034828;ja
999133949;0622200000014606;ja
999133950;0622200000016196;ja
999133962;0622200000002673;ja
999133974;0622200000002677;ja
999133974;0622200000042395;ja
999133986;0622200000042395;ja
999133998;0622200000018275;ja
999133998;0622200000036056;ja
999133998;0622200000043106;ja
999134000;0622200000018275;ja
999134000;0622200000036056;ja
999134000;0622200000043106;ja
999134012;0622200000042633;ja
999134012;0622200000043105;ja
999134024;0622200000042633;ja
999134024;0622200000043105;ja
999134036;0622200000030695;ja
999134036;0622200000043102;ja
999134048;0622200000043100;ja
999134061;0622200000043097;ja
999134073;0622200000037859;ja
999134073;0622200000043099;ja
999134085;0622200000030562;ja
999134097;0622200000030563;ja
999134103;0622200000016199;ja
999134115;0622200000016206;ja
999134127;0622200000030564;ja
999134139;0622200000030565;ja
999134140;0622200000030566;ja
999134152;0622200000030566;ja
999134164;0622200000030567;ja
999134176;0622200000030568;ja
999134188;0622200000030569;ja
999134206;0622200000030693;ja
999134218;0622200000030700;ja
999134231;0622200000030700;ja
999134243;0622200000030706;ja
999134255;0622200000030707;ja
999134267;0622200000030708;ja
999134279;0622200000030710;ja
999134280;0622200000030711;ja
999134292;0622200000030712;ja
999134309;0622200000030714;ja
999134310;0622200000030717;ja
999134334;0622200000030702;ja
999134346;0622200000030725;ja
999134358;0622200000030729;ja
999134371;0622200000030729;ja
999134383;0622200000030731;ja
999134395;0622200000030733;ja
999134401;0622200000030734;ja
999134413;0622200000030859;ja
999134437;0622200000030714;ja
999134462;0622200000029136;ja
999134474;0622200000030718;ja
999134486;0622200000009527;ja
999134486;0622200000011242;ja
999134498;0622200000013743;ja
999134504;0622200000014822;ja
999134528;0622200000030693;ja
999134541;0622200000030708;ja
999134553;0622200000027902;ja
999134565;0622200000027907;ja
999134577;0622200000027908;ja
999134589;0622200000027908;ja
999134607;0622200000030726;ja
999134619;0622200000014973;ja
999134620;0622200000030703;ja
999134632;0622200000018201;ja
999134644;0622200000030694;ja
999134656;0622200000009596;ja
999134668;0622200000015975;ja
999134681;0622200000009594;ja
999134693;0622200000027907;ja
999134711;0622200000009594;ja
999134723;0622200000015973;ja
999134735;0622200000015973;ja
999134747;0622200000030723;ja
999134759;0622200000009586;ja
999134760;0622200000009586;ja
999134772;0622200000013763;ja
999134784;0622200000002971;ja
999134796;0622200000009580;ja
999134802;0622200000009578;ja
999134814;0622200000037219;ja
999134838;0622200000030732;ja
999134851;0622200000037220;ja
999134863;0622200000015974;ja
999134875;0622200000030698;ja
999134887;0622200000030696;ja
999134899;0622200000030715;ja
999134905;0622200000030716;ja
999134917;0622200000009590;ja
999134929;0622200000030719;ja
999134930;0622200000037222;ja
999134942;0622200000037224;ja
999134954;0622200000027909;ja
999134966;0622200000018200;ja
999134978;0622200000008377;ja
999134978;0622200000030735;ja
999134991;0622200000037222;ja
999135004;0622200000017425;ja
999135016;0622200000030697;ja
999135028;0622200000037225;ja
999135041;0622200000037223;ja
999135053;0622200000037225;ja
999135065;0622200000030568;ja
999135077;0622200000037226;ja
999135089;0622200000013763;ja
999135090;0622200000009578;ja
999135107;0622200000018200;ja
999135119;0622200000030725;ja
999135120;0622200000018199;ja
999135132;0622200000030726;ja
999135144;0622200000037227;ja
999135156;0622200000030709;ja
999135168;0622200000037227;ja
999135193;0622200000037220;ja
999135211;0622200000037228;ja
999135223;0622200000009584;ja
999135247;0622200000015975;ja
999135259;0622200000030727;ja
999135260;0622200000017425;ja
999135272;0622200000015972;ja
999135284;0622200000037349;ja
999135296;0622200000037349;ja
999135302;0622200000037350;ja
999135314;0622200000037229;ja
999135326;0622200000037229;ja
999135338;0622200000009584;ja
999135351;0622200000037350;ja
999135363;0622200000037351;ja
999135375;0622200000037351;ja
999135387;0622200000037221;ja
999135399;0622200000019148;ja
999135405;0622200000037352;ja
999135417;0622200000019149;ja
999135429;0622200000014092;ja
999135429;0622200000045108;ja
999135430;0622200000037352;ja
999135442;0622200000037353;ja
999135454;0622200000019150;ja
999135466;0622200000037353;ja
999135478;0622200000016207;ja
999135491;0622200000019015;ja
999135508;0622200000037219;ja
999135521;0622200000019150;ja
999135533;0622200000019151;ja
999135557;0622200000016200;ja
999135569;0622200000019151;ja
999135570;0622200000037354;ja
999135582;0622200000014094;ja
999135582;0622200000014098;ja
999135594;0622200000037354;ja
999135600;0622200000037355;ja
999135612;0622200000037355;ja
999135624;0622200000037356;ja
999135636;0622200000037357;ja
999135648;0622200000030720;ja
999135661;0622200000037357;ja
999135673;0622200000037358;ja
999135685;0622200000037359;ja
999135697;0622200000037360;ja
999135703;0622200000037360;ja
999135715;0622200000037361;ja
999135727;0622200000037361;ja
999135739;0622200000037362;ja
999135740;0622200000037362;ja
999135752;0622200000037363;ja
999135764;0622200000010352;ja
999135776;0622200000010352;ja
999135788;0622200000035278;ja
999135806;0622200000035278;ja
999135818;0622200000018199;ja
999135831;0622200000035281;ja
999135843;0622200000037230;ja
999135855;0622200000035281;ja
999135867;0622200000035282;ja
999135879;0622200000035282;ja
999135880;0622200000009582;ja
999135892;0622200000035283;ja
999135909;0622200000035283;ja
999135910;0622200000035284;ja
999135922;0622200000035284;ja
999135946;0622200000035286;ja
999135958;0622200000035280;ja
999135971;0622200000030709;ja
999135983;0622200000030705;ja
999135995;0622200000009582;ja
999136008;0622200000035288;ja
999136033;0622200000035279;ja
999136045;0622200000035288;ja
999136057;0622200000009590;ja
999136069;0622200000009588;ja
999136070;0622200000035292;ja
999136082;0622200000035293;ja
999136094;0622200000035291;ja
999136100;0622200000035293;ja
999136112;0622200000037359;ja
999136124;0622200000035290;ja
999136136;0622200000037221;ja
999136148;0622200000030727;ja
999136161;0622200000035585;ja
999136173;0622200000035586;ja
999136185;0622200000035586;ja
999136197;0622200000037358;ja
999136203;0622200000037226;ja
999136215;0622200000037356;ja
999136227;0622200000035587;ja
999136239;0622200000015974;ja
999136240;0622200000009580;ja
999136252;0622200000035588;ja
999136264;0622200000035588;ja
999136276;0622200000035290;ja
999136288;0622200000009592;ja
999136306;0622200000037230;ja
999136318;0622200000030721;ja
999136331;0622200000035286;ja
999136343;0622200000035285;ja
999136355;0622200000035584;ja
999136367;0622200000035292;ja
999136379;0622200000037363;ja
999136380;0622200000035589;ja
999136392;0622200000035279;ja
999136409;0622200000035589;ja
999136410;0622200000035585;ja
999136422;0622200000035590;ja
999136446;0622200000035591;ja
999136458;0622200000035591;ja
999136471;0622200000035592;ja
999136501;0622200000035593;ja
999136513;0622200000035594;ja
999136513;0622200000040649;ja
999136525;0622200000035594;ja
999136525;0622200000040649;ja
999136537;0622200000035595;ja
999136549;0622200000035595;ja
999136550;0622200000035596;ja
999136562;0622200000035596;ja
999136586;0622200000035597;ja
999136604;0622200000035600;ja
999136616;0622200000035600;ja
999136628;0622200000035601;ja
999136641;0622200000035597;ja
999136653;0622200000038923;ja
999136665;0622200000035270;ja
999136689;0622200000028650;ja
999136690;0622200000028651;ja
999136707;0622200000028650;ja
999136719;0622200000028651;ja
999136811;0622200000035591;ja
999136823;0622200000038914;ja
999136859;0622200000028656;ja
999136860;0622200000028656;ja
999136872;0622200000028657;ja
999136896;0622200000038913;ja
999136902;0622200000028658;ja
999136914;0622200000028658;ja
999136926;0622200000038915;ja
999136938;0622200000028659;ja
999136951;0622200000028659;ja
999136963;0622200000038916;ja
999136975;0622200000038916;ja
999136987;0622200000038917;ja
999136999;0622200000038917;ja
999137001;0622200000038918;ja
999137013;0622200000038918;ja
999137025;0622200000038919;ja
999137037;0622200000038919;ja
999137049;0622200000038920;ja
999137050;0622200000038920;ja
999137062;0622200000028660;ja
999137074;0622200000028660;ja
999137086;0622200000028661;ja
999137098;0622200000028661;ja
999137104;0622200000028662;ja
999137116;0622200000028663;ja
999137128;0622200000028663;ja
999137141;0622200000028664;ja
999137153;0622200000028664;ja
999137165;0622200000028665;ja
999137177;0622200000038921;ja
999137189;0622200000038921;ja
999137190;0622200000038922;ja
999137207;0622200000038922;ja
999137219;0622200000010353;ja
999137220;0622200000010353;ja
999137232;0622200000035271;ja
999137244;0622200000035271;ja
999137256;0622200000010354;ja
999137268;0622200000010354;ja
999137281;0622200000035294;ja
999137293;0622200000035294;ja
999137311;0622200000035295;ja
999137323;0622200000035295;ja
999137335;0622200000035296;ja
999137347;0622200000035296;ja
999137359;0622200000035297;ja
999137360;0622200000035297;ja
999137372;0622200000035298;ja
999137384;0622200000035299;ja
999137396;0622200000035300;ja
999137402;0622200000035300;ja
999137414;0622200000035426;ja
999137426;0622200000035425;ja
999137438;0622200000035425;ja
999137451;0622200000035424;ja
999137451;0622200000048663;ja
999137463;0622200000035303;ja
999137475;0622200000017031;ja
999137487;0622200000017031;ja
999137499;0622200000035303;ja
999137505;0622200000035302;ja
999137517;0622200000035301;ja
999137529;0622200000035301;ja
999137530;0622200000035447;ja
999137542;0622200000035447;ja
999137554;0622200000035448;ja
999137566;0622200000035448;ja
999137578;0622200000035449;ja
999137591;0622200000035449;ja
999137608;0622200000035450;ja
999137621;0622200000017073;ja
999137633;0622200000014627;ja
999137645;0622200000014629;ja
999137657;0622200000019178;ja
999137669;0622200000043100;ja
999137670;0622200000035584;ja
999137682;0622200000017046;ja
999137694;0622200000030563;ja
999137700;0622200000035451;ja
999137712;0622200000035452;ja
999137724;0622200000037224;ja
999137736;0622200000035452;ja
999137748;0622200000035453;ja
999137761;0622200000014599;ja
999137761;0622200000033367;ja
999137773;0622200000035453;ja
999137785;0622200000035454;ja
999137797;0622200000035454;ja
999137803;0622200000035455;ja
999137815;0622200000035456;ja
999137827;0622200000035457;ja
999137839;0622200000035451;ja
999137840;0622200000035458;ja
999137852;0622200000035458;ja
999137864;0622200000035459;ja
999137876;0622200000035460;ja
999137888;0622200000035461;ja
999137906;0622200000035462;ja
999137918;0622200000035462;ja
999137931;0622200000035463;ja
999137943;0622200000035463;ja
999137955;0622200000035459;ja
999137967;0622200000039155;ja
999137979;0622200000035464;ja
999137980;0622200000035464;ja
999137992;0622200000035460;ja
999138005;0622200000039155;ja
999138017;0622200000015083;ja
999138017;0622200000042243;ja
999138029;0622200000039189;ja
999138030;0622200000039191;ja
999138042;0622200000039190;ja
999138054;0622200000039190;ja
999138066;0622200000039192;ja
999138078;0622200000039192;ja
999138091;0622200000039193;ja
999138108;0622200000039193;ja
999138121;0622200000039194;ja
999138133;0622200000039195;ja
999138145;0622200000039195;ja
999138157;0622200000039194;ja
999138169;0622200000039191;ja
999138170;0622200000035455;ja
999138182;0622200000039196;ja
999138194;0622200000039197;ja
999138200;0622200000039197;ja
999138212;0622200000039801;ja
999138224;0622200000014121;ja
999138236;0622200000014119;ja
999138248;0622200000014123;ja
999138261;0622200000014125;ja
999138273;0622200000014129;ja
999138285;0622200000014127;ja
999138297;0622200000014127;ja
999138303;0622200000014131;ja
999138315;0622200000014131;ja
999138327;0622200000014133;ja
999138339;0622200000008041;ja
999138340;0622200000008041;ja
999138352;0622200000038850;ja
999138364;0622200000038868;ja
999138376;0622200000038868;ja
999138388;0622200000038867;ja
999138406;0622200000038867;ja
999138418;0622200000038866;ja
999138431;0622200000038866;ja
999138443;0622200000038865;ja
999138455;0622200000038865;ja
999138467;0622200000038864;ja
999138479;0622200000038864;ja
999138480;0622200000038863;ja
999138856;0622200000035601;ja
999138868;0622200000030707;ja
999138881;0622200000040907;ja
999138893;0622200000008043;ja
999138911;0622200000030858;ja
999138923;0622200000008044;ja
999138935;0622200000008045;ja
999138959;0622200000008211;ja
999138960;0622200000008211;ja
999138972;0622200000008212;ja
999138984;0622200000008212;ja
999138996;0622200000008213;ja
999139009;0622200000008214;ja
999139010;0622200000033000;ja
999139022;0622200000018514;ja
999139034;0622200000018514;ja
999139046;0622200000039180;ja
999139058;0622200000039180;ja
999139071;0622200000039181;ja
999139083;0622200000039182;ja
999139095;0622200000039184;ja
999139101;0622200000039184;ja
999139113;0622200000039183;ja
999139125;0622200000039183;ja
999139137;0622200000039185;ja
999139149;0622200000039185;ja
999139150;0622200000039186;ja
999139162;0622200000039186;ja
999139174;0622200000039188;ja
999139186;0622200000039188;ja
999139198;0622200000039187;ja
999139204;0622200000039187;ja
999139216;0622200000039546;ja
999139228;0622200000038344;ja
999139241;0622200000038344;ja
999139253;0622200000039176;ja
999139265;0622200000039043;ja
999139277;0622200000039176;ja
999139289;0622200000039042;ja
999139290;0622200000038923;ja
999139307;0622200000039177;ja
999139319;0622200000039179;ja
999139320;0622200000014133;ja
999139332;0622200000040904;ja
999139344;0622200000040905;ja
999139356;0622200000039196;ja
999139368;0622200000039179;ja
999139381;0622200000039178;ja
999139393;0622200000039178;ja
999139411;0622200000039545;ja
999139423;0622200000039545;ja
999139435;0622200000032989;ja
999139447;0622200000032990;ja
999139459;0622200000013898;ja
999139460;0622200000013898;ja
999139472;0622200000013900;ja
999139484;0622200000013900;ja
999139496;0622200000013902;ja
999139502;0622200000013902;ja
999139514;0622200000013904;ja
999139526;0622200000013908;ja
999139538;0622200000013909;ja
999139551;0622200000013910;ja
999139563;0622200000013910;ja
999139575;0622200000013911;ja
999139587;0622200000013911;ja
999139599;0622200000013912;ja
999139605;0622200000013912;ja
999139617;0622200000013914;ja
999139629;0622200000013918;ja
999139630;0622200000013916;ja
999139642;0622200000013918;ja
999139654;0622200000013920;ja
999139666;0622200000013920;ja
999139678;0622200000013922;ja
999139691;0622200000013924;ja
999139708;0622200000013922;ja
999139721;0622200000013924;ja
999139733;0622200000013926;ja
999139745;0622200000013926;ja
999139757;0622200000013928;ja
999139769;0622200000013928;ja
999139770;0622200000013930;ja
999139782;0622200000013930;ja
999139794;0622200000013932;ja
999139800;0622200000013932;ja
999139812;0622200000013934;ja
999139824;0622200000013934;ja
999139836;0622200000013936;ja
999139848;0622200000017028;ja
999139861;0622200000013936;ja
999139873;0622200000013938;ja
999139885;0622200000013938;ja
999139897;0622200000014062;ja
999139903;0622200000013940;ja
999139915;0622200000013940;ja
999139927;0622200000014062;ja
999139939;0622200000014064;ja
999139940;0622200000014068;ja
999139952;0622200000014064;ja
999139964;0622200000014066;ja
999139976;0622200000014066;ja
999139988;0622200000014068;ja
999140012;0622200000014070;ja
999140024;0622200000039215;ja
999140048;0622200000040182;ja
999140061;0622200000040164;ja
999140073;0622200000040164;ja
999140097;0622200000040163;ja
999140103;0622200000040162;ja
999140115;0622200000040162;ja
999140127;0622200000040161;ja
999140139;0622200000040161;ja
999140140;0622200000040160;ja
999140152;0622200000040159;ja
999140164;0622200000040159;ja
999140176;0622200000040158;ja
999140188;0622200000040158;ja
999140206;0622200000040037;ja
999140218;0622200000040037;ja
999140231;0622200000040036;ja
999140243;0622200000040036;ja
999140255;0622200000040035;ja
999140267;0622200000040035;ja
999140280;0622200000040034;ja
999140292;0622200000040033;ja
999140309;0622200000040033;ja
999140310;0622200000021521;ja
999140322;0622200000021519;ja
999140334;0622200000021519;ja
999140346;0622200000021517;ja
999140358;0622200000021513;ja
999140371;0622200000040170;ja
999140383;0622200000021513;ja
999140395;0622200000040169;ja
999140401;0622200000040169;ja
999140413;0622200000040168;ja
999140425;0622200000040168;ja
999140437;0622200000040167;ja
999140449;0622200000039542;ja
999140450;0622200000039542;ja
999140462;0622200000039358;ja
999140474;0622200000039357;ja
999140486;0622200000039357;ja
999140498;0622200000039356;ja
999140504;0622200000039356;ja
999140516;0622200000037825;ja
999140528;0622200000037825;ja
999140541;0622200000037824;ja
999140553;0622200000037824;ja
999140565;0622200000037823;ja
999140577;0622200000037823;ja
999140589;0622200000037822;ja
999140590;0622200000037821;ja
999140607;0622200000037821;ja
999140619;0622200000037820;ja
999140644;0622200000037819;ja
999140656;0622200000037818;ja
999140668;0622200000037818;ja
999140681;0622200000037817;ja
999140693;0622200000037817;ja
999140711;0622200000037816;ja
999140723;0622200000037816;ja
999140735;0622200000037815;ja
999140747;0622200000037815;ja
999140759;0622200000037814;ja
999140760;0622200000037813;ja
999140772;0622200000037813;ja
999140966;0622200000037812;ja
999140978;0622200000037812;ja
999141004;0622200000037811;ja
999141053;0622200000037810;ja
999141065;0622200000037810;ja
999141077;0622200000037809;ja
999141089;0622200000037809;ja
999141090;0622200000029310;ja
999141107;0622200000029310;ja
999141120;0622200000032988;ja
999141132;0622200000032987;ja
999141144;0622200000032991;ja
999141156;0622200000045315;ja
999141168;0622200000045315;ja
999141181;0622200000033011;ja
999141193;0622200000033011;ja
999141211;0622200000038023;ja
999141223;0622200000038024;ja
999141235;0622200000038024;ja
999141259;0622200000038025;ja
999141272;0622200000038027;ja
999141284;0622200000038026;ja
999141296;0622200000038028;ja
999141302;0622200000038028;ja
999141314;0622200000038029;ja
999141326;0622200000038031;ja
999141338;0622200000038031;ja
999141351;0622200000038030;ja
999141363;0622200000038030;ja
999141375;0622200000038032;ja
999141387;0622200000038032;ja
999141399;0622200000038033;ja
999141405;0622200000038034;ja
999141417;0622200000038034;ja
999141429;0622200000038035;ja
999141430;0622200000038035;ja
999141442;0622200000038037;ja
999141454;0622200000038036;ja
999141466;0622200000038038;ja
999141478;0622200000038038;ja
999141491;0622200000038039;ja
999141533;0622200000038042;ja
999141545;0622200000038042;ja
999141557;0622200000038022;ja
999141569;0622200000038022;ja
999141570;0622200000038021;ja
999141582;0622200000038021;ja
999141594;0622200000038020;ja
999141600;0622200000038019;ja
999141612;0622200000038018;ja
999141624;0622200000038018;ja
999141636;0622200000038017;ja
999141648;0622200000038017;ja
999141661;0622200000038016;ja
999141673;0622200000038016;ja
999141685;0622200000039212;ja
999141697;0622200000039212;ja
999141703;0622200000039211;ja
999141715;0622200000039211;ja
999141727;0622200000039210;ja
999141739;0622200000039210;ja
999141740;0622200000039209;ja
999141752;0622200000039209;ja
999141764;0622200000039208;ja
999141776;0622200000039208;ja
999141788;0622200000039207;ja
999141806;0622200000039207;ja
999141818;0622200000039206;ja
999141831;0622200000039205;ja
999141843;0622200000039205;ja
999141855;0622200000039204;ja
999141867;0622200000039204;ja
999141879;0622200000039203;ja
999141880;0622200000039202;ja
999141892;0622200000039202;ja
999141909;0622200000039201;ja
999141910;0622200000039201;ja
999141922;0622200000039200;ja
999141934;0622200000039200;ja
999141946;0622200000021523;ja
999141958;0622200000021522;ja
999141971;0622200000021520;ja
999141983;0622200000021520;ja
999141995;0622200000021518;ja
999142008;0622200000021518;ja
999142021;0622200000021516;ja
999142033;0622200000021516;ja
999142045;0622200000021514;ja
999142057;0622200000021514;ja
999142069;0622200000021512;ja
999142070;0622200000021512;ja
999142082;0622200000021511;ja
999142094;0622200000021511;ja
999142100;0622200000021510;ja
999142112;0622200000021510;ja
999142124;0622200000021509;ja
999142136;0622200000021509;ja
999142148;0622200000021508;ja
999142161;0622200000021508;ja
999142173;0622200000014072;ja
999142185;0622200000039199;ja
999142197;0622200000039199;ja
999142203;0622200000040166;ja
999142215;0622200000040165;ja
999142227;0622200000040165;ja
999142239;0622200000032993;ja
999142240;0622200000037701;ja
999142252;0622200000037700;ja
999142264;0622200000037700;ja
999142276;0622200000037699;ja
999142288;0622200000037699;ja
999142306;0622200000037698;ja
999142318;0622200000037698;ja
999142331;0622200000039400;ja
999142343;0622200000039400;ja
999142355;0622200000039401;ja
999142367;0622200000039401;ja
999142379;0622200000039402;ja
999142380;0622200000039404;ja
999142392;0622200000039404;ja
999142409;0622200000039403;ja
999142410;0622200000039403;ja
999142422;0622200000039405;ja
999142434;0622200000039405;ja
999142446;0622200000039407;ja
999142458;0622200000039406;ja
999142471;0622200000039406;ja
999142483;0622200000039408;ja
999142495;0622200000039409;ja
999142501;0622200000039411;ja
999142513;0622200000039413;ja
999142525;0622200000039413;ja
999142537;0622200000039412;ja
999142549;0622200000039412;ja
999142550;0622200000039414;ja
999142562;0622200000039416;ja
999142574;0622200000039416;ja
999142586;0622200000039415;ja
999142598;0622200000003670;ja
999142598;0622200000039417;ja
999142604;0622200000003670;ja
999142604;0622200000039417;ja
999142616;0622200000032996;ja
999142628;0622200000032995;ja
999142641;0622200000038357;ja
999142653;0622200000038358;ja
999142665;0622200000038358;ja
999142677;0622200000038359;ja
999142689;0622200000038359;ja
999142690;0622200000038360;ja
999142707;0622200000038360;ja
999142719;0622200000038361;ja
999142720;0622200000038361;ja
999142732;0622200000037871;ja
999142744;0622200000037871;ja
999142756;0622200000037870;ja
999142768;0622200000037870;ja
999142781;0622200000037869;ja
999142793;0622200000008216;ja
999142793;0622200000008218;ja
999142793;0622200000037868;ja
999142811;0622200000037868;ja
999142823;0622200000037867;ja
999142835;0622200000037867;ja
999142847;0622200000037866;ja
999142859;0622200000037866;ja
999142860;0622200000037865;ja
999142872;0622200000037865;ja
999142884;0622200000037864;ja
999142896;0622200000037864;ja
999142902;0622200000037863;ja
999142914;0622200000037863;ja
999142926;0622200000037862;ja
999142938;0622200000037862;ja
999142951;0622200000037861;ja
999142963;0622200000037861;ja
999142975;0622200000037860;ja
999142987;0622200000037860;ja
999142999;0622200000037859;ja
999143001;0622200000037858;ja
999143013;0622200000037858;ja
999143025;0622200000037857;ja
999143037;0622200000037857;ja
999143049;0622200000037856;ja
999143050;0622200000037856;ja
999143062;0622200000037855;ja
999143062;0622200000048967;ja
999143074;0622200000037855;ja
999143074;0622200000048967;ja
999143086;0622200000037854;ja
999143098;0622200000040115;ja
999143104;0622200000040115;ja
999143116;0622200000029665;ja
999143128;0622200000029665;ja
999143141;0622200000038356;ja
999143153;0622200000038356;ja
999143165;0622200000038355;ja
999143177;0622200000038355;ja
999143189;0622200000038354;ja
999143190;0622200000038354;ja
999143207;0622200000038353;ja
999143219;0622200000038352;ja
999143220;0622200000038363;ja
999143232;0622200000038363;ja
999143244;0622200000038365;ja
999143256;0622200000038365;ja
999143268;0622200000038367;ja
999143281;0622200000038367;ja
999143293;0622200000038369;ja
999143311;0622200000038369;ja
999143323;0622200000038371;ja
999143335;0622200000038371;ja
999143347;0622200000038373;ja
999143359;0622200000038373;ja
999143360;0622200000038375;ja
999143372;0622200000038377;ja
999143384;0622200000038377;ja
999143396;0622200000038376;ja
999143402;0622200000038376;ja
999143414;0622200000038374;ja
999143451;0622200000038372;ja
999143554;0622200000037692;ja
999143578;0622200000038218;ja
999143591;0622200000038217;ja
999143608;0622200000037697;ja
999143621;0622200000006024;ja
999143621;0622200000037697;ja
999143645;0622200000037696;ja
999143657;0622200000037695;ja
999143669;0622200000037695;ja
999143670;0622200000037694;ja
999143682;0622200000037694;ja
999143694;0622200000037693;ja
999143700;0622200000009799;ja
999143700;0622200000037693;ja
999143712;0622200000006299;ja
999143724;0622200000006299;ja
999143736;0622200000006299;ja
999143748;0622200000040990;ja
999143761;0622200000008210;ja
999143773;0622200000008210;ja
999143785;0622200000002810;ja
999143797;0622200000002817;ja
999143803;0622200000002817;ja
999143815;0622200000002468;ja
999143827;0622200000002468;ja
999143839;0622200000002472;ja
999143840;0622200000002474;ja
999143852;0622200000002474;ja
999143864;0622200000002478;ja
999143876;0622200000002478;ja
999143888;0622200000002480;ja
999143906;0622200000002482;ja
999143918;0622200000002482;ja
999143931;0622200000002467;ja
999143943;0622200000002467;ja
999143955;0622200000002481;ja
999143967;0622200000002481;ja
999143979;0622200000002500;ja
999143980;0622200000002500;ja
999143992;0622200000002505;ja
999144005;0622200000002505;ja
999144017;0622200000002515;ja
999144029;0622200000002515;ja
999144030;0622200000002520;ja
999144042;0622200000005619;ja
999144054;0622200000005619;ja
999144066;0622200000005623;ja
999144078;0622200000005623;ja
999144091;0622200000005296;ja
999144108;0622200000005296;ja
999144121;0622200000005311;ja
999144133;0622200000005311;ja
999144145;0622200000005304;ja
999144157;0622200000005304;ja
999144169;0622200000025863;ja
999144170;0622200000025863;ja
999144182;0622200000025865;ja
999144194;0622200000005252;ja
999144200;0622200000009864;ja
999144212;0622200000009864;ja
999144224;0622200000009866;ja
999144236;0622200000009866;ja
999144248;0622200000026004;ja
999144261;0622200000026004;ja
999144273;0622200000026008;ja
999144285;0622200000026015;ja
999144297;0622200000026015;ja
999144303;0622200000026020;ja
999144315;0622200000026020;ja
999144327;0622200000026035;ja
999144339;0622200000026161;ja
999144340;0622200000026161;ja
999144352;0622200000024724;ja
999144364;0622200000024724;ja
999144376;0622200000002593;ja
999144388;0622200000002593;ja
999144406;0622200000002598;ja
999144418;0622200000002598;ja
999144431;0622200000002653;ja
999144431;0622200000032481;ja
999144443;0622200000002653;ja
999144455;0622200000002654;ja
999144467;0622200000002654;ja
999144479;0622200000024736;ja
999144492;0622200000015182;ja
999144509;0622200000015182;ja
999144510;0622200000009860;ja
999144522;0622200000009862;ja
999144534;0622200000009862;ja
999144546;0622200000009865;ja
999144558;0622200000009867;ja
999144571;0622200000009867;ja
999144583;0622200000009875;ja
999144601;0622200000007301;ja
999144625;0622200000007303;ja
999144637;0622200000007303;ja
999144649;0622200000007305;ja
999144650;0622200000007305;ja
999144662;0622200000007309;ja
999144674;0622200000007309;ja
999144686;0622200000007311;ja
999144698;0622200000007312;ja
999144704;0622200000007312;ja
999144716;0622200000007319;ja
999144728;0622200000010011;ja
999144741;0622200000010011;ja
999144753;0622200000020398;ja
999144765;0622200000012209;ja
999144777;0622200000012211;ja
999144789;0622200000012211;ja
999144790;0622200000012213;ja
999144807;0622200000012213;ja
999144819;0622200000012219;ja
999144820;0622200000012227;ja
999144832;0622200000012227;ja
999144844;0622200000012233;ja
999144856;0622200000012235;ja
999144868;0622200000012235;ja
999144881;0622200000012237;ja
999144893;0622200000012237;ja
999144911;0622200000012208;ja
999144923;0622200000012218;ja
999144935;0622200000012218;ja
999144947;0622200000012220;ja
999144959;0622200000012220;ja
999144960;0622200000012224;ja
999144972;0622200000012224;ja
999144984;0622200000012238;ja
999144996;0622200000012238;ja
999145009;0622200000012240;ja
999145010;0622200000012240;ja
999145022;0622200000012242;ja
999145034;0622200000012242;ja
999145046;0622200000012361;ja
999145058;0622200000012361;ja
999145071;0622200000020520;ja
999145083;0622200000002662;ja
999145095;0622200000002662;ja
999145101;0622200000002670;ja
999145113;0622200000002670;ja
999145149;0622200000002676;ja
999145150;0622200000002678;ja
999145162;0622200000002680;ja
999145174;0622200000002688;ja
999145186;0622200000002688;ja
999145198;0622200000027921;ja
999145198;0622200000027922;ja
999145198;0622200000027924;ja
999145198;0622200000027926;ja
999145198;0622200000027928;ja
999145198;0622200000027929;ja
999145204;0622200000027927;ja
999145216;0622200000027923;ja
999145228;0622200000039198;ja
999145241;0622200000039198;ja
999145253;0622200000032982;ja
999145277;0622200000007883;ja
999145289;0622200000007881;ja
999145290;0622200000007887;ja
999145307;0622200000007887;ja
999145319;0622200000007884;ja
999145320;0622200000007893;ja
999145332;0622200000007892;ja
999145344;0622200000007891;ja
999145356;0622200000007891;ja
999145368;0622200000007890;ja
999145381;0622200000007890;ja
999145393;0622200000007899;ja
999145411;0622200000007899;ja
999145423;0622200000007877;ja
999145423;0622200000007898;ja
999145435;0622200000007877;ja
999145435;0622200000007898;ja
999145447;0622200000007896;ja
999145459;0622200000007896;ja
999145460;0622200000007905;ja
999145472;0622200000007903;ja
999145484;0622200000007903;ja
999145496;0622200000007878;ja
999145496;0622200000007902;ja
999145502;0622200000007901;ja
999145514;0622200000007901;ja
999145526;0622200000007910;ja
999145538;0622200000007909;ja
999145551;0622200000008040;ja
999145563;0622200000008039;ja
999145575;0622200000007913;ja
999145587;0622200000007913;ja
999145599;0622200000007911;ja
999145605;0622200000007911;ja
999145617;0622200000008055;ja
999145629;0622200000008055;ja
999145630;0622200000008054;ja
999145642;0622200000008050;ja
999145642;0622200000008052;ja
999145654;0622200000008051;ja
999145654;0622200000019737;ja
999145654;0622200000019738;ja
999145654;0622200000019740;ja
999145654;0622200000019742;ja
999145654;0622200000040406;ja
999145666;0622200000008059;ja
999145678;0622200000008048;ja
999145678;0622200000008058;ja
999145691;0622200000008057;ja
999145708;0622200000008049;ja
999145708;0622200000008062;ja
999145721;0622200000008061;ja
999145733;0622200000008061;ja
999145745;0622200000008070;ja
999145757;0622200000008069;ja
999145769;0622200000008067;ja
999145782;0622200000008066;ja
999145794;0622200000008074;ja
999145800;0622200000008074;ja
999145812;0622200000008071;ja
999145824;0622200000008071;ja
999145836;0622200000008203;ja
999145848;0622200000008203;ja
999145861;0622200000008201;ja
999145873;0622200000008362;ja
999145885;0622200000008362;ja
999145903;0622200000008209;ja
999145915;0622200000008208;ja
999145927;0622200000008208;ja
999145939;0622200000008207;ja
999145940;0622200000008207;ja
999145952;0622200000008047;ja
999145952;0622200000008205;ja
999145976;0622200000003664;ja
999145976;0622200000003678;ja
999145976;0622200000004010;ja
999145976;0622200000008224;ja
999145988;0622200000008224;ja
999146002;0622200000008223;ja
999146014;0622200000008222;ja
999146026;0622200000008222;ja
999146038;0622200000008221;ja
999146063;0622200000008220;ja
999146075;0622200000008229;ja
999146087;0622200000008229;ja
999146099;0622200000008228;ja
999146105;0622200000008228;ja
999146117;0622200000008234;ja
999146129;0622200000008233;ja
999146130;0622200000008232;ja
999146142;0622200000008231;ja
999146154;0622200000008363;ja
999146166;0622200000008363;ja
999146178;0622200000008237;ja
999146191;0622200000008237;ja
999146208;0622200000008217;ja
999146208;0622200000008236;ja
999146221;0622200000008217;ja
999146221;0622200000008236;ja
999146233;0622200000008369;ja
999146245;0622200000008368;ja
999146257;0622200000008368;ja
999146269;0622200000008367;ja
999146270;0622200000008367;ja
999146294;0622200000008219;ja
999146294;0622200000008374;ja
999146300;0622200000008219;ja
999146300;0622200000008374;ja
999146312;0622200000008373;ja
999146324;0622200000008372;ja
999146336;0622200000008372;ja
999146348;0622200000008371;ja
999146361;0622200000008379;ja
999146373;0622200000008378;ja
999146385;0622200000008376;ja
999146397;0622200000008375;ja
999146403;0622200000015173;ja
999146415;0622200000015173;ja
999146427;0622200000040404;ja
999146439;0622200000040404;ja
999146464;0622200000040402;ja
999146476;0622200000040402;ja
999146488;0622200000040408;ja
999146506;0622200000040408;ja
999146518;0622200000040407;ja
999146531;0622200000040407;ja
999146543;0622200000040405;ja
999146555;0622200000040405;ja
999146567;0622200000040409;ja
999146579;0622200000040409;ja
999146592;0622200000040412;ja
999146609;0622200000040412;ja
999146610;0622200000040414;ja
999146622;0622200000040414;ja
999146646;0622200000040415;ja
999146658;0622200000040416;ja
999146671;0622200000040416;ja
999146683;0622200000027848;ja
999146683;0622200000040417;ja
999146695;0622200000040418;ja
999146701;0622200000040418;ja
999146713;0622200000040419;ja
999146725;0622200000035497;ja
999146737;0622200000040420;ja
999146749;0622200000040420;ja
999146750;0622200000040421;ja
999146774;0622200000040423;ja
999146786;0622200000040423;ja
999146877;0622200000040428;ja
999146889;0622200000040428;ja
999146890;0622200000040468;ja
999146932;0622200000040471;ja
999146944;0622200000040471;ja
999146956;0622200000040472;ja
999146968;0622200000040472;ja
999146993;0622200000040474;ja
999147006;0622200000040474;ja
999147018;0622200000040476;ja
999147031;0622200000040476;ja
999147043;0622200000040477;ja
999147079;0622200000040479;ja
999147080;0622200000040480;ja
999147109;0622200000040482;ja
999147110;0622200000040482;ja
999147122;0622200000040483;ja
999147134;0622200000040483;ja
999147146;0622200000040484;ja
999147158;0622200000040485;ja
999147171;0622200000040485;ja
999147213;0622200000040488;ja
999147225;0622200000040488;ja
999147237;0622200000040489;ja
999147249;0622200000040577;ja
999147250;0622200000040578;ja
999147262;0622200000040579;ja
999147274;0622200000040580;ja
999147286;0622200000040580;ja
999147298;0622200000040645;ja
999147304;0622200000040645;ja
999147316;0622200000040646;ja
999147328;0622200000040647;ja
999147341;0622200000040647;ja
999147353;0622200000040581;ja
999147365;0622200000040581;ja
999147389;0622200000040583;ja
999147390;0622200000040584;ja
999147407;0622200000040648;ja
999147419;0622200000040650;ja
999147420;0622200000040650;ja
999147432;0622200000036061;ja
999147432;0622200000040585;ja
999147444;0622200000040586;ja
999147456;0622200000040586;ja
999147468;0622200000040587;ja
999147481;0622200000040588;ja
999147493;0622200000040588;ja
999147511;0622200000040651;ja
999147523;0622200000040651;ja
999147535;0622200000040652;ja
999147547;0622200000040652;ja
999147559;0622200000040653;ja
999147560;0622200000040653;ja
999147572;0622200000040589;ja
999147584;0622200000040589;ja
999147596;0622200000040590;ja
999147602;0622200000040590;ja
999147614;0622200000040591;ja
999147626;0622200000040591;ja
999147638;0622200000040656;ja
999147651;0622200000040656;ja
999147663;0622200000040593;ja
999147675;0622200000040593;ja
999147687;0622200000040594;ja
999147699;0622200000040594;ja
999147705;0622200000040595;ja
999147717;0622200000040596;ja
999147729;0622200000040658;ja
999147730;0622200000040658;ja
999147742;0622200000040659;ja
999147754;0622200000040597;ja
999147766;0622200000040597;ja
999147778;0622200000040661;ja
999147791;0622200000040661;ja
999147808;0622200000040662;ja
999147808;0622200000047251;ja
999147808;0622200000047252;ja
999147821;0622200000040662;ja
999147821;0622200000047251;ja
999147821;0622200000047252;ja
999147833;0622200000040601;ja
999147845;0622200000040601;ja
999147857;0622200000040663;ja
999147869;0622200000040664;ja
999147882;0622200000040665;ja
999147894;0622200000040602;ja
999147900;0622200000040602;ja
999147936;0622200000040670;ja
999147948;0622200000040670;ja
999147961;0622200000040671;ja
999147973;0622200000040671;ja
999147985;0622200000040672;ja
999147997;0622200000040672;ja
999148011;0622200000005313;ja
999148035;0622200000020522;ja
999148151;0622200000033010;ja
999148163;0622200000002484;ja
999148242;0622200000040567;ja
999148254;0622200000040493;ja
999148291;0622200000040491;ja
999148308;0622200000040496;ja
999148321;0622200000040495;ja
999148345;0622200000040494;ja
999148357;0622200000040494;ja
999148369;0622200000040498;ja
999148370;0622200000040500;ja
999148382;0622200000040502;ja
999148394;0622200000040502;ja
999148400;0622200000040503;ja
999148412;0622200000040504;ja
999148424;0622200000040505;ja
999148436;0622200000040506;ja
999148448;0622200000040506;ja
999148461;0622200000040507;ja
999148473;0622200000040507;ja
999148485;0622200000040509;ja
999148497;0622200000040509;ja
999148503;0622200000040511;ja
999148515;0622200000040511;ja
999148527;0622200000040512;ja
999148539;0622200000040513;ja
999148540;0622200000040513;ja
999148552;0622200000040514;ja
999148564;0622200000040555;ja
999148576;0622200000040555;ja
999148588;0622200000040556;ja
999148606;0622200000040558;ja
999148618;0622200000040558;ja
999148631;0622200000040559;ja
999148643;0622200000040559;ja
999148655;0622200000029676;ja
999148655;0622200000040560;ja
999148667;0622200000029676;ja
999148667;0622200000040560;ja
999148679;0622200000040562;ja
999148680;0622200000040562;ja
999148692;0622200000040563;ja
999148709;0622200000040563;ja
999148710;0622200000040564;ja
999148722;0622200000040565;ja
999148734;0622200000040568;ja
999148746;0622200000040569;ja
999148758;0622200000040570;ja
999148771;0622200000040572;ja
999148783;0622200000040572;ja
999148795;0622200000040573;ja
999148801;0622200000040573;ja
999148813;0622200000032985;ja
999148825;0622200000032986;ja
999148837;0622200000042616;ja
999148849;0622200000042616;ja
999148850;0622200000042624;ja
999148862;0622200000042623;ja
999148874;0622200000042623;ja
999148886;0622200000042621;ja
999148886;0622200000045423;ja
999148898;0622200000042619;ja
999148904;0622200000042637;ja
999148916;0622200000042637;ja
999148928;0622200000042636;ja
999148941;0622200000042636;ja
999148953;0622200000042635;ja
999148965;0622200000042635;ja
999148977;0622200000042634;ja
999148989;0622200000042634;ja
999148990;0622200000042632;ja
999149003;0622200000042632;ja
999149015;0622200000042415;ja
999149027;0622200000042415;ja
999149039;0622200000042297;ja
999149040;0622200000042297;ja
999149052;0622200000042299;ja
999149064;0622200000042300;ja
999149076;0622200000042300;ja
999149088;0622200000042327;ja
999149106;0622200000042327;ja
999149118;0622200000042328;ja
999149131;0622200000042329;ja
999149143;0622200000042329;ja
999149155;0622200000042330;ja
999149167;0622200000042331;ja
999149179;0622200000042331;ja
999149180;0622200000042332;ja
999149192;0622200000042332;ja
999149209;0622200000042333;ja
999149210;0622200000042334;ja
999149222;0622200000042334;ja
999149234;0622200000042422;ja
999149246;0622200000042422;ja
999149258;0622200000042420;ja
999149271;0622200000042420;ja
999149283;0622200000042419;ja
999149295;0622200000042419;ja
999149301;0622200000042418;ja
999149313;0622200000042418;ja
999149325;0622200000042417;ja
999149337;0622200000042417;ja
999149349;0622200000042416;ja
999149350;0622200000042416;ja
999149362;0622200000042301;ja
999149386;0622200000042302;ja
999149398;0622200000042302;ja
999149404;0622200000042303;ja
999149416;0622200000042303;ja
999149428;0622200000042464;ja
999149441;0622200000042464;ja
999149453;0622200000042305;ja
999149465;0622200000042305;ja
999149477;0622200000042306;ja
999149489;0622200000042306;ja
999149490;0622200000042355;ja
999149507;0622200000042355;ja
999149519;0622200000042356;ja
999149520;0622200000042356;ja
999149532;0622200000042357;ja
999149544;0622200000042357;ja
999149556;0622200000042358;ja
999149568;0622200000042359;ja
999149593;0622200000042360;ja
999149611;0622200000042360;ja
999149623;0622200000042361;ja
999149635;0622200000042361;ja
999149647;0622200000042363;ja
999149659;0622200000042363;ja
999149660;0622200000042364;ja
999149672;0622200000042364;ja
999149684;0622200000042365;ja
999149696;0622200000042365;ja
999149702;0622200000042366;ja
999149714;0622200000042366;ja
999149726;0622200000042367;ja
999149738;0622200000042367;ja
999149751;0622200000042368;ja
999149763;0622200000042369;ja
999149775;0622200000042318;ja
999149775;0622200000049034;ja
999149787;0622200000042318;ja
999149787;0622200000049034;ja
999149799;0622200000042465;ja
999149805;0622200000042465;ja
999149817;0622200000042353;ja
999149829;0622200000042353;ja
999149830;0622200000042352;ja
999149842;0622200000042352;ja
999149854;0622200000042351;ja
999149866;0622200000042351;ja
999149878;0622200000042350;ja
999149891;0622200000042350;ja
999149908;0622200000042349;ja
999149921;0622200000042349;ja
999150303;0622200000042385;ja
999150315;0622200000042322;ja
999150327;0622200000042323;ja
999150339;0622200000042323;ja
999150340;0622200000042370;ja
999150352;0622200000042319;ja
999150364;0622200000043415;ja
999150388;0622200000043416;ja
999150406;0622200000043417;ja
999150418;0622200000043417;ja
999150431;0622200000043418;ja
999150443;0622200000043418;ja
999150455;0622200000043419;ja
999150467;0622200000043419;ja
999150479;0622200000043420;ja
999150480;0622200000043421;ja
999150492;0622200000043421;ja
999150509;0622200000043520;ja
999150510;0622200000043520;ja
999150522;0622200000043521;ja
999150534;0622200000043521;ja
999150546;0622200000043522;ja
999150558;0622200000043522;ja
999150571;0622200000043523;ja
999150583;0622200000043523;ja
999150595;0622200000043524;ja
999150601;0622200000043524;ja
999150613;0622200000043525;ja
999150625;0622200000043525;ja
999150637;0622200000043526;ja
999150649;0622200000043526;ja
999150650;0622200000043527;ja
999150662;0622200000043527;ja
999150674;0622200000043528;ja
999150686;0622200000043529;ja
999150698;0622200000043530;ja
999150704;0622200000043530;ja
999150716;0622200000043531;ja
999150728;0622200000043531;ja
999150741;0622200000043532;ja
999150753;0622200000043532;ja
999150765;0622200000043533;ja
999150777;0622200000043533;ja
999150789;0622200000043534;ja
999150790;0622200000043422;ja
999150807;0622200000043422;ja
999150819;0622200000043423;ja
999150820;0622200000043423;ja
999150832;0622200000043424;ja
999150844;0622200000043424;ja
999150856;0622200000043425;ja
999150856;0622200000047251;ja
999150856;0622200000047252;ja
999150868;0622200000043426;ja
999150881;0622200000043426;ja
999150893;0622200000043427;ja
999150911;0622200000043427;ja
999150923;0622200000043428;ja
999150935;0622200000043428;ja
999150947;0622200000043429;ja
999150959;0622200000043429;ja
999150960;0622200000043430;ja
999150972;0622200000043430;ja
999150984;0622200000043431;ja
999150996;0622200000043432;ja
999151009;0622200000043432;ja
999151010;0622200000043433;ja
999151022;0622200000043434;ja
999151034;0622200000043435;ja
999151046;0622200000043435;ja
999151058;0622200000043436;ja
999151071;0622200000043436;ja
999151083;0622200000043508;ja
999151095;0622200000043508;ja
999151101;0622200000043466;ja
999151113;0622200000043466;ja
999151125;0622200000043467;ja
999151137;0622200000043467;ja
999151149;0622200000043468;ja
999151150;0622200000043468;ja
999151162;0622200000043469;ja
999151174;0622200000043469;ja
999151186;0622200000043470;ja
999151198;0622200000043470;ja
999151204;0622200000043471;ja
999151216;0622200000043471;ja
999151228;0622200000043472;ja
999151241;0622200000043472;ja
999151253;0622200000043299;ja
999151265;0622200000043299;ja
999151277;0622200000043300;ja
999151289;0622200000043452;ja
999151290;0622200000043452;ja
999151307;0622200000043451;ja
999151319;0622200000043451;ja
999151320;0622200000043450;ja
999151332;0622200000043450;ja
999151344;0622200000043449;ja
999151356;0622200000043449;ja
999151368;0622200000043448;ja
999151381;0622200000043448;ja
999151393;0622200000043447;ja
999151411;0622200000043446;ja
999151423;0622200000043446;ja
999151435;0622200000043462;ja
999151459;0622200000043473;ja
999151460;0622200000043473;ja
999151472;0622200000043474;ja
999151472;0622200000045172;ja
999151472;0622200000045173;ja
999151472;0622200000047253;ja
999151472;0622200000047254;ja
999151484;0622200000043474;ja
999151484;0622200000045172;ja
999151484;0622200000045173;ja
999151484;0622200000047253;ja
999151484;0622200000047254;ja
999151496;0622200000043475;ja
999151502;0622200000043475;ja
999151526;0622200000043477;ja
999151538;0622200000043477;ja
999151551;0622200000043478;ja
999151563;0622200000043478;ja
999151575;0622200000043479;ja
999151587;0622200000043479;ja
999151599;0622200000043480;ja
999151605;0622200000043480;ja
999151617;0622200000043481;ja
999151629;0622200000043481;ja
999151630;0622200000043483;ja
999151642;0622200000043483;ja
999151654;0622200000043484;ja
999151666;0622200000043484;ja
999151678;0622200000043485;ja
999151691;0622200000043485;ja
999151708;0622200000043486;ja
999151721;0622200000043486;ja
999151733;0622200000043437;ja
999151745;0622200000043437;ja
999151757;0622200000043438;ja
999151769;0622200000043438;ja
999151770;0622200000043439;ja
999151782;0622200000043439;ja
999151794;0622200000043440;ja
999151800;0622200000043440;ja
999151812;0622200000043441;ja
999151824;0622200000043442;ja
999151836;0622200000043442;ja
999151848;0622200000043443;ja
999151861;0622200000043443;ja
999151873;0622200000043444;ja
999151885;0622200000043444;ja
999151897;0622200000043445;ja
999151903;0622200000043697;ja
999151915;0622200000043697;ja
999151927;0622200000043698;ja
999151939;0622200000043698;ja
999151940;0622200000043699;ja
999151952;0622200000043699;ja
999151964;0622200000043700;ja
999151976;0622200000043700;ja
999151988;0622200000043701;ja
999152002;0622200000043701;ja
999152014;0622200000043702;ja
999152026;0622200000043702;ja
999152038;0622200000043703;ja
999152051;0622200000043704;ja
999152063;0622200000043704;ja
999152099;0622200000043582;ja
999152105;0622200000043582;ja
999152117;0622200000043583;ja
999152129;0622200000043584;ja
999152130;0622200000043585;ja
999152142;0622200000043585;ja
999152154;0622200000043586;ja
999152166;0622200000043586;ja
999152178;0622200000043587;ja
999152191;0622200000043588;ja
999152208;0622200000043588;ja
999152221;0622200000043595;ja
999152415;0622200000043595;ja
999152427;0622200000043594;ja
999152439;0622200000043594;ja
999152440;0622200000043593;ja
999152452;0622200000043592;ja
999152464;0622200000043592;ja
999152476;0622200000043591;ja
999152488;0622200000043591;ja
999152506;0622200000043590;ja
999152518;0622200000043589;ja
999152543;0622200000043695;ja
999152555;0622200000043695;ja
999152567;0622200000043599;ja
999152579;0622200000043599;ja
999152580;0622200000043598;ja
999152592;0622200000043689;ja
999152609;0622200000043689;ja
999152610;0622200000043597;ja
999152634;0622200000042388;ja
999152658;0622200000042392;ja
999152671;0622200000042392;ja
999152683;0622200000042393;ja
999152695;0622200000042393;ja
999152701;0622200000042394;ja
999152713;0622200000042394;ja
999152725;0622200000042399;ja
999152737;0622200000042317;ja
999152749;0622200000044504;ja
999152750;0622200000044504;ja
999152762;0622200000044502;ja
999152774;0622200000044502;ja
999152786;0622200000044499;ja
999152798;0622200000044499;ja
999152804;0622200000018446;ja
999152804;0622200000044498;ja
999152816;0622200000018446;ja
999152816;0622200000044498;ja
999152828;0622200000044497;ja
999152841;0622200000044497;ja
999152853;0622200000044496;ja
999152865;0622200000044496;ja
999152877;0622200000044442;ja
999152907;0622200000044441;ja
999152919;0622200000044440;ja
999152920;0622200000044440;ja
999152932;0622200000044439;ja
999152944;0622200000044438;ja
999152956;0622200000044438;ja
999152968;0622200000044437;ja
999152981;0622200000044436;ja
999152993;0622200000044436;ja
999153006;0622200000044435;ja
999153018;0622200000044435;ja
999153031;0622200000044434;ja
999153043;0622200000044434;ja
999153055;0622200000044433;ja
999153067;0622200000044433;ja
999153079;0622200000044432;ja
999153080;0622200000044432;ja
999153092;0622200000044431;ja
999153109;0622200000044431;ja
999153110;0622200000044430;ja
999153122;0622200000044430;ja
999153134;0622200000044429;ja
999153146;0622200000044429;ja
999153158;0622200000044475;ja
999153171;0622200000044475;ja
999153183;0622200000044445;ja
999153195;0622200000044445;ja
999153201;0622200000044446;ja
999153213;0622200000044446;ja
999153225;0622200000044447;ja
999153237;0622200000044447;ja
999153249;0622200000044448;ja
999153250;0622200000044448;ja
999153262;0622200000044449;ja
999153274;0622200000044449;ja
999153286;0622200000044474;ja
999153298;0622200000044474;ja
999153304;0622200000044473;ja
999153316;0622200000044472;ja
999153328;0622200000044472;ja
999153341;0622200000044471;ja
999153353;0622200000044471;ja
999153365;0622200000044470;ja
999153377;0622200000044470;ja
999153389;0622200000044469;ja
999153390;0622200000044469;ja
999153407;0622200000044468;ja
999153419;0622200000044468;ja
999153420;0622200000044467;ja
999153432;0622200000044467;ja
999153444;0622200000044466;ja
999153456;0622200000044466;ja
999153468;0622200000044377;ja
999153481;0622200000044377;ja
999153493;0622200000044450;ja
999153511;0622200000044450;ja
999153523;0622200000044451;ja
999153535;0622200000044451;ja
999153547;0622200000044452;ja
999153559;0622200000044452;ja
999153560;0622200000044453;ja
999153572;0622200000044453;ja
999153584;0622200000044454;ja
999153596;0622200000044454;ja
999153602;0622200000044455;ja
999153614;0622200000044455;ja
999153626;0622200000044456;ja
999153638;0622200000044456;ja
999153651;0622200000044457;ja
999153663;0622200000044457;ja
999153675;0622200000044459;ja
999153687;0622200000044459;ja
999153699;0622200000044460;ja
999153705;0622200000044460;ja
999153717;0622200000044461;ja
999153729;0622200000044462;ja
999153730;0622200000044462;ja
999153742;0622200000044463;ja
999153754;0622200000044463;ja
999153766;0622200000044464;ja
999153778;0622200000044465;ja
999153791;0622200000044378;ja
999153808;0622200000044378;ja
999153821;0622200000044379;ja
999153833;0622200000044379;ja
999153845;0622200000044387;ja
999153857;0622200000044387;ja
999153869;0622200000044388;ja
999153870;0622200000044388;ja
999153882;0622200000044389;ja
999153894;0622200000044389;ja
999153900;0622200000044390;ja
999153912;0622200000044390;ja
999153924;0622200000044391;ja
999153936;0622200000044391;ja
999153948;0622200000044392;ja
999153961;0622200000044392;ja
999153973;0622200000044393;ja
999153985;0622200000044393;ja
999153997;0622200000044394;ja
999154011;0622200000044394;ja
999154023;0622200000044395;ja
999154035;0622200000044395;ja
999154047;0622200000044396;ja
999154059;0622200000044396;ja
999154060;0622200000044397;ja
999154072;0622200000044398;ja
999154084;0622200000044398;ja
999154096;0622200000044399;ja
999154102;0622200000044399;ja
999154114;0622200000044400;ja
999154126;0622200000044400;ja
999154138;0622200000044401;ja
999154151;0622200000044401;ja
999154163;0622200000044402;ja
999154175;0622200000044402;ja
999154187;0622200000044403;ja
999154199;0622200000044403;ja
999154205;0622200000044404;ja
999154217;0622200000044404;ja
999154229;0622200000044405;ja
999154230;0622200000044405;ja
999154242;0622200000044406;ja
999154254;0622200000044406;ja
999154266;0622200000044380;ja
999154278;0622200000044380;ja
999154291;0622200000044381;ja
999154308;0622200000044382;ja
999154321;0622200000044382;ja
999154333;0622200000044383;ja
999154345;0622200000044383;ja
999154357;0622200000044384;ja
999154369;0622200000044385;ja
999154370;0622200000044385;ja
999154382;0622200000044386;ja
999154394;0622200000044386;ja
999154400;0622200000044361;ja
999154412;0622200000044361;ja
999154424;0622200000044362;ja
999154436;0622200000044362;ja
999154448;0622200000044363;ja
999154461;0622200000044363;ja
999154473;0622200000044364;ja
999154485;0622200000044364;ja
999154497;0622200000044365;ja
999154503;0622200000044365;ja
999154515;0622200000044407;ja
999154527;0622200000044407;ja
999154539;0622200000044408;ja
999154540;0622200000044408;ja
999154552;0622200000044409;ja
999154564;0622200000044409;ja
999154576;0622200000044366;ja
999154588;0622200000044366;ja
999154606;0622200000044411;ja
999154618;0622200000044411;ja
999154631;0622200000044368;ja
999154643;0622200000044368;ja
999154655;0622200000044369;ja
999154667;0622200000044369;ja
999154679;0622200000044370;ja
999154680;0622200000044370;ja
999154692;0622200000044371;ja
999154709;0622200000044371;ja
999154710;0622200000044372;ja
999154722;0622200000044372;ja
999154734;0622200000044373;ja
999154746;0622200000044373;ja
999154758;0622200000044374;ja
999154771;0622200000044374;ja
999154783;0622200000044375;ja
999154795;0622200000044375;ja
999154801;0622200000044412;ja
999154837;0622200000044413;ja
999154941;0622200000044418;ja
999154965;0622200000044419;ja
999154977;0622200000044420;ja
999154989;0622200000044420;ja
999154990;0622200000044421;ja
999155015;0622200000044422;ja
999155027;0622200000044422;ja
999155039;0622200000044423;ja
999155040;0622200000044423;ja
999155052;0622200000044424;ja
999155064;0622200000044424;ja
999155076;0622200000044425;ja
999155088;0622200000044425;ja
999155106;0622200000044426;ja
999155118;0622200000044426;ja
999155131;0622200000044355;ja
999155143;0622200000044355;ja
999155155;0622200000044356;ja
999155167;0622200000044356;ja
999155179;0622200000044357;ja
999155180;0622200000044357;ja
999155192;0622200000044358;ja
999155209;0622200000044358;ja
999155210;0622200000044359;ja
999155222;0622200000044359;ja
999155234;0622200000044360;ja
999155246;0622200000044376;ja
999155258;0622200000044376;ja
999155271;0622200000042324;ja
999155283;0622200000042324;ja
999155295;0622200000042325;ja
999155301;0622200000042321;ja
999155313;0622200000042321;ja
999155325;0622200000042403;ja
999155337;0622200000042313;ja
999155349;0622200000042313;ja
999155350;0622200000042391;ja
999155362;0622200000042391;ja
999155374;0622200000042315;ja
999155386;0622200000042315;ja
999155404;0622200000045211;ja
999155416;0622200000045214;ja
999155428;0622200000045213;ja
999155441;0622200000045212;ja
999155453;0622200000045212;ja
999155465;0622200000045217;ja
999155477;0622200000045216;ja
999155489;0622200000045216;ja
999155490;0622200000045215;ja
999155507;0622200000045215;ja
999155519;0622200000045220;ja
999155520;0622200000045219;ja
999155532;0622200000045219;ja
999155544;0622200000045218;ja
999155556;0622200000045218;ja
999155568;0622200000045223;ja
999155581;0622200000045223;ja
999155593;0622200000045222;ja
999155623;0622200000045225;ja
999155635;0622200000045225;ja
999155647;0622200000045224;ja
999155659;0622200000045224;ja
999155660;0622200000045226;ja
999155672;0622200000045226;ja
999155684;0622200000045262;ja
999155714;0622200000045263;ja
999155726;0622200000045264;ja
999155751;0622200000045265;ja
999155763;0622200000045265;ja
999155775;0622200000045266;ja
999155787;0622200000045266;ja
999155799;0622200000045267;ja
999155805;0622200000045269;ja
999155817;0622200000045269;ja
999155829;0622200000045270;ja
999155830;0622200000045270;ja
999155854;0622200000045271;ja
999155866;0622200000045272;ja
999155878;0622200000045272;ja
999155891;0622200000045273;ja
999155908;0622200000045273;ja
999155921;0622200000045274;ja
999155933;0622200000045274;ja
999155945;0622200000045275;ja
999155994;0622200000045202;ja
999156007;0622200000045203;ja
999156019;0622200000045204;ja
999156020;0622200000045204;ja
999156032;0622200000045205;ja
999156044;0622200000045205;ja
999156056;0622200000045206;ja
999156068;0622200000045207;ja
999156081;0622200000045207;ja
999156093;0622200000045208;ja
999156111;0622200000045208;ja
999156123;0622200000045209;ja
999156135;0622200000045209;ja
999156147;0622200000045210;ja
999156159;0622200000045210;ja
999156160;0622200000045227;ja
999156172;0622200000045228;ja
999156184;0622200000045229;ja
999156196;0622200000045229;ja
999156202;0622200000045230;ja
999156214;0622200000045230;ja
999156226;0622200000045231;ja
999156238;0622200000045231;ja
999156251;0622200000045232;ja
999156263;0622200000045232;ja
999156275;0622200000045233;ja
999156287;0622200000045233;ja
999156299;0622200000045234;ja
999156305;0622200000045234;ja
999156317;0622200000045235;ja
999156329;0622200000045236;ja
999156330;0622200000045236;ja
999156342;0622200000045237;ja
999156354;0622200000045237;ja
999156366;0622200000045238;ja
999156378;0622200000045238;ja
999156391;0622200000045239;ja
999156408;0622200000045239;ja
999156421;0622200000045240;ja
999156433;0622200000045240;ja
999156445;0622200000045241;ja
999156457;0622200000045241;ja
999156469;0622200000045242;ja
999156470;0622200000045242;ja
999156482;0622200000045243;ja
999156494;0622200000045243;ja
999156524;0622200000045245;ja
999156536;0622200000045245;ja
999156548;0622200000045246;ja
999156561;0622200000045246;ja
999156573;0622200000045247;ja
999156585;0622200000045248;ja
999156597;0622200000045249;ja
999156603;0622200000045250;ja
999156615;0622200000045251;ja
999156627;0622200000045251;ja
999156639;0622200000045252;ja
999156640;0622200000045252;ja
999156652;0622200000045253;ja
999156664;0622200000045254;ja
999156676;0622200000045254;ja
999156688;0622200000045255;ja
999156706;0622200000045255;ja
999156718;0622200000042312;ja
999156731;0622200000042312;ja
999156743;0622200000018205;ja
999156755;0622200000018205;ja
999156767;0622200000045496;ja
999156779;0622200000045496;ja
999156780;0622200000010439;ja
999156792;0622200000042387;ja
999156809;0622200000042387;ja
999156810;0622200000042461;ja
999156822;0622200000042430;ja
999156834;0622200000042430;ja
999156846;0622200000042390;ja
999156858;0622200000042390;ja
999156871;0622200000042414;ja
999156883;0622200000042414;ja
999156895;0622200000042413;ja
999156901;0622200000042413;ja
999156913;0622200000046304;ja
999156925;0622200000046304;ja
999156937;0622200000046306;ja
999156949;0622200000046306;ja
999156950;0622200000046305;ja
999156962;0622200000046305;ja
999156974;0622200000046307;ja
999156986;0622200000046307;ja
999156998;0622200000046303;ja
999157000;0622200000046302;ja
999157012;0622200000046298;ja
999157024;0622200000046299;ja
999157036;0622200000046300;ja
999157048;0622200000046301;ja
999157061;0622200000046301;ja
999157073;0622200000042401;ja
999157085;0622200000042401;ja
999157097;0622200000042402;ja
999157103;0622200000042402;ja
999157115;0622200000042314;ja
999157127;0622200000043487;ja
999157139;0622200000043487;ja
999157152;0622200000043489;ja
999157164;0622200000043463;ja
999157176;0622200000043463;ja
999157188;0622200000042408;ja
999157206;0622200000042408;ja
999157218;0622200000047266;ja
999157231;0622200000047268;ja
999157243;0622200000047269;ja
999157255;0622200000047269;ja
999157267;0622200000047272;ja
999157280;0622200000047274;ja
999157292;0622200000047275;ja
999157309;0622200000047276;ja
999157310;0622200000047276;ja
999157322;0622200000047277;ja
999157334;0622200000047277;ja
999157358;0622200000047278;ja
999157371;0622200000047279;ja
999157383;0622200000047279;ja
999157395;0622200000047280;ja
999157401;0622200000047280;ja
999157413;0622200000047284;ja
999157437;0622200000047285;ja
999157449;0622200000047285;ja
999157450;0622200000047286;ja
999157462;0622200000047287;ja
999157474;0622200000047287;ja
999157486;0622200000047288;ja
999157498;0622200000047289;ja
999157504;0622200000047289;ja
999157516;0622200000047292;ja
999157528;0622200000047292;ja
999157541;0622200000047294;ja
999157553;0622200000047294;ja
999157565;0622200000047295;ja
999157577;0622200000047295;ja
999157589;0622200000047296;ja
999157590;0622200000047296;ja
999157607;0622200000047297;ja
999157619;0622200000047297;ja
999157620;0622200000047298;ja
999157632;0622200000047298;ja
999157656;0622200000047300;ja
999157656;0622200000047525;ja
999157668;0622200000047300;ja
999157668;0622200000047525;ja
999157681;0622200000047612;ja
999157693;0622200000047612;ja
999157711;0622200000047611;ja
999157723;0622200000047611;ja
999157735;0622200000047610;ja
999157747;0622200000047610;ja
999157759;0622200000047609;ja
999157760;0622200000047609;ja
999157772;0622200000047608;ja
999157784;0622200000047608;ja
999157796;0622200000047607;ja
999157802;0622200000047606;ja
999157814;0622200000047606;ja
999157826;0622200000047621;ja
999157838;0622200000047621;ja
999157851;0622200000047617;ja
999157863;0622200000047617;ja
999157875;0622200000047616;ja
999157887;0622200000047616;ja
999157899;0622200000047615;ja
999157905;0622200000047615;ja
999157917;0622200000047613;ja
999157929;0622200000047613;ja
999157930;0622200000047674;ja
999157942;0622200000047674;ja
999157954;0622200000047675;ja
999157966;0622200000047675;ja
999157978;0622200000047676;ja
999157991;0622200000047676;ja
999158016;0622200000047690;ja
999158028;0622200000047680;ja
999158041;0622200000047680;ja
999158053;0622200000047681;ja
999158065;0622200000047681;ja
999158077;0622200000047682;ja
999158089;0622200000047682;ja
999158090;0622200000047683;ja
999158107;0622200000047683;ja
999158119;0622200000047684;ja
999158120;0622200000047684;ja
999158132;0622200000047685;ja
999158144;0622200000047685;ja
999158156;0622200000047689;ja
999158168;0622200000047689;ja
999158181;0622200000047636;ja
999158181;0622200000048966;ja
999158193;0622200000047636;ja
999158193;0622200000048966;ja
999158211;0622200000047637;ja
999158223;0622200000047637;ja
999158235;0622200000047638;ja
999158247;0622200000047638;ja
999158259;0622200000047638;ja
999158284;0622200000047640;ja
999158302;0622200000047641;ja
999158314;0622200000047641;ja
999158326;0622200000047642;ja
999158338;0622200000047642;ja
999158351;0622200000047643;ja
999158363;0622200000047643;ja
999158375;0622200000047644;ja
999158387;0622200000047644;ja
999158399;0622200000047645;ja
999158405;0622200000047645;ja
999158417;0622200000047646;ja
999158429;0622200000047647;ja
999158430;0622200000047648;ja
999158442;0622200000047648;ja
999158454;0622200000047649;ja
999158466;0622200000047649;ja
999158478;0622200000047650;ja
999158508;0622200000047651;ja
999158521;0622200000047652;ja
999158533;0622200000047652;ja
999158545;0622200000047653;ja
999158557;0622200000047653;ja
999158569;0622200000047654;ja
999158570;0622200000047654;ja
999158582;0622200000047751;ja
999158582;0622200000047788;ja
999158594;0622200000047751;ja
999158600;0622200000047752;ja
999158612;0622200000046697;ja
999158612;0622200000047753;ja
999158624;0622200000046697;ja
999158624;0622200000047753;ja
999158636;0622200000047754;ja
999158648;0622200000047754;ja
999158673;0622200000047755;ja
999158685;0622200000047756;ja
999158697;0622200000047756;ja
999158703;0622200000047757;ja
999158715;0622200000047757;ja
999158727;0622200000047758;ja
999158739;0622200000047758;ja
999158740;0622200000047673;ja
999158764;0622200000047759;ja
999158776;0622200000047759;ja
999158788;0622200000047672;ja
999158806;0622200000047672;ja
999158818;0622200000047760;ja
999158831;0622200000047760;ja
999158843;0622200000047671;ja
999158855;0622200000047671;ja
999158867;0622200000047670;ja
999158879;0622200000047670;ja
999158880;0622200000047761;ja
999158892;0622200000047761;ja
999158909;0622200000047669;ja
999158910;0622200000047762;ja
999158922;0622200000047762;ja
999158946;0622200000047668;ja
999158958;0622200000047667;ja
999158971;0622200000047667;ja
999158983;0622200000047763;ja
999158995;0622200000047666;ja
999159008;0622200000047666;ja
999159021;0622200000047665;ja
999159033;0622200000047665;ja
999159045;0622200000047664;ja
999159057;0622200000043151;ja
999159057;0622200000047765;ja
999159069;0622200000043151;ja
999159069;0622200000047765;ja
999159070;0622200000047663;ja
999159082;0622200000047663;ja
999159094;0622200000047662;ja
999159100;0622200000047661;ja
999159112;0622200000047661;ja
999159124;0622200000047660;ja
999159136;0622200000047660;ja
999159148;0622200000047659;ja
999159161;0622200000047659;ja
999159173;0622200000047658;ja
999159185;0622200000047658;ja
999159197;0622200000047657;ja
999159203;0622200000047657;ja
999159215;0622200000047656;ja
999159227;0622200000047656;ja
999159239;0622200000047655;ja
999159240;0622200000047790;ja
999159264;0622200000047789;ja
999159276;0622200000047791;ja
999159288;0622200000047791;ja
999159331;0622200000047793;ja
999159343;0622200000047793;ja
999159355;0622200000047787;ja
999159367;0622200000047787;ja
999159379;0622200000047786;ja
999159380;0622200000047786;ja
999159392;0622200000047785;ja
999159410;0622200000047784;ja
999159434;0622200000047783;ja
999159446;0622200000047782;ja
999159458;0622200000047782;ja
999159471;0622200000047781;ja
999159483;0622200000047781;ja
999159495;0622200000047780;ja
999159513;0622200000047779;ja
999159525;0622200000047779;ja
999159537;0622200000047778;ja
999159549;0622200000047778;ja
999159628;0622200000047774;ja
999159641;0622200000047773;ja
999159677;0622200000047794;ja
999159689;0622200000047795;ja
999159690;0622200000047795;ja
999159719;0622200000047796;ja
999159720;0622200000047797;ja
999159732;0622200000047797;ja
999159744;0622200000047772;ja
999159756;0622200000047772;ja
999159768;0622200000047798;ja
999159781;0622200000047798;ja
999159793;0622200000047799;ja
999159811;0622200000047799;ja
999159823;0622200000047800;ja
999159835;0622200000047801;ja
999159847;0622200000047801;ja
999159859;0622200000047771;ja
999159860;0622200000047771;ja
999159872;0622200000047770;ja
999159884;0622200000047770;ja
999159896;0622200000047769;ja
999159902;0622200000047769;ja
999159914;0622200000047768;ja
999159926;0622200000047768;ja
999159938;0622200000047750;ja
999159951;0622200000047750;ja
999159963;0622200000042397;ja
999159975;0622200000042397;ja
999159987;0622200000042409;ja
999159999;0622200000042409;ja
999160011;0622200000042410;ja
999160023;0622200000042410;ja
999160035;0622200000042405;ja
999160047;0622200000042405;ja
999160059;0622200000049025;ja
999160060;0622200000049026;ja
999160072;0622200000049026;ja
999160084;0622200000049027;ja
999160096;0622200000049027;ja
999160102;0622200000049028;ja
999160114;0622200000049028;ja
999160126;0622200000049029;ja
999160138;0622200000049029;ja
999160151;0622200000049030;ja
999160163;0622200000049030;ja
999160175;0622200000049031;ja
999160187;0622200000049031;ja
999160199;0622200000049033;ja
999160205;0622200000049033;ja
999160217;0622200000049036;ja
999160229;0622200000049036;ja
999160230;0622200000049037;ja
999160242;0622200000049037;ja
999160254;0622200000049038;ja
999160266;0622200000049038;ja
999160278;0622200000049046;ja
999160291;0622200000049046;ja
999160308;0622200000049039;ja
999160321;0622200000049039;ja
999160333;0622200000049045;ja
999160345;0622200000049045;ja
999160357;0622200000049044;ja
999160369;0622200000049044;ja
999160370;0622200000049040;ja
999160382;0622200000049041;ja
999160394;0622200000049041;ja
999160400;0622200000049043;ja
999160412;0622200000049043;ja
999160424;0622200000049042;ja
999160436;0622200000049042;ja
999160448;0622200000049319;ja
999160461;0622200000049319;ja
999160473;0622200000049318;ja
999160485;0622200000049318;ja
999160497;0622200000049317;ja
999160503;0622200000049317;ja
999160515;0622200000049316;ja
999160527;0622200000049316;ja
999160539;0622200000049315;ja
999160540;0622200000049315;ja
999160552;0622200000049314;ja
999160564;0622200000049314;ja
999160576;0622200000049313;ja
999160588;0622200000049313;ja
999160606;0622200000049312;ja
999160618;0622200000049312;ja
999160631;0622200000049311;ja
999160643;0622200000049311;ja
999160655;0622200000049310;ja
999160667;0622200000049310;ja
999160679;0622200000049306;ja
999160680;0622200000049306;ja
999160692;0622200000049307;ja
999160709;0622200000049307;ja
999160710;0622200000049308;ja
999160722;0622200000049308;ja
999160734;0622200000049309;ja
999160746;0622200000049268;ja
999160758;0622200000049268;ja
999160771;0622200000049269;ja
999160783;0622200000049269;ja
999160795;0622200000049305;ja
999160801;0622200000049305;ja
999160813;0622200000049270;ja
999160825;0622200000049270;ja
999160837;0622200000049271;ja
999160849;0622200000049271;ja
999160850;0622200000049304;ja
999160862;0622200000049304;ja
999160874;0622200000049303;ja
999160886;0622200000049303;ja
999160898;0622200000049302;ja
999160904;0622200000049302;ja
999160916;0622200000049301;ja
999160928;0622200000049301;ja
999160941;0622200000049300;ja
999160953;0622200000049299;ja
999160965;0622200000049299;ja
999160977;0622200000049298;ja
999160989;0622200000049298;ja
999160990;0622200000049276;ja
999161003;0622200000049276;ja
999161015;0622200000049275;ja
999161027;0622200000049291;ja
999161039;0622200000049291;ja
999161040;0622200000049274;ja
999161052;0622200000049274;ja
999161064;0622200000049273;ja
999161076;0622200000049273;ja
999161088;0622200000049272;ja
999161106;0622200000049272;ja
999161118;0622200000027453;ja
999161118;0622200000049292;ja
999161131;0622200000049293;ja
999161143;0622200000049293;ja
999161155;0622200000049294;ja
999161167;0622200000049294;ja
999161179;0622200000049295;ja
999161180;0622200000049295;ja
999161192;0622200000049296;ja
999161209;0622200000049296;ja
999161210;0622200000049297;ja
999161222;0622200000049289;ja
999161234;0622200000049289;ja
999161246;0622200000049277;ja
999161258;0622200000049277;ja
999161271;0622200000049278;ja
999161283;0622200000049278;ja
999161295;0622200000049288;ja
999161301;0622200000049288;ja
999161684;0622200000007025;ja
999161684;0622200000035333;ja
999161696;0622200000007025;ja
999161696;0622200000035333;ja
999161702;0622200000035332;ja
999161714;0622200000035332;ja
999161726;0622200000035331;ja
999161738;0622200000035331;ja
999161751;0622200000016003;ja
999161775;0622200000016005;ja
999161787;0622200000007539;ja
999161787;0622200000007681;ja
999161787;0622200000007682;ja
999161799;0622200000007539;ja
999161805;0622200000007541;ja
999161805;0622200000007684;ja
999161817;0622200000007671;ja
999161829;0622200000007671;ja
999161830;0622200000007673;ja
999161842;0622200000007673;ja
999161854;0622200000007675;ja
999161854;0622200000007683;ja
999161866;0622200000007677;ja
999161866;0622200000032586;ja
999161878;0622200000007677;ja
999161878;0622200000032586;ja
999161891;0622200000029317;ja
999161908;0622200000029317;ja
999161921;0622200000029319;ja
999161933;0622200000029319;ja
999161945;0622200000029321;ja
999161957;0622200000029321;ja
999161969;0622200000029323;ja
999161970;0622200000029323;ja
999161982;0622200000029325;ja
999161982;0622200000029332;ja
999161994;0622200000029325;ja
999161994;0622200000029332;ja
999162007;0622200000029327;ja
999162019;0622200000029327;ja
999162020;0622200000029329;ja
999162032;0622200000029331;ja
999162044;0622200000029331;ja
999162056;0622200000029607;ja
999162068;0622200000029607;ja
999162081;0622200000029609;ja
999162093;0622200000029609;ja
999162111;0622200000029611;ja
999162111;0622200000029625;ja
999162123;0622200000029613;ja
999162135;0622200000029615;ja
999162147;0622200000029617;ja
999162159;0622200000029617;ja
999162160;0622200000029619;ja
999162160;0622200000029621;ja
999162172;0622200000029619;ja
999162172;0622200000029621;ja
999162184;0622200000029623;ja
999162196;0622200000015506;ja
999162196;0622200000015640;ja
999162196;0622200000015665;ja
999162196;0622200000029624;ja
999162202;0622200000017860;ja
999162214;0622200000017860;ja
999162226;0622200000017864;ja
999162238;0622200000017866;ja
999162251;0622200000017866;ja
999162263;0622200000017868;ja
999162275;0622200000011043;ja
999162275;0622200000017870;ja
999162275;0622200000017874;ja
999162287;0622200000017863;ja
999162287;0622200000017876;ja
999162287;0622200000018307;ja
999162287;0622200000033699;ja
999162299;0622200000014687;ja
999162305;0622200000014687;ja
999162317;0622200000014689;ja
999162329;0622200000014689;ja
999162330;0622200000014691;ja
999162342;0622200000014693;ja
999162354;0622200000014693;ja
999162366;0622200000014695;ja
999162378;0622200000014695;ja
999162391;0622200000014697;ja
999162408;0622200000014697;ja
999162421;0622200000014699;ja
999162433;0622200000014699;ja
999162445;0622200000014701;ja
999162457;0622200000014701;ja
999162469;0622200000014703;ja
999162470;0622200000014703;ja
999162482;0622200000014705;ja
999162494;0622200000014705;ja
999162500;0622200000014707;ja
999162500;0622200000048997;ja
999162512;0622200000014707;ja
999162512;0622200000048997;ja
999162524;0622200000014829;ja
999162536;0622200000014829;ja
999162548;0622200000014831;ja
999162561;0622200000014833;ja
999162573;0622200000014833;ja
999162585;0622200000014835;ja
999162597;0622200000014835;ja
999162603;0622200000014837;ja
999162615;0622200000014837;ja
999162627;0622200000014839;ja
999162639;0622200000014839;ja
999162640;0622200000014843;ja
999162652;0622200000014843;ja
999162664;0622200000014845;ja
999162676;0622200000014845;ja
999162688;0622200000014847;ja
999162706;0622200000014849;ja
999162718;0622200000014849;ja
999162731;0622200000014851;ja
999162731;0622200000017197;ja
999162731;0622200000019627;ja
999162743;0622200000014853;ja
999162755;0622200000014853;ja
999162767;0622200000014855;ja
999162779;0622200000014855;ja
999162780;0622200000014857;ja
999162792;0622200000014857;ja
999162809;0622200000014859;ja
999162810;0622200000014859;ja
999162822;0622200000014861;ja
999162846;0622200000014865;ja
999162858;0622200000017357;ja
999162871;0622200000017357;ja
999162883;0622200000017230;ja
999162895;0622200000017230;ja
999162901;0622200000017224;ja
999162925;0622200000017218;ja
999162937;0622200000017218;ja
999162949;0622200000017216;ja
999162950;0622200000017216;ja
999162962;0622200000017210;ja
999162974;0622200000017208;ja
999162986;0622200000017208;ja
999162998;0622200000017206;ja
999163000;0622200000017206;ja
999163012;0622200000010650;ja
999163024;0622200000010653;ja
999163036;0622200000010653;ja
999163048;0622200000010657;ja
999163061;0622200000010657;ja
999163073;0622200000009401;ja
999163073;0622200000010642;ja
999163085;0622200000010642;ja
999163097;0622200000010644;ja
999163103;0622200000010644;ja
999163115;0622200000010646;ja
999163127;0622200000010646;ja
999163139;0622200000010648;ja
999163140;0622200000010648;ja
999163152;0622200000010649;ja
999163164;0622200000017232;ja
999163176;0622200000017232;ja
999163188;0622200000029606;ja
999163206;0622200000029610;ja
999163218;0622200000029610;ja
999163231;0622200000029614;ja
999163243;0622200000029618;ja
999163255;0622200000029608;ja
999163267;0622200000029612;ja
999163279;0622200000029616;ja
999163280;0622200000029620;ja
999163292;0622200000029620;ja
999163309;0622200000017362;ja
999163310;0622200000029316;ja
999163322;0622200000029316;ja
999163334;0622200000029320;ja
999163346;0622200000029324;ja
999163358;0622200000029328;ja
999163371;0622200000029318;ja
999163383;0622200000029322;ja
999163395;0622200000029326;ja
999163401;0622200000029330;ja
999163413;0622200000033218;ja
999163425;0622200000033218;ja
999163437;0622200000033216;ja
999163449;0622200000033216;ja
999163474;0622200000033210;ja
999163486;0622200000033208;ja
999163498;0622200000033208;ja
999163504;0622200000033202;ja
999163504;0622200000033206;ja
999163516;0622200000010662;ja
999163516;0622200000033204;ja
999163528;0622200000033200;ja
999163528;0622200000035466;ja
999163541;0622200000033200;ja
999163541;0622200000035466;ja
999163553;0622200000033196;ja
999163553;0622200000045784;ja
999163565;0622200000035465;ja
999163577;0622200000035342;ja
999163589;0622200000035342;ja
999163590;0622200000016010;ja
999163796;0622200000016009;ja
999163802;0622200000016008;ja
999163814;0622200000016007;ja
999163826;0622200000035341;ja
999163838;0622200000035341;ja
999163851;0622200000035340;ja
999163863;0622200000035339;ja
999163875;0622200000035339;ja
999163887;0622200000035338;ja
999163899;0622200000035338;ja
999163905;0622200000017363;ja
999163917;0622200000008387;ja
999163917;0622200000014986;ja
999163929;0622200000008386;ja
999163929;0622200000017184;ja
999163942;0622200000008385;ja
999163954;0622200000008385;ja
999163966;0622200000017192;ja
999163978;0622200000017192;ja
999163991;0622200000017191;ja
999164016;0622200000018819;ja
999164041;0622200000018944;ja
999164053;0622200000018946;ja
999164065;0622200000018946;ja
999164077;0622200000017183;ja
999164077;0622200000018948;ja
999164089;0622200000032490;ja
999164090;0622200000032490;ja
999164107;0622200000032488;ja
999164119;0622200000032488;ja
999164120;0622200000017188;ja
999164120;0622200000032486;ja
999164132;0622200000017188;ja
999164132;0622200000032486;ja
999164144;0622200000017187;ja
999164156;0622200000017177;ja
999164156;0622200000017186;ja
999164168;0622200000017177;ja
999164168;0622200000017186;ja
999164181;0622200000017175;ja
999164181;0622200000017185;ja
999164193;0622200000017176;ja
999164193;0622200000017182;ja
999164211;0622200000017181;ja
999164223;0622200000017179;ja
999164235;0622200000018950;ja
999164259;0622200000018952;ja
999164260;0622200000018952;ja
999164296;0622200000014985;ja
999164302;0622200000014985;ja
999164314;0622200000014983;ja
999164314;0622200000014984;ja
999164314;0622200000017172;ja
999164326;0622200000014983;ja
999164326;0622200000014984;ja
999164326;0622200000017172;ja
999164338;0622200000017174;ja
999164338;0622200000038200;ja
999164351;0622200000017174;ja
999164351;0622200000038200;ja
999164363;0622200000032487;ja
999164375;0622200000032487;ja
999164387;0622200000032483;ja
999164399;0622200000032483;ja
999164405;0622200000032357;ja
999164417;0622200000032357;ja
999164429;0622200000025733;ja
999164430;0622200000025733;ja
999164442;0622200000025731;ja
999164454;0622200000025729;ja
999164466;0622200000025729;ja
999164478;0622200000017173;ja
999164491;0622200000017173;ja
999164508;0622200000017171;ja
999164521;0622200000017171;ja
999164533;0622200000017170;ja
999164545;0622200000017170;ja
999164557;0622200000017169;ja
999164569;0622200000017169;ja
999164570;0622200000014982;ja
999164570;0622200000025720;ja
999164582;0622200000014981;ja
999164594;0622200000014981;ja
999164600;0622200000014978;ja
999164600;0622200000014980;ja
999164612;0622200000025726;ja
999164624;0622200000025724;ja
999164624;0622200000038544;ja
999164636;0622200000025724;ja
999164636;0622200000038544;ja
999164648;0622200000025720;ja
999164661;0622200000033351;ja
999164673;0622200000033351;ja
999164685;0622200000033349;ja
999164697;0622200000033349;ja
999164703;0622200000033345;ja
999164715;0622200000033345;ja
999164727;0622200000033222;ja
999164740;0622200000012856;ja
999164740;0622200000017533;ja
999164740;0622200000017536;ja
999164740;0622200000033220;ja
999164752;0622200000012856;ja
999164752;0622200000017533;ja
999164752;0622200000033220;ja
999164764;0622200000010660;ja
999164776;0622200000010660;ja
999164788;0622200000010786;ja
999164806;0622200000010786;ja
999164818;0622200000010787;ja
999164831;0622200000010787;ja
999164843;0622200000010789;ja
999164855;0622200000010791;ja
999164867;0622200000010791;ja
999164879;0622200000017178;ja
999164879;0622200000034463;ja
999164880;0622200000017178;ja
999164892;0622200000032484;ja
999164909;0622200000032484;ja
999164910;0622200000017180;ja
999164922;0622200000017180;ja
999164934;0622200000008383;ja
999164946;0622200000008383;ja
999164958;0622200000008382;ja
999164971;0622200000008382;ja
999164983;0622200000008381;ja
999164995;0622200000008381;ja
999165008;0622200000025753;ja
999165021;0622200000025753;ja
999165033;0622200000025751;ja
999165045;0622200000025751;ja
999165057;0622200000025749;ja
999165057;0622200000043057;ja
999165069;0622200000025749;ja
999165069;0622200000043057;ja
999165070;0622200000020928;ja
999165070;0622200000025743;ja
999165082;0622200000023425;ja
999165082;0622200000025737;ja
999165094;0622200000023425;ja
999165094;0622200000025737;ja
999165100;0622200000025735;ja
999165112;0622200000032356;ja
999165112;0622200000043056;ja
999165124;0622200000032356;ja
999165124;0622200000043056;ja
999165136;0622200000032358;ja
999165148;0622200000032358;ja
999165173;0622200000017228;ja
999165173;0622200000019621;ja
999165185;0622200000017226;ja
999165197;0622200000032492;ja
999165203;0622200000032492;ja
999165215;0622200000032492;ja
999165227;0622200000032491;ja
999165239;0622200000032491;ja
999165240;0622200000032489;ja
999165252;0622200000032489;ja
999165264;0622200000012659;ja
999165276;0622200000012657;ja
999165288;0622200000012655;ja
999165306;0622200000012655;ja
999165331;0622200000012653;ja
999165343;0622200000012651;ja
999165367;0622200000012649;ja
999165379;0622200000012649;ja
999165380;0622200000012647;ja
999165392;0622200000012645;ja
999165409;0622200000012645;ja
999165410;0622200000012643;ja
999165422;0622200000012643;ja
999165434;0622200000012518;ja
999165446;0622200000012516;ja
999165458;0622200000012516;ja
999165471;0622200000012514;ja
999165483;0622200000012512;ja
999165483;0622200000033191;ja
999165495;0622200000012510;ja
999165501;0622200000012508;ja
999165501;0622200000012671;ja
999165513;0622200000012671;ja
999165525;0622200000012506;ja
999165525;0622200000036650;ja
999165525;0622200000036652;ja
999165537;0622200000012506;ja
999165537;0622200000036650;ja
999165537;0622200000036652;ja
999165549;0622200000012504;ja
999165550;0622200000012504;ja
999165562;0622200000012502;ja
999165574;0622200000017222;ja
999165598;0622200000017220;ja
999165604;0622200000034618;ja
999165616;0622200000034618;ja
999165628;0622200000034620;ja
999165628;0622200000034628;ja
999165628;0622200000034630;ja
999165628;0622200000036646;ja
999165641;0622200000034620;ja
999165641;0622200000034628;ja
999165641;0622200000034630;ja
999165641;0622200000036646;ja
999165653;0622200000034622;ja
999165665;0622200000034624;ja
999165677;0622200000034624;ja
999165689;0622200000034626;ja
999165690;0622200000034626;ja
999165707;0622200000009410;ja
999165719;0622200000009410;ja
999165720;0622200000009408;ja
999165732;0622200000009408;ja
999165744;0622200000009406;ja
999165756;0622200000009406;ja
999165768;0622200000009404;ja
999165781;0622200000009402;ja
999165793;0622200000009398;ja
999165793;0622200000040072;ja
999165811;0622200000009398;ja
999165823;0622200000009396;ja
999165835;0622200000009396;ja
999165847;0622200000009394;ja
999165859;0622200000009394;ja
999165860;0622200000009392;ja
999165872;0622200000017530;ja
999165872;0622200000034451;ja
999165884;0622200000034452;ja
999165896;0622200000034454;ja
999165896;0622200000034455;ja
999165902;0622200000034456;ja
999165914;0622200000034456;ja
999165926;0622200000034458;ja
999165938;0622200000034460;ja
999165951;0622200000034460;ja
999165963;0622200000017386;ja
999165975;0622200000017386;ja
999165987;0622200000017384;ja
999165999;0622200000017384;ja
999166001;0622200000017382;ja
999166013;0622200000017382;ja
999166025;0622200000012866;ja
999166025;0622200000017380;ja
999166037;0622200000017378;ja
999166049;0622200000017378;ja
999166050;0622200000017376;ja
999166062;0622200000017374;ja
999166074;0622200000017372;ja
999166086;0622200000017370;ja
999166098;0622200000017370;ja
999166104;0622200000017368;ja
999166116;0622200000017366;ja
999166116;0622200000036950;ja
999166128;0622200000017366;ja
999166128;0622200000036950;ja
999166141;0622200000017364;ja
999166141;0622200000036951;ja
999166153;0622200000027131;ja
999166165;0622200000027131;ja
999166177;0622200000026984;ja
999166189;0622200000026841;ja
999166219;0622200000026983;ja
999166335;0622200000026980;ja
999166359;0622200000027004;ja
999166360;0622200000026979;ja
999166372;0622200000026979;ja
999166384;0622200000026836;ja
999166402;0622200000027003;ja
999166414;0622200000026978;ja
999166426;0622200000026978;ja
999166438;0622200000026835;ja
999166451;0622200000026835;ja
999166463;0622200000027002;ja
999166475;0622200000027002;ja
999166487;0622200000026977;ja
999166499;0622200000026834;ja
999166505;0622200000027001;ja
999166517;0622200000026976;ja
999166529;0622200000026976;ja
999166530;0622200000026833;ja
999166542;0622200000026833;ja
999166554;0622200000027000;ja
999166566;0622200000027000;ja
999166578;0622200000026975;ja
999166591;0622200000026832;ja
999166608;0622200000026999;ja
999166621;0622200000026999;ja
999166633;0622200000026974;ja
999166645;0622200000026974;ja
999166657;0622200000026831;ja
999166669;0622200000026998;ja
999166670;0622200000026998;ja
999166682;0622200000026973;ja
999166694;0622200000026830;ja
999970008;0622200000043803;ja
999970008;0622200000043804;ja
999970021;0622200000025194;ja
999970033;0622200000042173;ja
999970045;0622200000042173;ja
999970057;0622200000007146;ja
999970069;0622200000042172;ja
999970070;0622200000007145;ja
999970082;0622200000007147;ja
999970094;0622200000007149;ja
999970100;0622200000007149;ja
999970112;0622200000007151;ja
999970124;0622200000007153;ja
999970136;0622200000007153;ja
999970148;0622200000007007;ja
999970161;0622200000007155;ja
999970173;0622200000007157;ja
999970185;0622200000007159;ja
999970197;0622200000007159;ja
999970203;0622200000007144;ja
999970215;0622200000007144;ja
999970227;0622200000007156;ja
999970239;0622200000029024;ja
999970240;0622200000029026;ja
999970252;0622200000029026;ja
999970264;0622200000007158;ja
999970276;0622200000007160;ja
999970288;0622200000023123;ja
999970306;0622200000007163;ja
999970318;0622200000007158;ja
999970331;0622200000023125;ja
999970331;0622200000039666;ja
999970343;0622200000007163;ja
999970355;0622200000002693;ja
999970355;0622200000007162;ja
999970355;0622200000017063;ja
999970355;0622200000026462;ja
999970367;0622200000007164;ja
999970379;0622200000007166;ja
999970380;0622200000007166;ja
999970392;0622200000029019;ja
999970409;0622200000029019;ja
999970410;0622200000042833;ja
999970422;0622200000023126;ja
999970434;0622200000023128;ja
999970446;0622200000023128;ja
999970458;0622200000007133;ja
999970471;0622200000007135;ja
999970483;0622200000007137;ja
999970495;0622200000006994;ja
999970501;0622200000006996;ja
999970513;0622200000006996;ja
999970525;0622200000007000;ja
999970537;0622200000007000;ja
999970549;0622200000007002;ja
999970549;0622200000041562;ja
999970550;0622200000007004;ja
999970562;0622200000007004;ja
999970574;0622200000007005;ja
999970586;0622200000007006;ja
999970598;0622200000007008;ja
999970604;0622200000007134;ja
999970616;0622200000007136;ja
999970628;0622200000007138;ja
999970641;0622200000007138;ja
999970653;0622200000007140;ja
999970665;0622200000007140;ja
999970677;0622200000007142;ja
999970689;0622200000007142;ja
999970690;0622200000007143;ja
999970707;0622200000006968;ja
999970707;0622200000006969;ja
999970720;0622200000020034;ja
999970732;0622200000020034;ja
999970744;0622200000020033;ja
999970756;0622200000020032;ja
999970768;0622200000020032;ja
999970781;0622200000020031;ja
999970793;0622200000020030;ja
999970811;0622200000022962;ja
999970823;0622200000022963;ja
999970835;0622200000006988;ja
999970847;0622200000006988;ja
999970859;0622200000006990;ja
999970860;0622200000006991;ja
999970872;0622200000006991;ja
999970884;0622200000006992;ja
999970896;0622200000006993;ja
999970926;0622200000036748;ja
999970938;0622200000036748;ja
999970951;0622200000005593;ja
999970963;0622200000020029;ja
999970975;0622200000020029;ja
999970987;0622200000020028;ja
999970999;0622200000020028;ja
999971001;0622200000020027;ja
999971013;0622200000020027;ja
999971025;0622200000020026;ja
999971037;0622200000020026;ja
999971049;0622200000020007;ja
999971050;0622200000005593;ja
999971062;0622200000002391;ja
999971062;0622200000004517;ja
999971062;0622200000005595;ja
999971062;0622200000007646;ja
999971062;0622200000007991;ja
999971062;0622200000010206;ja
999971062;0622200000011570;ja
999971062;0622200000012016;ja
999971062;0622200000017314;ja
999971062;0622200000017449;ja
999971062;0622200000025034;ja
999971062;0622200000025071;ja
999971062;0622200000027916;ja
999971062;0622200000028494;ja
999971062;0622200000030138;ja
999971062;0622200000034747;ja
999971062;0622200000034756;ja
999971062;0622200000034765;ja
999971062;0622200000034768;ja
999971074;0622200000005573;ja
999971086;0622200000036764;ja
999971098;0622200000006982;ja
999971104;0622200000010502;ja
999971116;0622200000002391;ja
999971116;0622200000004517;ja
999971116;0622200000005595;ja
999971116;0622200000007646;ja
999971116;0622200000007991;ja
999971116;0622200000010206;ja
999971116;0622200000011570;ja
999971116;0622200000012016;ja
999971116;0622200000017314;ja
999971116;0622200000017449;ja
999971116;0622200000025034;ja
999971116;0622200000025071;ja
999971116;0622200000027916;ja
999971116;0622200000028494;ja
999971116;0622200000030138;ja
999971116;0622200000034747;ja
999971116;0622200000034756;ja
999971116;0622200000034765;ja
999971116;0622200000034768;ja
999971128;0622200000005596;ja
999971141;0622200000017773;ja
999971141;0622200000025819;ja
999971141;0622200000025820;ja
999971153;0622200000025821;ja
999971165;0622200000023122;ja
999971177;0622200000023122;ja
999971189;0622200000017579;ja
999971189;0622200000023120;ja
999971189;0622200000047526;ja
999971190;0622200000004853;ja
999971190;0622200000036603;ja
999971207;0622200000027122;ja
999971207;0622200000027123;ja
999971207;0622200000029380;ja
999971207;0622200000036605;ja
999971219;0622200000010072;ja
999971220;0622200000002902;ja
999971232;0622200000022787;ja
999971244;0622200000017773;ja
999971244;0622200000025819;ja
999971244;0622200000025820;ja
999971244;0622200000025822;ja
999971244;0622200000025825;ja
999971244;0622200000025826;ja
999971244;0622200000034483;ja
999971244;0622200000034484;ja
999971244;0622200000039166;ja
999971256;0622200000002913;ja
999971268;0622200000023118;ja
999971281;0622200000010070;ja
999971311;0622200000020008;ja
999971335;0622200000009228;ja
999971347;0622200000009226;ja
999971347;0622200000043241;ja
999971347;0622200000046321;ja
999971359;0622200000015551;ja
999971359;0622200000021318;ja
999971360;0622200000015551;ja
999971402;0622200000010064;ja
999971414;0622200000010062;ja
999971426;0622200000010059;ja
999971438;0622200000010059;ja
999971451;0622200000010064;ja
999971463;0622200000010057;ja
999971475;0622200000010055;ja
999971487;0622200000009230;ja
999971499;0622200000009230;ja
999971505;0622200000009232;ja
999971517;0622200000010057;ja
999971529;0622200000005353;ja
999971529;0622200000015540;ja
999971530;0622200000015540;ja
999971542;0622200000015541;ja
999971554;0622200000015542;ja
999971578;0622200000015543;ja
999971591;0622200000015544;ja
999971608;0622200000015544;ja
999971608;0622200000016153;ja
999971608;0622200000032624;ja
999971621;0622200000015545;ja
999971621;0622200000025827;ja
999971633;0622200000015545;ja
999971645;0622200000015545;ja
999971657;0622200000015545;ja
999971669;0622200000015546;ja
999971670;0622200000015546;ja
999971682;0622200000015547;ja
999971694;0622200000015547;ja
999971700;0622200000015548;ja
999971712;0622200000015549;ja
999971724;0622200000015550;ja
999971736;0622200000015550;ja
999971748;0622200000015552;ja
999971761;0622200000015552;ja
999971773;0622200000015553;ja
999971785;0622200000015553;ja
999971797;0622200000015554;ja
999971803;0622200000015555;ja
999971803;0622200000015556;ja
999971815;0622200000015555;ja
999971815;0622200000015556;ja
999971827;0622200000015680;ja
999971827;0622200000015681;ja
999971827;0622200000035796;ja
999971839;0622200000015680;ja
999971839;0622200000015681;ja
999971840;0622200000015682;ja
999971840;0622200000015683;ja
999971840;0622200000039818;ja
999971852;0622200000015682;ja
999971852;0622200000015683;ja
999971852;0622200000039818;ja
999971864;0622200000015684;ja
999971876;0622200000015685;ja
999971888;0622200000015685;ja
999971906;0622200000015687;ja
999971918;0622200000015687;ja
999971931;0622200000015688;ja
999971943;0622200000015689;ja
999971955;0622200000046858;ja
999971967;0622200000046858;ja
999971979;0622200000005081;ja
999971979;0622200000040871;ja
999971980;0622200000010219;ja
999971992;0622200000010217;ja
999972005;0622200000010217;ja
999972017;0622200000010215;ja
999972029;0622200000010086;ja
999972030;0622200000020010;ja
999972042;0622200000010086;ja
999972054;0622200000010083;ja
999972066;0622200000010082;ja
999972078;0622200000010080;ja
999972091;0622200000010080;ja
999972108;0622200000010078;ja
999972145;0622200000010074;ja
999972157;0622200000005084;ja
999972169;0622200000005084;ja
999972170;0622200000010081;ja
999972182;0622200000010081;ja
999972194;0622200000010079;ja
999972200;0622200000010079;ja
999972212;0622200000010077;ja
999972224;0622200000010077;ja
999972236;0622200000010075;ja
999972248;0622200000010075;ja
999972261;0622200000010073;ja
999990019;0622200000029041;ja
999990019;0622200000048811;ja
999990019;0622200000048812;ja
999990019;0622200000048813;ja
999990020;0622200000022787;ja
999990032;0622200000010509;ja
999990044;0622200000002644;ja
999990068;0622200000036427;ja
999990081;0622200000007169;ja
999990093;0622200000036263;ja
999990111;0622200000005614;ja
999990135;0622200000016468;ja
999990135;0622200000023278;ja
999990135;0622200000034634;ja
999990135;0622200000036578;ja
999990135;0622200000038048;ja
999990159;0622200000029028;ja
999990160;0622200000019872;ja
999990160;0622200000036272;ja
999990172;0622200000005574;ja
999990184;0622200000025800;ja
999990184;0622200000045481;ja
999990196;0622200000002646;ja
999990202;0622200000036273;ja
999990226;0622200000036771;ja
999990238;0622200000010506;ja
999990263;0622200000036269;ja
999990275;0622200000022783;ja
999990287;0622200000023127;ja
999990317;0622200000011839;ja
999990329;0622200000036427;ja
999990342;0622200000026618;ja
999990366;0622200000036418;ja
999990378;0622200000036262;ja
999990408;0622200000005374;ja
999990445;0622200000020006;ja
999990469;0622200000020010;ja
999990470;0622200000011841;ja
999990482;0622200000002639;ja
999990500;0622200000023134;ja
999990512;0622200000006572;ja
999990512;0622200000007824;ja
999990512;0622200000010046;ja
999990512;0622200000013774;ja
999990512;0622200000014756;ja
999990512;0622200000023116;ja
999990512;0622200000033273;ja
999990512;0622200000033274;ja
999990512;0622200000033356;ja
999990512;0622200000033531;ja
999990524;0622200000005352;ja
999990536;0622200000036275;ja
999990548;0622200000036423;ja
999990561;0622200000036771;ja
999990573;0622200000002903;ja
999990603;0622200000007174;ja
999990603;0622200000019874;ja
999990615;0622200000045481;ja
999990627;0622200000036754;ja
999990639;0622200000036251;ja
999990640;0622200000002932;ja
999990652;0622200000011837;ja
999990664;0622200000036260;ja
999990706;0622200000039301;ja
999990718;0622200000007152;ja
999990743;0622200000002923;ja
999990755;0622200000036284;ja
999990767;0622200000019360;ja
999990779;0622200000002904;ja
999990780;0622200000002628;ja
999990792;0622200000036419;ja
999990809;0622200000002918;ja
999990810;0622200000002906;ja
999990822;0622200000036282;ja
999990834;0622200000007172;ja
999990858;0622200000011967;ja
999990871;0622200000036280;ja
999990883;0622200000018355;ja
999990883;0622200000018356;ja
999990883;0622200000036589;ja
999990895;0622200000036434;ja
999990901;0622200000002633;ja
999990913;0622200000036274;ja
999990925;0622200000002616;ja
999990925;0622200000005340;ja
999990925;0622200000032587;ja
999990925;0622200000039322;ja
999990937;0622200000023129;ja
999990949;0622200000039300;ja
999990950;0622200000036426;ja
999990962;0622200000002903;ja
999990974;0622200000005375;ja
999990986;0622200000036430;ja
999990998;0622200000048764;ja
999991000;0622200000002919;ja
999991036;0622200000005368;ja
999991048;0622200000036252;ja
999991061;0622200000036747;ja
999991085;0622200000005566;ja
999991085;0622200000005609;ja
999991097;0622200000036282;ja
999991103;0622200000002922;ja
999991103;0622200000039301;ja
999991115;0622200000036285;ja
999991140;0622200000005570;ja
999991176;0622200000010374;ja
999991188;0622200000007165;ja
999991206;0622200000002679;ja
999991206;0622200000002681;ja
999991206;0622200000010877;ja
999991206;0622200000010887;ja
999991206;0622200000015141;ja
999991206;0622200000015142;ja
999991206;0622200000017875;ja
999991206;0622200000017877;ja
999991206;0622200000020011;ja
999991206;0622200000034807;ja
999991231;0622200000036420;ja
999991243;0622200000036278;ja
999991255;0622200000010508;ja
999991267;0622200000005364;ja
999991267;0622200000005366;ja
999991279;0622200000002647;ja
999991280;0622200000025800;ja
999991292;0622200000002640;ja
999991309;0622200000011827;ja
999991310;0622200000007167;ja
999991322;0622200000036283;ja
999991334;0622200000007173;ja
999991346;0622200000005370;ja
999991358;0622200000010510;ja
999991383;0622200000002930;ja
999991401;0622200000036756;ja
999991413;0622200000043049;ja
999991437;0622200000002649;ja
999991449;0622200000005568;ja
999991450;0622200000002626;ja
999991462;0622200000036428;ja
999991474;0622200000036277;ja
999991486;0622200000036767;ja
999991498;0622200000005554;ja
999991516;0622200000002640;ja
999991553;0622200000025354;ja
999991553;0622200000036433;ja
999991553;0622200000036435;ja
999991565;0622200000005348;ja
999991565;0622200000036271;ja
999991577;0622200000002642;ja
999991589;0622200000022795;ja
999991607;0622200000005560;ja
999991607;0622200000049005;ja
999991619;0622200000002624;ja
999991620;0622200000010071;ja
999991632;0622200000022805;ja
999991644;0622200000020013;ja
999991656;0622200000002931;ja
999991668;0622200000002641;ja
999991711;0622200000002930;ja
999991723;0622200000002627;ja
999991747;0622200000029039;ja
999991760;0622200000023135;ja
999991772;0622200000002634;ja
999991784;0622200000002613;ja
999991796;0622200000010374;ja
999991802;0622200000020004;ja
999991814;0622200000002618;ja
999991826;0622200000033198;ja
999991826;0622200000036271;ja
999991838;0622200000019999;ja
999991851;0622200000005558;ja
999991863;0622200000002912;ja
999991875;0622200000036275;ja
999991887;0622200000005574;ja
999991917;0622200000010504;ja
999991929;0622200000011965;ja
999991930;0622200000006972;ja
999991942;0622200000005556;ja
999991954;0622200000030544;ja
999991954;0622200000036259;ja
999991966;0622200000036767;ja
999991978;0622200000022785;ja
999991991;0622200000002628;ja
999992004;0622200000002616;ja
999992016;0622200000029036;ja
999992028;0622200000023117;ja
999992041;0622200000010504;ja
999992065;0622200000036753;ja
999992089;0622200000022786;ja
999992089;0622200000022788;ja
999992107;0622200000023133;ja
999992119;0622200000007150;ja
999992120;0622200000002642;ja
999992132;0622200000036753;ja
999992144;0622200000036274;ja
999992156;0622200000036412;ja
999992168;0622200000002905;ja
999992181;0622200000011829;ja
999992211;0622200000011966;ja
999992223;0622200000007150;ja
999992235;0622200000036432;ja
999992247;0622200000036260;ja
999992259;0622200000002630;ja
999992260;0622200000011800;ja
999992260;0622200000039299;ja
999992272;0622200000017063;ja
999992272;0622200000026462;ja
999992272;0622200000036760;ja
999992272;0622200000036763;ja
999992296;0622200000019040;ja
999992302;0622200000002926;ja
999992338;0622200000032057;ja
999992338;0622200000036612;ja
999992351;0622200000030544;ja
999992351;0622200000036259;ja
999992363;0622200000019040;ja
999992375;0622200000039422;ja
999992387;0622200000023135;ja
999992399;0622200000010512;ja
999992417;0622200000002915;ja
999992417;0622200000022414;ja
999992417;0622200000024645;ja
999992417;0622200000024661;ja
999992429;0622200000002623;ja
999992430;0622200000002907;ja
999992442;0622200000005564;ja
999992442;0622200000038343;ja
999992454;0622200000007165;ja
999992466;0622200000029028;ja
999992478;0622200000002927;ja
999992491;0622200000011800;ja
999992491;0622200000039299;ja
999992508;0622200000036255;ja
999992521;0622200000023137;ja
999992521;0622200000039422;ja
999992533;0622200000002917;ja
999992545;0622200000023124;ja
999992557;0622200000036413;ja
999992569;0622200000002618;ja
999992570;0622200000006572;ja
999992570;0622200000007824;ja
999992570;0622200000010046;ja
999992570;0622200000013774;ja
999992570;0622200000014756;ja
999992570;0622200000023116;ja
999992570;0622200000033273;ja
999992570;0622200000033274;ja
999992570;0622200000033356;ja
999992570;0622200000033531;ja
999992582;0622200000002927;ja
999992594;0622200000036424;ja
999992600;0622200000036257;ja
999992612;0622200000023136;ja
999992636;0622200000023129;ja
999992648;0622200000022801;ja
999992648;0622200000022802;ja
999992661;0622200000022797;ja
999992685;0622200000036757;ja
999992697;0622200000036276;ja
999992703;0622200000002649;ja
999992715;0622200000020003;ja
999992727;0622200000002920;ja
999992739;0622200000036254;ja
999992740;0622200000005374;ja
999992752;0622200000007148;ja
999992764;0622200000036283;ja
999992788;0622200000002895;ja
999992806;0622200000036422;ja
999992818;0622200000048763;ja
999992867;0622200000005379;ja
999992879;0622200000005576;ja
999992880;0622200000002638;ja
999992892;0622200000036268;ja
999992910;0622200000036415;ja
999992922;0622200000036287;ja
999992934;0622200000020009;ja
999992934;0622200000028147;ja
999992958;0622200000020005;ja
999992971;0622200000036747;ja
999992983;0622200000002897;ja
999992995;0622200000036273;ja
999993021;0622200000007154;ja
999993045;0622200000036252;ja
999993057;0622200000002915;ja
999993057;0622200000022414;ja
999993057;0622200000024645;ja
999993057;0622200000024661;ja
999993069;0622200000022795;ja
999993070;0622200000012584;ja
999993070;0622200000025795;ja
999993082;0622200000002909;ja
999993094;0622200000002899;ja
999993112;0622200000036270;ja
999993136;0622200000005372;ja
999993173;0622200000002908;ja
999993185;0622200000002647;ja
999993197;0622200000036258;ja
999993203;0622200000002624;ja
999993215;0622200000002650;ja
999993240;0622200000036421;ja
999993252;0622200000038478;ja
999993264;0622200000005558;ja
999993276;0622200000005572;ja
999993288;0622200000002648;ja
999993306;0622200000002933;ja
999993331;0622200000002648;ja
999993343;0622200000002631;ja
999993355;0622200000005578;ja
999993367;0622200000011966;ja
999993380;0622200000036265;ja
999993392;0622200000022798;ja
999993409;0622200000036414;ja
999993446;0622200000002636;ja
999993458;0622200000020006;ja
999993471;0622200000005564;ja
999993471;0622200000038343;ja
999993495;0622200000002925;ja
999993501;0622200000022794;ja
999993525;0622200000011668;ja
999993562;0622200000002924;ja
999993598;0622200000029036;ja
999993604;0622200000002908;ja
999993616;0622200000007299;ja
999993641;0622200000036277;ja
999993653;0622200000011837;ja
999993665;0622200000023134;ja
999993677;0622200000010501;ja
999993689;0622200000036281;ja
999993690;0622200000022800;ja
999993707;0622200000005372;ja
999993719;0622200000036417;ja
999993720;0622200000036746;ja
999993756;0622200000005562;ja
999993768;0622200000005378;ja
999993781;0622200000036429;ja
999993793;0622200000002914;ja
999993811;0622200000023131;ja
999993823;0622200000036254;ja
999993835;0622200000007172;ja
999993847;0622200000045482;ja
999993860;0622200000005379;ja
999993872;0622200000006972;ja
999993902;0622200000002637;ja
999993914;0622200000002923;ja
999993938;0622200000005362;ja
999993951;0622200000007171;ja
999993975;0622200000002617;ja
999993999;0622200000002629;ja
999994001;0622200000010363;ja
999994013;0622200000010515;ja
999994037;0622200000005550;ja
999994049;0622200000011840;ja
999994050;0622200000007298;ja
999994062;0622200000002622;ja
999994074;0622200000002911;ja
999994086;0622200000002929;ja
999994098;0622200000036270;ja
999994104;0622200000011965;ja
999994116;0622200000036262;ja
999994128;0622200000010516;ja
999994141;0622200000002635;ja
999994153;0622200000023131;ja
999994165;0622200000002901;ja
999994177;0622200000036414;ja
999994189;0622200000002632;ja
999994190;0622200000036754;ja
999994207;0622200000002901;ja
999994220;0622200000006995;ja
999994220;0622200000006997;ja
999994256;0622200000011838;ja
999994268;0622200000010507;ja
999994281;0622200000009922;ja
999994281;0622200000036253;ja
999994293;0622200000022782;ja
999994311;0622200000036263;ja
999994323;0622200000002914;ja
999994335;0622200000036284;ja
999994347;0622200000019609;ja
999994347;0622200000039304;ja
999994347;0622200000042098;ja
999994359;0622200000002633;ja
999994384;0622200000010512;ja
999994396;0622200000005378;ja
999994402;0622200000002620;ja
999994414;0622200000011805;ja
999994475;0622200000023103;ja
999994487;0622200000026759;ja
999994499;0622200000005552;ja
999994505;0622200000023127;ja
999994517;0622200000028447;ja
999994517;0622200000036419;ja
999994542;0622200000002900;ja
999994554;0622200000036413;ja
999994566;0622200000005556;ja
999994657;0622200000002646;ja
999994669;0622200000036257;ja
999994670;0622200000005375;ja
999994682;0622200000005352;ja
999994700;0622200000002896;ja
999994712;0622200000036256;ja
999994724;0622200000010371;ja
999994736;0622200000036432;ja
999994748;0622200000039304;ja
999994748;0622200000042098;ja
999994761;0622200000020016;ja
999994761;0622200000029219;ja
999994773;0622200000022783;ja
999994785;0622200000002928;ja
999994797;0622200000002904;ja
999994815;0622200000016435;ja
999994827;0622200000005566;ja
999994827;0622200000005609;ja
999994840;0622200000036265;ja
999994864;0622200000042522;ja
999994876;0622200000036279;ja
999994906;0622200000010505;ja
999994918;0622200000045482;ja
999994931;0622200000002621;ja
999994943;0622200000010505;ja
999994955;0622200000026617;ja
999994967;0622200000020022;ja
999994979;0622200000036425;ja
999994980;0622200000022796;ja
999994992;0622200000011964;ja
999995017;0622200000036261;ja
999995029;0622200000023103;ja
999995030;0622200000019999;ja
999995042;0622200000002909;ja
999995054;0622200000002650;ja
999995066;0622200000022789;ja
999995078;0622200000005554;ja
999995091;0622200000007168;ja
999995133;0622200000010508;ja
999995145;0622200000048764;ja
999995157;0622200000002932;ja
999995169;0622200000010503;ja
999995170;0622200000040496;ja
999995170;0622200000045481;ja
999995182;0622200000007152;ja
999995200;0622200000002615;ja
999995212;0622200000002924;ja
999995224;0622200000023132;ja
999995224;0622200000036411;ja
999995236;0622200000022793;ja
999995248;0622200000022786;ja
999995248;0622200000022788;ja
999995261;0622200000002915;ja
999995261;0622200000022414;ja
999995261;0622200000024645;ja
999995261;0622200000024661;ja
999995273;0622200000011969;ja
999995285;0622200000011969;ja
999995297;0622200000011971;ja
999995303;0622200000011971;ja
999995315;0622200000011972;ja
999995327;0622200000011974;ja
999995339;0622200000011974;ja
999995340;0622200000011814;ja
999995352;0622200000028867;ja
999995364;0622200000004390;ja
999995364;0622200000028867;ja
999995376;0622200000045826;ja
999995388;0622200000045826;ja
999995406;0622200000005597;ja
999995418;0622200000036742;ja
999995431;0622200000036608;ja
999995443;0622200000036608;ja
999995455;0622200000036601;ja
999995467;0622200000036601;ja
999995479;0622200000036597;ja
999995480;0622200000036597;ja
999995492;0622200000019205;ja
999995510;0622200000028862;ja
999995522;0622200000037756;ja
999995522;0622200000043802;ja
999995534;0622200000019219;ja
999995558;0622200000010068;ja
999995571;0622200000005615;ja
999995583;0622200000010365;ja
999995595;0622200000010367;ja
999995601;0622200000010066;ja
999995613;0622200000010367;ja
999995625;0622200000010368;ja
999995637;0622200000010368;ja
999995649;0622200000005388;ja
999995649;0622200000010369;ja
999995650;0622200000023099;ja
999995662;0622200000023101;ja
999995674;0622200000023101;ja
999995686;0622200000009759;ja
999995686;0622200000025978;ja
999995686;0622200000025979;ja
999995686;0622200000027092;ja
999995686;0622200000034828;ja
999995686;0622200000034829;ja
999995698;0622200000023107;ja
999995704;0622200000011819;ja
999995716;0622200000011820;ja
999995728;0622200000011820;ja
999995741;0622200000011821;ja
999995753;0622200000011821;ja
999995765;0622200000011823;ja
999995777;0622200000010372;ja
999995777;0622200000011828;ja
999995789;0622200000010372;ja
999995789;0622200000011828;ja
999995790;0622200000011834;ja
999995807;0622200000019357;ja
999995819;0622200000011834;ja
999995820;0622200000025966;ja
999995832;0622200000019357;ja
999995844;0622200000019215;ja
999995856;0622200000019213;ja
999995868;0622200000005613;ja
999995868;0622200000023536;ja
999995868;0622200000039326;ja
999995868;0622200000042695;ja
999995881;0622200000036599;ja
999995893;0622200000023118;ja
999995893;0622200000036774;ja
999995893;0622200000042707;ja
999995893;0622200000044306;ja
999995893;0622200000046842;ja
999995911;0622200000019355;ja
999995923;0622200000010514;ja
999995935;0622200000006813;ja
999995935;0622200000011574;ja
999995935;0622200000028836;ja
999995935;0622200000028843;ja
999995935;0622200000046290;ja
999995947;0622200000028835;ja
999995959;0622200000006813;ja
999995959;0622200000011574;ja
999995959;0622200000028836;ja
999995959;0622200000028843;ja
999995960;0622200000042840;ja
999995972;0622200000042840;ja
999995984;0622200000006813;ja
999995984;0622200000011574;ja
999995984;0622200000028836;ja
999995984;0622200000028843;ja
999995996;0622200000006813;ja
999995996;0622200000011574;ja
999995996;0622200000028836;ja
999995996;0622200000028843;ja
999995996;0622200000046290;ja
999996034;0622200000006323;ja
999996034;0622200000016303;ja
999996034;0622200000016430;ja
999996034;0622200000022720;ja
999996034;0622200000028284;ja
999996034;0622200000034437;ja
999996034;0622200000047818;ja
999996034;0622200000047819;ja
999996034;0622200000048328;ja
999996034;0622200000048329;ja
999996046;0622200000036615;ja
999996058;0622200000036615;ja
999996113;0622200000028842;ja
999996125;0622200000036740;ja
999996137;0622200000036614;ja
999996149;0622200000036604;ja
999996150;0622200000029184;ja
999996150;0622200000036602;ja
999996162;0622200000042834;ja
999996174;0622200000042834;ja
999996216;0622200000022952;ja
999996241;0622200000022953;ja
999996253;0622200000005569;ja
999996277;0622200000009261;ja
999996277;0622200000028872;ja
999996289;0622200000002722;ja
999996289;0622200000028847;ja
999996289;0622200000038959;ja
999996290;0622200000028708;ja
999996307;0622200000005575;ja
999996320;0622200000009261;ja
999996320;0622200000010241;ja
999996320;0622200000028872;ja
999996344;0622200000022966;ja
999996356;0622200000022967;ja
999996381;0622200000028835;ja
999996393;0622200000034086;ja
999996411;0622200000019217;ja
999996423;0622200000019211;ja
999996435;0622200000034086;ja
999996447;0622200000034087;ja
999996459;0622200000034088;ja
999996460;0622200000034089;ja
999996472;0622200000034089;ja
999996484;0622200000005342;ja
999996484;0622200000034084;ja
999996496;0622200000034085;ja
999996502;0622200000005344;ja
999996502;0622200000015522;ja
999996514;0622200000005346;ja
999996526;0622200000016301;ja
999996538;0622200000005397;ja
999996538;0622200000005399;ja
999996551;0622200000028838;ja
999996587;0622200000028841;ja
999996599;0622200000028840;ja
999996605;0622200000036740;ja
999996629;0622200000005359;ja
999996691;0622200000005344;ja
999996691;0622200000015522;ja
999996708;0622200000005346;ja
999996721;0622200000005612;ja
999996721;0622200000016299;ja
999996733;0622200000033586;ja
999996745;0622200000022956;ja
999996745;0622200000033586;ja
999996757;0622200000016301;ja
999996769;0622200000026119;ja
999996770;0622200000004598;ja
999996770;0622200000022970;ja
999996782;0622200000022970;ja
999996794;0622200000022971;ja
999996800;0622200000022948;ja
999996812;0622200000022949;ja
999996824;0622200000022948;ja
999996824;0622200000022950;ja
999996848;0622200000022948;ja
999996848;0622200000022950;ja
999996861;0622200000022946;ja
999996873;0622200000022946;ja
999996885;0622200000022947;ja
999996897;0622200000025830;ja
999996903;0622200000025830;ja
999996915;0622200000025832;ja
999996927;0622200000025833;ja
999996939;0622200000025833;ja
999996939;0622200000025955;ja
999996940;0622200000025956;ja
999996952;0622200000025956;ja
999996964;0622200000025834;ja
999996976;0622200000025957;ja
999996976;0622200000025958;ja
999996988;0622200000006974;ja
999996988;0622200000006976;ja
999996988;0622200000011807;ja
999996988;0622200000011810;ja
999996988;0622200000012333;ja
999996988;0622200000012356;ja
999996988;0622200000012358;ja
999996988;0622200000016737;ja
999996988;0622200000016739;ja
999996988;0622200000019194;ja
999996988;0622200000023770;ja
999996988;0622200000025533;ja
999996988;0622200000027791;ja
999996988;0622200000032532;ja
999996988;0622200000034402;ja
999996988;0622200000034403;ja
999996988;0622200000037928;ja
999996988;0622200000038975;ja
999996988;0622200000042757;ja
999997440;0622200000022954;ja
999997452;0622200000022955;ja
999997464;0622200000022957;ja
999997476;0622200000022969;ja
999997567;0622200000022955;ja
999997580;0622200000026930;ja
999997592;0622200000026616;ja
999997609;0622200000036286;ja
999997610;0622200000022799;ja
999997622;0622200000011967;ja
999997634;0622200000026616;ja
999997646;0622200000026615;ja
999997671;0622200000026627;ja
999997683;0622200000026628;ja
999997695;0622200000026628;ja
999997701;0622200000026619;ja
999997713;0622200000026620;ja
999997725;0622200000026620;ja
999997737;0622200000026621;ja
999997749;0622200000026621;ja
999997750;0622200000016488;ja
999997750;0622200000026612;ja
999997762;0622200000026613;ja
999997774;0622200000016601;ja
999997774;0622200000026614;ja
999997798;0622200000039243;ja
999997804;0622200000042814;ja
999997816;0622200000039367;ja
999997828;0622200000039243;ja
999997865;0622200000028695;ja
999997877;0622200000028698;ja
999997889;0622200000038468;ja
999997890;0622200000038468;ja
999997907;0622200000005548;ja
999997919;0622200000005549;ja
999997920;0622200000005555;ja
999997932;0622200000005555;ja
999997944;0622200000005553;ja
999997956;0622200000005551;ja
999997968;0622200000005551;ja
999997981;0622200000005557;ja
999997993;0622200000005561;ja
999997993;0622200000023992;ja
999998006;0622200000005567;ja
999998286;0622200000005565;ja
999998298;0622200000005579;ja
999998304;0622200000005577;ja
999998316;0622200000022965;ja
999998328;0622200000022951;ja
999998328;0622200000032051;ja
999998328;0622200000032052;ja
999998328;0622200000032053;ja
999998328;0622200000032054;ja
999998328;0622200000038469;ja
999998341;0622200000022958;ja
999998353;0622200000022958;ja
999998365;0622200000022951;ja
999998365;0622200000032051;ja
999998365;0622200000032052;ja
999998365;0622200000032053;ja
999998365;0622200000032054;ja
999998365;0622200000038469;ja
999998377;0622200000022945;ja
999998389;0622200000022939;ja
999998390;0622200000022934;ja
999998390;0622200000033144;ja
999998420;0622200000022806;ja
999998432;0622200000011806;ja
999998432;0622200000011808;ja
999998432;0622200000011811;ja
999998432;0622200000011813;ja
999998432;0622200000019222;ja
999998432;0622200000019416;ja
999998432;0622200000019417;ja
999998432;0622200000024398;ja
999998432;0622200000033430;ja
999998432;0622200000033454;ja
999998432;0622200000033467;ja
999998444;0622200000005910;ja
999998444;0622200000019222;ja
999998444;0622200000020549;ja
999998444;0622200000024398;ja
999998444;0622200000030534;ja
999998444;0622200000030547;ja
999998444;0622200000030549;ja
999998444;0622200000033467;ja
999998456;0622200000024402;ja
999998468;0622200000024402;ja
999998481;0622200000024403;ja
999998493;0622200000023110;ja
999998523;0622200000023109;ja
999998547;0622200000024404;ja
999998559;0622200000017297;ja
999998559;0622200000024405;ja
999998559;0622200000042371;ja
999998560;0622200000023111;ja
999998572;0622200000017297;ja
999998572;0622200000024405;ja
999998572;0622200000042371;ja
999998584;0622200000023113;ja
999998596;0622200000023113;ja
999998602;0622200000022974;ja
999998614;0622200000022974;ja
999998626;0622200000022973;ja
999998638;0622200000022973;ja
999998651;0622200000023119;ja
999998663;0622200000023119;ja
999998675;0622200000019203;ja
999998687;0622200000019203;ja
999998699;0622200000019202;ja
999998705;0622200000019202;ja
999998717;0622200000019201;ja
999998729;0622200000036600;ja
999998742;0622200000036600;ja
999998766;0622200000036607;ja
999998778;0622200000002553;ja
999998778;0622200000023098;ja
999998778;0622200000023100;ja
999998778;0622200000029641;ja
999998778;0622200000029642;ja
999998778;0622200000038999;ja
999998791;0622200000022972;ja
999998808;0622200000036598;ja
999998821;0622200000036607;ja
999998833;0622200000036609;ja
999998857;0622200000036613;ja
999998869;0622200000036616;ja
999998870;0622200000023121;ja
999998882;0622200000023121;ja
999998894;0622200000011992;ja
999998900;0622200000011994;ja
999998912;0622200000011996;ja
999998924;0622200000011999;ja
999998936;0622200000011999;ja
999998948;0622200000004780;ja
999998948;0622200000011890;ja
999998948;0622200000011998;ja
999998948;0622200000022968;ja
999998948;0622200000023720;ja
999998948;0622200000039904;ja
999998961;0622200000004780;ja
999998961;0622200000011890;ja
999998961;0622200000011998;ja
999998961;0622200000022968;ja
999998961;0622200000023720;ja
999998961;0622200000039904;ja
999998973;0622200000006981;ja
999998985;0622200000006981;ja
999999011;0622200000026312;ja
999999023;0622200000026312;ja
999999035;0622200000026310;ja
999999047;0622200000026308;ja
999999059;0622200000026308;ja
999999060;0622200000026306;ja
999999060;0622200000045857;ja
999999072;0622200000026306;ja
999999072;0622200000045857;ja
999999084;0622200000026304;ja
999999096;0622200000026304;ja
999999102;0622200000036741;ja
999999114;0622200000011831;ja
999999126;0622200000011831;ja
999999138;0622200000026309;ja
999999151;0622200000026309;ja
999999163;0622200000026307;ja
999999175;0622200000024404;ja
999999187;0622200000029008;ja
999999199;0622200000009247;ja
999999205;0622200000009247;ja
999999217;0622200000009251;ja
999999217;0622200000028839;ja
999999229;0622200000009253;ja
999999229;0622200000009255;ja
999999230;0622200000036743;ja
999999245;0622200000036611;ja
999999266;0622200000022934;ja
999999266;0622200000033144;ja
999999278;0622200000022806;ja
999999333;0622200000036424;ja
999999345;0622200000042722;ja
999999357;0622200000005581;ja
999999369;0622200000005583;ja
999999370;0622200000005585;ja
999999382;0622200000005591;ja
999999394;0622200000005589;ja
999999400;0622200000005589;ja
999999412;0622200000005587;ja
999999424;0622200000022959;ja
999999436;0622200000022960;ja
999999448;0622200000019362;ja
999999461;0622200000019364;ja
999999473;0622200000019364;ja
999999485;0622200000011983;ja
999999497;0622200000011983;ja
999999503;0622200000011985;ja
999999515;0622200000011987;ja
999999527;0622200000011987;ja
999999539;0622200000011989;ja
999999540;0622200000011989;ja
999999552;0622200000005559;ja
999999552;0622200000011991;ja
999999552;0622200000046808;ja
999999564;0622200000005559;ja
999999564;0622200000011991;ja
999999564;0622200000046808;ja
999999576;0622200000011993;ja
999999588;0622200000011995;ja
999999606;0622200000011995;ja
999999618;0622200000011997;ja
999999631;0622200000026313;ja
999999643;0622200000026313;ja
999999655;0622200000026316;ja
999999667;0622200000026316;ja
999999679;0622200000026318;ja
999999680;0622200000026318;ja
999999692;0622200000026445;ja
999999709;0622200000026445;ja
999999710;0622200000026444;ja
999999722;0622200000005611;ja
999999722;0622200000026439;ja
999999734;0622200000019224;ja
999999746;0622200000019228;ja
999999758;0622200000019226;ja
999999771;0622200000011968;ja
999999783;0622200000011970;ja
999999783;0622200000039440;ja
999999795;0622200000011973;ja
999999801;0622200000011975;ja
999999813;0622200000011977;ja
999999825;0622200000011979;ja
999999837;0622200000011981;ja
999999849;0622200000028863;ja
999999850;0622200000028863;ja
999999862;0622200000011978;ja
999999874;0622200000011980;ja
999999886;0622200000011980;ja
999999898;0622200000011982;ja
999999904;0622200000005571;ja
999999904;0622200000009667;ja
999999904;0622200000011984;ja
999999904;0622200000035467;ja
999999916;0622200000011984;ja
999999928;0622200000011986;ja
999999941;0622200000011988;ja
999999953;0622200000011988;ja
999999965;0622200000011822;ja
999999977;0622200000011822;ja
999999989;0622200000043803;ja
999999989;0622200000043804;ja
999999990;0622200000028857;ja
